Year,region,province_city,foreign,overseas,domestic,total,is_region_total
2015,NCR (National Capital Region),0,848152,168,568755,1417075,1
2015,NCR (National Capital Region),Caloocan City,0,0,0,0,0
2015,NCR (National Capital Region),Las Piñas City,0,0,0,0,0
2015,NCR (National Capital Region),Makati City,0,0,0,0,0
2015,NCR (National Capital Region),Malabon City,0,0,0,0,0
2015,NCR (National Capital Region),Mandaluyong City,0,0,0,0,0
2015,NCR (National Capital Region),Manila,0,0,0,0,0
2015,NCR (National Capital Region),Marikina City,0,0,0,0,0
2015,NCR (National Capital Region),Muntinlupa City,0,0,0,0,0
2015,NCR (National Capital Region),Navotas City,0,0,0,0,0
2015,NCR (National Capital Region),Parañaque City,0,0,0,0,0
2015,NCR (National Capital Region),Pasay City,0,0,0,0,0
2015,NCR (National Capital Region),Pasig City,0,0,0,0,0
2015,NCR (National Capital Region),Quezon City,0,0,0,0,0
2015,NCR (National Capital Region),San Juan City,0,0,0,0,0
2015,NCR (National Capital Region),Taguig City,0,0,0,0,0
2015,NCR (National Capital Region),Valenzuela City,0,0,0,0,0
2015,NCR (National Capital Region),Pateros,0,0,0,0,0
2015,CAR (Cordillera Administrative Region),0,88808,659,1402582,1492049,1
2015,CAR (Cordillera Administrative Region),Abra,689,154,20713,21402,0
2015,CAR (Cordillera Administrative Region),Apayao,58,94,5479,5691,0
2015,CAR (Cordillera Administrative Region),Benguet,3659,158,82785,86538,0
2015,CAR (Cordillera Administrative Region),Ifugao,29516,253,39302,68976,0
2015,CAR (Cordillera Administrative Region),Kalinga,15006,0,104788,119794,0
2015,CAR (Cordillera Administrative Region),Mountain Province,8721,0,65663,74384,0
2015,CAR (Cordillera Administrative Region),Baguio City,31159,0,1083852,1115264,0
2015,Region I  (ILOCOS REGION),0,68261,3013,1553531,1624805,1
2015,Region I  (ILOCOS REGION),Region/Province/City,0,0,0,0,0
2015,Region II  (CAGAYAN VALLEY),0,202180,1959,588250,792389,1
2015,Region II  (CAGAYAN VALLEY),Batanes,508,0,25382,25890,0
2015,Region II  (CAGAYAN VALLEY),Cagayan,195857,951,241891,438699,0
2015,Region II  (CAGAYAN VALLEY),Tuguegarao City,2885,381,134283,137549,0
2015,Region II  (CAGAYAN VALLEY),Others,192972,570,107608,0,0
2015,Region II  (CAGAYAN VALLEY),Isabela,5324,1008,183500,0,0
2015,Region II  (CAGAYAN VALLEY),Cauayan City,1310,751,75211,0,0
2015,Region II  (CAGAYAN VALLEY),Ilagan City,42,4,18874,0,0
2015,Region II  (CAGAYAN VALLEY),Santiago City,1455,28,69987,0,0
2015,Region II  (CAGAYAN VALLEY),Others,2517,225,19428,0,0
2015,Region II  (CAGAYAN VALLEY),Nueva Vizcaya,491,0,131682,0,0
2015,Region II  (CAGAYAN VALLEY),Quirino,0,0,5795,0,0
2015,Region III  (CENTRAL LUZON),0,782499,31027,2782571,3596097,1
2015,Region III  (CENTRAL LUZON),Aurora,255,0,154271,154526,0
2015,Region III  (CENTRAL LUZON),Bataan,23233,0,221070,244303,0
2015,Region III  (CENTRAL LUZON),Bulacan,701,0,80553,81254,0
2015,Region III  (CENTRAL LUZON),Nueva Ecija,18,31027,25969,25987,0
2015,Region III  (CENTRAL LUZON),Pampanga,489321,31027,512659,1001980,0
2015,Region III  (CENTRAL LUZON),Clark,489321,0,512659,1001980,0
2015,Region III  (CENTRAL LUZON),Tarlac City,952,0,46744,47696,0
2015,Region III  (CENTRAL LUZON),Zambales,37153,0,1395300,1463480,0
2015,Region III  (CENTRAL LUZON),SBMA,37153,0,1395300,1463480,0
2015,Region III  (CENTRAL LUZON),Angeles City,224481,0,188348,412829,0
2015,Region III  (CENTRAL LUZON),Olongapo City,6385,0,157657,164042,0
2015,Region III  (CENTRAL LUZON),Region IV-A  CALABARZON,426833,3004,3888788,4318625,1
2015,Region III  (CENTRAL LUZON),Region/Province/City,0,0,0,0,0
2015,Region III  (CENTRAL LUZON),Region/Province/City,0,0,0,0,0
2015,Region III  (CENTRAL LUZON),Region IV-B MIMAROPA,377926,4569,1040085,1422580,0
2015,Region III  (CENTRAL LUZON),Marinduque,6233,0,20408,20408,0
2015,Region III  (CENTRAL LUZON),Boac,6,0,20408,20408,0
2015,Region III  (CENTRAL LUZON),Occidental Mindoro,175,78,169677,175910,0
2015,Region III  (CENTRAL LUZON),Abra de Ilog,321,28,3402,3402,0
2015,Region III  (CENTRAL LUZON),Calintaan,5731,50,282,288,0
2015,Region III  (CENTRAL LUZON),Looc,0,0,32539,32714,0
2015,Region III  (CENTRAL LUZON),Lubang,29787,0,15605,15926,0
2015,Region III  (CENTRAL LUZON),Mamburao,22,4491,22343,28074,0
2015,Region III  (CENTRAL LUZON),Sablayan,399,0,95011,95011,0
2015,Region III  (CENTRAL LUZON),San Jose,6042,0,495,495,0
2015,Region III  (CENTRAL LUZON),Santa Cruz,138,0,128835,158700,0
2015,Region III  (CENTRAL LUZON),Others,1033,0,550,572,0
2015,Region III  (CENTRAL LUZON),Oriental Mindoro,21966,0,3406,3434,0
2015,Region III  (CENTRAL LUZON),Baco,167,0,1851,1901,0
2015,Region III  (CENTRAL LUZON),Bansud,20,0,1817,2216,0
2015,Region III  (CENTRAL LUZON),Bongabong,97859,0,73821,79863,0
2015,Region III  (CENTRAL LUZON),Bulalacao,249,0,2413,2413,0
2015,Region III  (CENTRAL LUZON),Calapan City,22855,0,1639,1777,0
2015,Region III  (CENTRAL LUZON),Gloria,818,0,8734,8734,0
2015,Region III  (CENTRAL LUZON),Mansalay,191,0,3830,4863,0
2015,Region III  (CENTRAL LUZON),Naujan,57130,0,18855,40821,0
2015,Region III  (CENTRAL LUZON),Pinamalayan,83,0,6566,6733,0
2015,Region III  (CENTRAL LUZON),Pola,66,0,377,397,0
2015,Region III  (CENTRAL LUZON),Puerto Galera,12360,0,4976,4976,0
2015,Region III  (CENTRAL LUZON),Roxas,4107,0,108989,206848,0
2015,Region III  (CENTRAL LUZON),San Teodoro,3600,0,14504,14753,0
2015,Region III  (CENTRAL LUZON),Socorro,240447,0,35151,58006,0
2015,Region III  (CENTRAL LUZON),Victoria,0,0,1843,2661,0
2015,Region III  (CENTRAL LUZON),Palawan,0,0,223,414,0
2015,Region III  (CENTRAL LUZON),Araceli,0,0,49366,106496,0
2015,Region III  (CENTRAL LUZON),Busuanga,0,0,63,63,0
2015,Region III  (CENTRAL LUZON),Brookes Point,0,0,3027,3110,0
2015,Region III  (CENTRAL LUZON),Cagayancillo,0,0,762,828,0
2015,Region III  (CENTRAL LUZON),Coron,0,0,2745,15105,0
2015,Region III  (CENTRAL LUZON),Culion,0,0,1305,5412,0
2015,Region III  (CENTRAL LUZON),Cuyo,0,0,50563,58654,0
2015,Region III  (CENTRAL LUZON),El Nido,0,0,561613,0,0
2015,Region III  (CENTRAL LUZON),Linapacan,0,0,0,0,0
2015,Region III  (CENTRAL LUZON),Narra,0,0,0,802060,0
2015,Region III  (CENTRAL LUZON),Rizal,0,0,0,0,0
2015,Region III  (CENTRAL LUZON),San Vicente,0,0,0,0,0
2015,Region III  (CENTRAL LUZON),Taytay,0,0,0,0,0
2015,Region III  (CENTRAL LUZON),Romblon,0,0,0,0,0
2015,Region III  (CENTRAL LUZON),Odiongan,0,0,0,0,0
2015,Region III  (CENTRAL LUZON),San Jose,0,0,0,0,0
2015,Region III  (CENTRAL LUZON),Puerto Princesa City,0,0,0,0,0
2015,Region V  (BICOL REGION),0,845778,22104,3658125,4526007,1
2015,Region V  (BICOL REGION),Region/Province/City,0,0,0,0,0
2015,Region VI  (WESTERN VISAYAS),0,937021,50350,3644960,4632331,1
2015,Region VI  (WESTERN VISAYAS),Region/Province/City,0,0,0,0,0
2015,Region VI  (WESTERN VISAYAS),Region/Province/City,0,0,0,0,0
2015,Region VII (CENTRAL VISAYAS),0,1935906,15189,2658623,4609718,1
2015,Region VII (CENTRAL VISAYAS),Region/Province/City,0,0,0,0,0
2015,Region VII (CENTRAL VISAYAS),Region/Province/City,0,0,0,0,0
2015,Region VII (CENTRAL VISAYAS),Siquijor,27072,0,34145,61217,0
2015,Region VII (CENTRAL VISAYAS),E. Villanueva,284,6192,517,801,0
2015,Region VII (CENTRAL VISAYAS),Larena,2082,2814,4566,6648,0
2015,Region VII (CENTRAL VISAYAS),Lazi,669,160,440,1109,0
2015,Region VII (CENTRAL VISAYAS),Maria,1074,0,5958,7032,0
2015,Region VII (CENTRAL VISAYAS),San Juan,19891,0,12788,32679,0
2015,Region VII (CENTRAL VISAYAS),Siquijor,3072,0,9876,12948,0
2015,Region VII (CENTRAL VISAYAS),Cebu City,565311,0,1172059,1743562,0
2015,Region VII (CENTRAL VISAYAS),Lapu-lapu City,885309,0,293197,1181320,0
2015,Region VII (CENTRAL VISAYAS),Mandaue City,17311,0,39129,56600,0
2015,Region VIII (EASTERN VISAYAS),0,42046,2294,1008375,1052715,1
2015,Region VIII (EASTERN VISAYAS),Region/Province/City,0,0,0,0,0
2015,Region IX (ZAMBOANGA PENINSULA),0,9080,12859,608812,630751,1
2015,Region IX (ZAMBOANGA PENINSULA),Zamboanga del Norte,4835,0,212733,217568,0
2015,Region IX (ZAMBOANGA PENINSULA),Dapitan City,980,12859,36087,37067,0
2015,Region IX (ZAMBOANGA PENINSULA),Dipolog City,3855,0,176646,180501,0
2015,Region IX (ZAMBOANGA PENINSULA),Zamboanga del Sur,34,0,3993,4027,0
2015,Region IX (ZAMBOANGA PENINSULA),Pagadian City,4211,0,392086,409156,0
2015,Region IX (ZAMBOANGA PENINSULA),Zamboanga Sibugay,0,0,0,0,0
2015,Region IX (ZAMBOANGA PENINSULA),Isabela City,0,0,0,0,0
2015,Region IX (ZAMBOANGA PENINSULA),Zamboanga City,0,0,0,0,0
2015,Region X (NORTHERN MINDANAO),0,98211,6340,2596975,2701526,1
2015,Region X (NORTHERN MINDANAO),Bukidnon,41720,2441,613187,657348,0
2015,Region X (NORTHERN MINDANAO),Malaybalay City,807,2441,60850,61657,0
2015,Region X (NORTHERN MINDANAO),Valencia City,4629,0,188224,192853,0
2015,Region X (NORTHERN MINDANAO),Others,36284,0,364113,402838,0
2015,Region X (NORTHERN MINDANAO),Camiguin,12060,3891,589013,601073,0
2015,Region X (NORTHERN MINDANAO),Lanao del Norte,351,8,30310,30661,0
2015,Region X (NORTHERN MINDANAO),Misamis Occidental,7476,0,550392,557868,0
2015,Region X (NORTHERN MINDANAO),Ozamis City,5542,0,324719,330261,0
2015,Region X (NORTHERN MINDANAO),Tangub City,47,0,9260,9307,0
2015,Region X (NORTHERN MINDANAO),Oroquieta City,832,0,59075,59907,0
2015,Region X (NORTHERN MINDANAO),Others,1055,0,157338,158393,0
2015,Region X (NORTHERN MINDANAO),Misamis Oriental,279,0,43343,43622,0
2015,Region X (NORTHERN MINDANAO),Gingoog City,279,0,39388,39667,0
2015,Region X (NORTHERN MINDANAO),Others,34921,0,3955,3955,0
2015,Region X (NORTHERN MINDANAO),Cagayan de Oro City,1404,0,601280,640092,0
2015,Region X (NORTHERN MINDANAO),Iligan City,0,0,169450,170862,0
2015,Region XI  (DAVAO REGION),0,174165,14699,2649625,2838489,1
2015,Region XI  (DAVAO REGION),Compostela Valley,158,14699,206490,206648,0
2015,Region XI  (DAVAO REGION),Davao del Norte,40878,0,651267,692145,0
2015,Region XI  (DAVAO REGION),Asuncion,433,0,9401,9834,0
2015,Region XI  (DAVAO REGION),Island Garden City of Samal,4074,0,195779,199853,0
2015,Region XI  (DAVAO REGION),Kapalong,128622,0,1586688,1730009,0
2015,Region XI  (DAVAO REGION),New Corella,0,0,0,0,0
2015,Region XI  (DAVAO REGION),Panabo City,0,0,0,0,0
2015,Region XI  (DAVAO REGION),Tagum City,0,0,0,0,0
2015,Region XI  (DAVAO REGION),Others,0,0,0,0,0
2015,Region XI  (DAVAO REGION),Davao del Sur,0,0,0,0,0
2015,Region XI  (DAVAO REGION),Davao Oriental,0,0,0,0,0
2015,Region XI  (DAVAO REGION),Davao City,0,0,0,0,0
2015,Region XII  (SOCCSSARGEN),0,34720,0,904641,939361,1
2015,Region XII  (SOCCSSARGEN),Region/Province/City,0,0,0,0,0
2015,Region XIII (CARAGA),0,49513,2816,1195183,1247512,1
2015,Region XIII (CARAGA),Agusan del Norte,516,0,57883,58399,0
2015,Region XIII (CARAGA),Cabadbaran City,167,0,14117,14284,0
2015,Region XIII (CARAGA),Others,349,0,43766,44115,0
2015,Region XIII (CARAGA),Agusan del Sur,362,0,155420,155782,0
2015,Region XIII (CARAGA),Dinagat Islands,729,0,65028,65757,0
2015,Region XIII (CARAGA),Surigao del Norte,38509,343,579961,618813,0
2015,Region XIII (CARAGA),Surigao City,15377,343,457143,472863,0
2015,Region XIII (CARAGA),Others,23132,0,122818,145950,0
2015,Region XIII (CARAGA),Surigao del Sur,1618,0,179541,181159,0
2015,Region XIII (CARAGA),Bislig City,827,0,41359,42186,0
2015,Region XIII (CARAGA),Tandag City,291,0,65173,65464,0
2015,Region XIII (CARAGA),Others,500,0,73009,73509,0
2015,Region XIII (CARAGA),Butuan City,7779,2473,157350,167602,0
2016,NCR (National Capital Region),NCR (National Capital Region),245138,0,249545,494683,1
2016,NCR (National Capital Region),Caloocan City,0,0,0,0,0
2016,NCR (National Capital Region),Las Piñas City,0,0,0,0,0
2016,NCR (National Capital Region),Makati City,0,0,0,0,0
2016,NCR (National Capital Region),Malabon City,0,0,0,0,0
2016,NCR (National Capital Region),Mandaluyong City,0,0,0,0,0
2016,NCR (National Capital Region),Manila,0,0,0,0,0
2016,NCR (National Capital Region),Marikina City,0,0,0,0,0
2016,NCR (National Capital Region),Muntinlupa City,0,0,0,0,0
2016,NCR (National Capital Region),Navotas City,0,0,0,0,0
2016,NCR (National Capital Region),Parañaque City,0,0,0,0,0
2016,NCR (National Capital Region),Pasay City,0,0,0,0,0
2016,NCR (National Capital Region),Pasig City,0,0,0,0,0
2016,NCR (National Capital Region),Quezon City,0,0,0,0,0
2016,NCR (National Capital Region),San Juan City,0,0,0,0,0
2016,NCR (National Capital Region),Taguig City,0,0,0,0,0
2016,NCR (National Capital Region),Valenzuela City,0,0,0,0,0
2016,NCR (National Capital Region),Pateros,0,0,0,0,0
2016,CAR (Cordillera Administrative Region),CAR (Cordillera Administrative Region),117241,923,1670484,1788648,1
2016,CAR (Cordillera Administrative Region),Abra,344,0,7913,8257,0
2016,CAR (Cordillera Administrative Region),Apayao,23,101,3843,3967,0
2016,CAR (Cordillera Administrative Region),Benguet,4080,415,86884,91379,0
2016,CAR (Cordillera Administrative Region),Ifugao,28312,0,36043,64355,0
2016,CAR (Cordillera Administrative Region),Kalinga,20652,0,147290,167942,0
2016,CAR (Cordillera Administrative Region),Mountain Province,13052,0,144790,157842,0
2016,CAR (Cordillera Administrative Region),Baguio City,50778,407,1243721,1294906,0
2016,Region I (ILOCOS REGION),Region I (ILOCOS REGION),99147,362,1991321,2090830,1
2016,Region I (ILOCOS REGION),Ilocos Norte,61556,15,493605,555176,0
2016,Region I (ILOCOS REGION),Bangui,94,0,870,964,0
2016,Region I (ILOCOS REGION),Batac,0,0,0,0,0
2016,Region I (ILOCOS REGION),Currimao,1069,0,34068,35137,0
2016,Region I (ILOCOS REGION),Laoag City,30913,15,194023,224951,0
2016,Region I (ILOCOS REGION),Pagudpud,26958,0,240628,267586,0
2016,Region I (ILOCOS REGION),Paoay,1206,0,646,1852,0
2016,Region I (ILOCOS REGION),Pasuquin,0,0,0,0,0
2016,Region I (ILOCOS REGION),San Nicolas,1316,0,23370,24686,0
2016,Region I (ILOCOS REGION),Ilocos Sur,8044,0,274112,282156,0
2016,Region I (ILOCOS REGION),Candon City,329,0,19568,19897,0
2016,Region I (ILOCOS REGION),Sinait,0,0,0,0,0
2016,Region I (ILOCOS REGION),Vigan City,7715,0,254544,262259,0
2016,Region I (ILOCOS REGION),La Union,11597,347,459603,471547,0
2016,Region I (ILOCOS REGION),Agoo,0,0,40189,40189,0
2016,Region I (ILOCOS REGION),Aringay,114,0,4762,4876,0
2016,Region I (ILOCOS REGION),Bacnotan,0,0,5225,5225,0
2016,Region I (ILOCOS REGION),Baloaon,15,17,7522,7554,0
2016,Region I (ILOCOS REGION),Bauang,3541,0,57799,61340,0
2016,Region I (ILOCOS REGION),Caba,0,0,0,0,0
2016,Region I (ILOCOS REGION),Luna,0,0,0,0,0
2016,Region I (ILOCOS REGION),Naguilian,0,0,0,0,0
2016,Region I (ILOCOS REGION),Pugo,0,0,0,0,0
2016,Region I (ILOCOS REGION),Rosario,0,0,3295,3295,0
2016,Region I (ILOCOS REGION),San Fernando City,5758,330,83252,89340,0
2016,Region I (ILOCOS REGION),San Juan,1806,0,254206,256012,0
2016,Region I (ILOCOS REGION),Santol,0,0,0,0,0
2016,Region I (ILOCOS REGION),Sto. Tomas,72,0,285,357,0
2016,Region I (ILOCOS REGION),Sudipen,291,0,3068,3359,0
2016,Region I (ILOCOS REGION),Tubao,0,0,0,0,0
2016,Region I (ILOCOS REGION),Pangasinan,17950,0,764001,781951,0
2016,Region I (ILOCOS REGION),Alaminos,2838,0,27461,30299,0
2016,Region I (ILOCOS REGION),Anda,743,0,21250,21993,0
2016,Region I (ILOCOS REGION),Bolinao,3012,0,127899,130911,0
2016,Region I (ILOCOS REGION),Dagupan City,1857,0,78286,80143,0
2016,Region I (ILOCOS REGION),Dasol,0,0,0,0,0
2016,Region I (ILOCOS REGION),Lingayen,7621,0,396124,403745,0
2016,Region I (ILOCOS REGION),San Fabian,562,0,75068,75630,0
2016,Region I (ILOCOS REGION),Urdaneta City,1317,0,37913,39230,0
2016,Region II (CAGAYAN VALLEY),Region II (CAGAYAN VALLEY),263048,343,563450,826841,1
2016,Region II (CAGAYAN VALLEY),Batanes,1226,0,26168,27394,0
2016,Region II (CAGAYAN VALLEY),Cagayan,256279,221,199445,455945,0
2016,Region II (CAGAYAN VALLEY),Tuguegarao City,3491,118,106737,110346,0
2016,Region II (CAGAYAN VALLEY),Others,252788,103,92708,345599,0
2016,Region II (CAGAYAN VALLEY),Isabela,4374,60,229215,233649,0
2016,Region II (CAGAYAN VALLEY),Cauayan City,658,0,95325,95983,0
2016,Region II (CAGAYAN VALLEY),Ilagan City,462,40,21824,22326,0
2016,Region II (CAGAYAN VALLEY),Santiago City,1444,20,78518,79982,0
2016,Region II (CAGAYAN VALLEY),Others,1810,0,33548,35358,0
2016,Region II (CAGAYAN VALLEY),Nueva Vizcaya,1169,62,100995,102226,0
2016,Region II (CAGAYAN VALLEY),Quirino,0,0,7627,7627,0
2016,Region II (CAGAYAN VALLEY),Partial,0,0,0,0,0
2016,Region III (CENTRAL LUZON),Region III (CENTRAL LUZON),821425,17811,3311350,4150586,1
2016,Region III (CENTRAL LUZON),Aurora,274,69,147087,147430,0
2016,Region III (CENTRAL LUZON),Bataan,37845,0,295064,332909,0
2016,Region III (CENTRAL LUZON),Bulacan,12016,0,101062,113078,0
2016,Region III (CENTRAL LUZON),Nueva Ecija,6949,962,31565,39476,0
2016,Region III (CENTRAL LUZON),Pampanga,95124,541,280177,375842,0
2016,Region III (CENTRAL LUZON),Clark,615521,0,622042,1237563,0
2016,Region III (CENTRAL LUZON),Tarlac City,7876,3221,21688,32785,0
2016,Region III (CENTRAL LUZON),Zambales,16031,0,189453,205484,0
2016,Region III (CENTRAL LUZON),SBMA,29789,13018,1623212,1666019,0
2016,Region III (CENTRAL LUZON),Angeles City,0,0,0,0,0
2016,Region III (CENTRAL LUZON),Olongapo City,0,0,0,0,0
2016,Region IV-A CALABARZON,Region IV-A CALABARZON,257160,2029,4835870,5095059,1
2016,Region IV-A CALABARZON,Batangas,60735,1842,1213521,1276098,0
2016,Region IV-A CALABARZON,Alitagtag,0,0,1798,1798,0
2016,Region IV-A CALABARZON,Balayan,13161,0,88225,101386,0
2016,Region IV-A CALABARZON,Batangas City,0,0,51321,51321,0
2016,Region IV-A CALABARZON,Balete,0,0,2077,2077,0
2016,Region IV-A CALABARZON,Bauan,0,0,205,205,0
2016,Region IV-A CALABARZON,Calatagan,1,0,21626,21627,0
2016,Region IV-A CALABARZON,Cuenca,0,0,18399,18399,0
2016,Region IV-A CALABARZON,Laurel,0,0,382,382,0
2016,Region IV-A CALABARZON,Lemery,0,0,0,0,0
2016,Region IV-A CALABARZON,Lian,0,0,37754,37754,0
2016,Region IV-A CALABARZON,Lipa City,13852,0,63017,76869,0
2016,Region IV-A CALABARZON,Lobo,0,0,19354,19354,0
2016,Region IV-A CALABARZON,Mabini,5670,1193,119072,125935,0
2016,Region IV-A CALABARZON,Malvar,1723,0,15816,17539,0
2016,Region IV-A CALABARZON,Mataas na Kahoy,0,0,37839,37839,0
2016,Region IV-A CALABARZON,Nasugbu,10803,2,294938,305743,0
2016,Region IV-A CALABARZON,Rosario,201,647,1584,2432,0
2016,Region IV-A CALABARZON,San Juan,2499,0,369980,372479,0
2016,Region IV-A CALABARZON,Santo Tomas,12678,0,51781,64459,0
2016,Region IV-A CALABARZON,Taal,147,0,247,394,0
2016,Region IV-A CALABARZON,Talisay,0,0,18106,18106,0
2016,Region IV-A CALABARZON,Tanauan,0,0,0,0,0
2016,Region IV-A CALABARZON,Cavite,90160,0,684940,775100,0
2016,Region IV-A CALABARZON,Cavite City,0,0,0,0,0
2016,Region IV-A CALABARZON,Tagaytay City,73470,0,661275,734745,0
2016,Region IV-A CALABARZON,Trece Martirez,16690,0,23665,40355,0
2016,Region IV-A CALABARZON,Laguna,96705,73,1209243,1306021,0
2016,Region IV-A CALABARZON,Calamba City,60651,0,961980,1022631,0
2016,Region IV-A CALABARZON,Cavinti,0,0,1864,1864,0
2016,Region IV-A CALABARZON,Los Bañ0s,1330,0,57065,58395,0
2016,Region IV-A CALABARZON,Lumban,909,0,97896,98805,0
2016,Region IV-A CALABARZON,Majayjay,0,0,4281,4281,0
2016,Region IV-A CALABARZON,Nagcarlan,144,73,4796,5013,0
2016,Region IV-A CALABARZON,Rizal,0,0,0,0,0
2016,Region IV-A CALABARZON,San Pablo,240,0,3015,3255,0
2016,Region IV-A CALABARZON,Sta. Rosa City,33334,0,49118,82452,0
2016,Region IV-A CALABARZON,Victoria,97,0,29228,29325,0
2016,Region IV-A CALABARZON,Quezon,7209,114,808541,815864,0
2016,Region IV-A CALABARZON,Agdangan,0,0,0,0,0
2016,Region IV-A CALABARZON,Alamat,2,0,1847,1849,0
2016,Region IV-A CALABARZON,Atimonan,0,0,73508,73508,0
2016,Region IV-A CALABARZON,Buenavista,10,0,612,622,0
2016,Region IV-A CALABARZON,Burdeos,0,0,0,0,0
2016,Region IV-A CALABARZON,Calauag,0,0,2227,2227,0
2016,Region IV-A CALABARZON,Catanauan,553,0,11241,11794,0
2016,Region IV-A CALABARZON,Candelaria,35,22,442,499,0
2016,Region IV-A CALABARZON,Dolores,0,0,4549,4549,0
2016,Region IV-A CALABARZON,Gen Luna,0,0,1129,1129,0
2016,Region IV-A CALABARZON,Gen. Nakar,0,0,35202,35202,0
2016,Region IV-A CALABARZON,Guinayangan,0,0,2311,2311,0
2016,Region IV-A CALABARZON,Gumaca,62,0,32543,32605,0
2016,Region IV-A CALABARZON,Infanta,0,0,1079,1079,0
2016,Region IV-A CALABARZON,Jomalig,2,0,1117,1119,0
2016,Region IV-A CALABARZON,Lucban,1800,1,81584,83385,0
2016,Region IV-A CALABARZON,Lucena City,0,0,0,0,0
2016,Region IV-A CALABARZON,Macelolon,0,0,7532,7532,0
2016,Region IV-A CALABARZON,Mauban,492,0,99580,100072,0
2016,Region IV-A CALABARZON,Padre Burgos,22,0,2183,2205,0
2016,Region IV-A CALABARZON,Pagbilao,0,0,0,0,0
2016,Region IV-A CALABARZON,Panukulan,0,0,178,178,0
2016,Region IV-A CALABARZON,Plaridel,0,0,833,833,0
2016,Region IV-A CALABARZON,Perez,0,0,23614,23614,0
2016,Region IV-A CALABARZON,Polillo,0,0,1631,1631,0
2016,Region IV-A CALABARZON,Quezon,2,0,455,457,0
2016,Region IV-A CALABARZON,Real,0,0,63441,63441,0
2016,Region IV-A CALABARZON,Sampaloc,0,0,38873,38873,0
2016,Region IV-A CALABARZON,San Antonio,0,0,4035,4035,0
2016,Region IV-A CALABARZON,San Francisco,0,0,0,0,0
2016,Region IV-A CALABARZON,Sariaya,0,0,113633,113633,0
2016,Region IV-A CALABARZON,Tagkawayan,0,0,12395,12395,0
2016,Region IV-A CALABARZON,Tayabas,164,0,169304,169468,0
2016,Region IV-A CALABARZON,Tiaong,4065,91,21463,25619,0
2016,Region IV-A CALABARZON,Partial,0,0,0,0,0
2016,Region IV-A CALABARZON,Rizal,2351,0,919625,921976,0
2016,Region IV-A CALABARZON,Antipolo City,1950,0,138684,140634,0
2016,Region IV-A CALABARZON,Angono,0,0,0,0,0
2016,Region IV-A CALABARZON,Baras,0,0,0,0,0
2016,Region IV-A CALABARZON,Binangonan,0,0,0,0,0
2016,Region IV-A CALABARZON,Cainta,0,0,0,0,0
2016,Region IV-A CALABARZON,Cordona,0,0,0,0,0
2016,Region IV-A CALABARZON,Jalajala,0,0,0,0,0
2016,Region IV-A CALABARZON,Morong,178,0,102428,102606,0
2016,Region IV-A CALABARZON,Pililia,0,0,0,0,0
2016,Region IV-A CALABARZON,Rodriguez,16,0,322144,322160,0
2016,Region IV-A CALABARZON,San Mateo,0,0,0,0,0
2016,Region IV-A CALABARZON,Tanay,207,0,324107,324314,0
2016,Region IV-A CALABARZON,Taytay,0,0,32262,32262,0
2016,Region IV-A CALABARZON,Teresa,0,0,0,0,0
2016,Region IV-B MIMAROPA,Region IV-B MIMAROPA,416390,4517,1108030,1528937,1
2016,Region IV-B MIMAROPA,Marinduque,82,0,33338,33420,0
2016,Region IV-B MIMAROPA,Boac,80,0,22125,22205,0
2016,Region IV-B MIMAROPA,Buenavista,2,0,3263,3265,0
2016,Region IV-B MIMAROPA,Gasan,0,0,1157,1157,0
2016,Region IV-B MIMAROPA,Mogpog,0,0,1809,1809,0
2016,Region IV-B MIMAROPA,Sta. Cruz,0,0,4704,4704,0
2016,Region IV-B MIMAROPA,Torrijos,0,0,280,280,0
2016,Region IV-B MIMAROPA,Occidental Mindoro,4347,2,185499,189848,0
2016,Region IV-B MIMAROPA,Abra de Ilog,0,0,0,0,0
2016,Region IV-B MIMAROPA,Calintaan,0,0,9076,9076,0
2016,Region IV-B MIMAROPA,Looc,0,0,0,0,0
2016,Region IV-B MIMAROPA,Lubang,178,0,45514,45692,0
2016,Region IV-B MIMAROPA,Magsaysay,17,0,4105,4122,0
2016,Region IV-B MIMAROPA,Mamburao,422,0,35506,35928,0
2016,Region IV-B MIMAROPA,Paluan,0,0,102,102,0
2016,Region IV-B MIMAROPA,Rizal,0,0,0,0,0
2016,Region IV-B MIMAROPA,Sablayan,3260,0,13390,16650,0
2016,Region IV-B MIMAROPA,San Jose,470,2,75534,76006,0
2016,Region IV-B MIMAROPA,Santa Cruz,0,0,2272,2272,0
2016,Region IV-B MIMAROPA,Others,0,0,0,0,0
2016,Region IV-B MIMAROPA,Oriental Mindoro,22425,137,119005,141567,0
2016,Region IV-B MIMAROPA,Baco,830,0,0,830,0
2016,Region IV-B MIMAROPA,Bansud,28,64,1069,1161,0
2016,Region IV-B MIMAROPA,Bongabong,1666,0,2403,4069,0
2016,Region IV-B MIMAROPA,Bulalacao,99,0,3715,3814,0
2016,Region IV-B MIMAROPA,Calapan City,8120,0,73754,81874,0
2016,Region IV-B MIMAROPA,Gloria,7293,0,310,7603,0
2016,Region IV-B MIMAROPA,Mansalay,89,0,2912,3001,0
2016,Region IV-B MIMAROPA,Naujan,0,0,13155,13155,0
2016,Region IV-B MIMAROPA,Pinamalayan,155,0,3921,4076,0
2016,Region IV-B MIMAROPA,Pola,24,0,410,434,0
2016,Region IV-B MIMAROPA,Puerto Galera,1994,0,1453,3447,0
2016,Region IV-B MIMAROPA,Roxas,215,73,6953,7241,0
2016,Region IV-B MIMAROPA,San Teodoro,184,0,2886,3070,0
2016,Region IV-B MIMAROPA,Socorro,1583,0,0,1583,0
2016,Region IV-B MIMAROPA,Victoria,145,0,6064,6209,0
2016,Region IV-B MIMAROPA,Palawan,101498,260,146367,248125,0
2016,Region IV-B MIMAROPA,Aborlan,377,0,453,830,0
2016,Region IV-B MIMAROPA,Araceli,0,0,791,791,0
2016,Region IV-B MIMAROPA,Bataraza,0,0,11877,11877,0
2016,Region IV-B MIMAROPA,Busuanga,3314,0,1356,4670,0
2016,Region IV-B MIMAROPA,Brookes Point,182,0,16441,16623,0
2016,Region IV-B MIMAROPA,Cagayancillo,0,0,0,0,0
2016,Region IV-B MIMAROPA,Coron,31584,260,50389,82233,0
2016,Region IV-B MIMAROPA,Cuyo,256,0,287,543,0
2016,Region IV-B MIMAROPA,Culion,752,0,1733,2485,0
2016,Region IV-B MIMAROPA,El Nido,38679,0,27809,66488,0
2016,Region IV-B MIMAROPA,Linapacan,1504,0,600,2104,0
2016,Region IV-B MIMAROPA,Narra,0,0,0,0,0
2016,Region IV-B MIMAROPA,Quezon,262,0,7890,8152,0
2016,Region IV-B MIMAROPA,Rizal,12,0,1564,1576,0
2016,Region IV-B MIMAROPA,Roxas,329,0,12521,12850,0
2016,Region IV-B MIMAROPA,San Vicente,18071,0,2954,21025,0
2016,Region IV-B MIMAROPA,Taytay,6176,0,9702,15878,0
2016,Region IV-B MIMAROPA,Romblon,3452,4118,51702,59272,0
2016,Region IV-B MIMAROPA,Alcantara,142,0,952,1094,0
2016,Region IV-B MIMAROPA,Ferrol,187,0,0,187,0
2016,Region IV-B MIMAROPA,Odiongan,282,0,12353,12635,0
2016,Region IV-B MIMAROPA,Romblon,2582,4118,35753,42453,0
2016,Region IV-B MIMAROPA,San Agustin,0,0,170,170,0
2016,Region IV-B MIMAROPA,San Jose,252,0,967,1219,0
2016,Region IV-B MIMAROPA,Santa Maria,7,0,1507,1514,0
2016,Region IV-B MIMAROPA,Puerto Princesa City,284586,0,572119,856705,0
2016,Region V (BICOL REGION),Region V (BICOL REGION),1026104,16458,4366780,5409342,1
2016,Region V (BICOL REGION),Albay,439169,0,1376881,1816050,0
2016,Region V (BICOL REGION),Legazpi City,426449,0,773001,1199450,0
2016,Region V (BICOL REGION),Others,12720,0,603880,616600,0
2016,Region V (BICOL REGION),Camarines Norte,40837,16458,355561,412856,0
2016,Region V (BICOL REGION),Daet,0,0,0,0,0
2016,Region V (BICOL REGION),Others,40837,16458,355561,412856,0
2016,Region V (BICOL REGION),Partial,0,0,0,0,0
2016,Region V (BICOL REGION),Camarines Sur,495978,0,1915148,2411126,0
2016,Region V (BICOL REGION),Iriga City,18819,0,27779,46598,0
2016,Region V (BICOL REGION),Naga City,243856,0,967745,1211601,0
2016,Region V (BICOL REGION),Others,233303,0,919624,1152927,0
2016,Region V (BICOL REGION),Catanduanes,6672,0,193325,199997,0
2016,Region V (BICOL REGION),Masbate Province,4479,0,65715,70194,0
2016,Region V (BICOL REGION),Masbate City,8288,0,204219,212507,0
2016,Region V (BICOL REGION),Sorsogon Province,10212,0,129516,139728,0
2016,Region V (BICOL REGION),Sorsogon City,20469,0,126415,146884,0
2016,Region VI (WESTERN VISAYAS),Region VI (WESTERN VISAYAS),1032133,47666,4113835,5193634,1
2016,Region VI (WESTERN VISAYAS),Aklan,878801,43449,1018473,1940723,0
2016,Region VI (WESTERN VISAYAS),Boracay,868765,43416,813302,1725483,0
2016,Region VI (WESTERN VISAYAS),Bumanga,0,0,0,0,0
2016,Region VI (WESTERN VISAYAS),Kalibo,9689,16,196332,206037,0
2016,Region VI (WESTERN VISAYAS),New Washington,347,17,8839,9203,0
2016,Region VI (WESTERN VISAYAS),Numancia,0,0,0,0,0
2016,Region VI (WESTERN VISAYAS),Tangalan,0,0,0,0,0
2016,Region VI (WESTERN VISAYAS),Antique,6722,0,56891,63613,0
2016,Region VI (WESTERN VISAYAS),Anini-y,122,0,9565,9687,0
2016,Region VI (WESTERN VISAYAS),Belison,20,0,50,70,0
2016,Region VI (WESTERN VISAYAS),Culasi,2823,0,31265,34088,0
2016,Region VI (WESTERN VISAYAS),Libertad,6,0,5,11,0
2016,Region VI (WESTERN VISAYAS),Pandan,3656,0,7202,10858,0
2016,Region VI (WESTERN VISAYAS),Patnogon,3,0,0,3,0
2016,Region VI (WESTERN VISAYAS),Sebaste,3,0,77,80,0
2016,Region VI (WESTERN VISAYAS),San Jose,36,0,312,348,0
2016,Region VI (WESTERN VISAYAS),Sibalom,43,0,2965,3008,0
2016,Region VI (WESTERN VISAYAS),Tobias Fornier,10,0,5416,5426,0
2016,Region VI (WESTERN VISAYAS),Valderrama,0,0,34,34,0
2016,Region VI (WESTERN VISAYAS),Capiz,3374,2818,184084,190276,0
2016,Region VI (WESTERN VISAYAS),Cuartero,24,0,2877,2901,0
2016,Region VI (WESTERN VISAYAS),Dao,12,13,1429,1454,0
2016,Region VI (WESTERN VISAYAS),Dumalag,34,20,2391,2445,0
2016,Region VI (WESTERN VISAYAS),Dumarao,2,0,270,272,0
2016,Region VI (WESTERN VISAYAS),Ivisan,10,21,3762,3793,0
2016,Region VI (WESTERN VISAYAS),Jamindan,0,0,1956,1956,0
2016,Region VI (WESTERN VISAYAS),Maayon,83,0,553,636,0
2016,Region VI (WESTERN VISAYAS),Mambusao,0,0,1492,1492,0
2016,Region VI (WESTERN VISAYAS),Panay,0,0,1055,1055,0
2016,Region VI (WESTERN VISAYAS),Panitan,0,0,1496,1496,0
2016,Region VI (WESTERN VISAYAS),Capiz,0,0,0,0,0
2016,Region VI (WESTERN VISAYAS),Pilar,21,0,1386,1407,0
2016,Region VI (WESTERN VISAYAS),Pontevedra,39,75,13492,13606,0
2016,Region VI (WESTERN VISAYAS),Pres. Roxas,0,0,4221,4221,0
2016,Region VI (WESTERN VISAYAS),Roxas City,2997,2648,144300,149945,0
2016,Region VI (WESTERN VISAYAS),Sapian,99,23,518,640,0
2016,Region VI (WESTERN VISAYAS),Sigma,13,18,2591,2622,0
2016,Region VI (WESTERN VISAYAS),Tapaz,40,0,295,335,0
2016,Region VI (WESTERN VISAYAS),Guimaras,3471,0,103743,107214,0
2016,Region VI (WESTERN VISAYAS),Buenavista,36,0,2094,2130,0
2016,Region VI (WESTERN VISAYAS),Jordan,218,0,9272,9490,0
2016,Region VI (WESTERN VISAYAS),Nueva Valencia,2652,0,79991,82643,0
2016,Region VI (WESTERN VISAYAS),San Lorenzo,245,0,9382,9627,0
2016,Region VI (WESTERN VISAYAS),Sibunag,320,0,3004,3324,0
2016,Region VI (WESTERN VISAYAS),Others,0,0,0,0,0
2016,Region VI (WESTERN VISAYAS),Iloilo Province,4212,13,248098,252323,0
2016,Region VI (WESTERN VISAYAS),Ajuy,105,12,3268,3385,0
2016,Region VI (WESTERN VISAYAS),Alimodian,9,0,2608,2617,0
2016,Region VI (WESTERN VISAYAS),Badiangan,37,0,4132,4169,0
2016,Region VI (WESTERN VISAYAS),Balasan,0,0,1242,1242,0
2016,Region VI (WESTERN VISAYAS),Banate,8,0,14561,14569,0
2016,Region VI (WESTERN VISAYAS),Barotac Nuevo,15,0,617,632,0
2016,Region VI (WESTERN VISAYAS),Barotac Viejo,28,0,1168,1196,0
2016,Region VI (WESTERN VISAYAS),Cabatuan,20,0,3979,3999,0
2016,Region VI (WESTERN VISAYAS),Calinog,0,0,4776,4776,0
2016,Region VI (WESTERN VISAYAS),Carles,1090,0,35155,36245,0
2016,Region VI (WESTERN VISAYAS),Concepcion,70,0,6297,6367,0
2016,Region VI (WESTERN VISAYAS),Dingle,0,0,0,0,0
2016,Region VI (WESTERN VISAYAS),Duenas,68,0,2018,2086,0
2016,Region VI (WESTERN VISAYAS),Dumangas,0,0,48,48,0
2016,Region VI (WESTERN VISAYAS),Estancia,854,0,31656,32510,0
2016,Region VI (WESTERN VISAYAS),Guimbal,61,0,31880,31941,0
2016,Region VI (WESTERN VISAYAS),Igbaras,26,0,1533,1559,0
2016,Region VI (WESTERN VISAYAS),Januiay,0,0,8364,8364,0
2016,Region VI (WESTERN VISAYAS),Lambunao,0,0,707,707,0
2016,Region VI (WESTERN VISAYAS),Leganes,25,0,9436,9461,0
2016,Region VI (WESTERN VISAYAS),Lemery,0,0,286,286,0
2016,Region VI (WESTERN VISAYAS),Leon,49,0,6434,6483,0
2016,Region VI (WESTERN VISAYAS),Maasin,2,0,11103,11105,0
2016,Region VI (WESTERN VISAYAS),Milagao,72,0,2417,2489,0
2016,Region VI (WESTERN VISAYAS),Partial,0,0,0,0,0
2016,Region VI (WESTERN VISAYAS),Iloilo Province,0,0,0,0,0
2016,Region VI (WESTERN VISAYAS),New Lucena,28,0,4960,4988,0
2016,Region VI (WESTERN VISAYAS),Oton,342,0,8452,8794,0
2016,Region VI (WESTERN VISAYAS),Passi,74,0,3079,3153,0
2016,Region VI (WESTERN VISAYAS),Pavia,14,0,1471,1485,0
2016,Region VI (WESTERN VISAYAS),Pototan,198,0,5670,5868,0
2016,Region VI (WESTERN VISAYAS),San Dionisio,104,0,3764,3868,0
2016,Region VI (WESTERN VISAYAS),San Joaquin,133,0,15939,16072,0
2016,Region VI (WESTERN VISAYAS),San Miguel,0,0,6299,6299,0
2016,Region VI (WESTERN VISAYAS),Sara,246,0,1454,1700,0
2016,Region VI (WESTERN VISAYAS),Sta. Barbara,215,0,3103,3318,0
2016,Region VI (WESTERN VISAYAS),Tigbauan,302,0,8233,8535,0
2016,Region VI (WESTERN VISAYAS),Tubungan,11,1,558,570,0
2016,Region VI (WESTERN VISAYAS),Zarraga,6,0,1431,1437,0
2016,Region VI (WESTERN VISAYAS),Negros Occidental,35359,401,809578,845338,0
2016,Region VI (WESTERN VISAYAS),Bago,1598,22,50186,51806,0
2016,Region VI (WESTERN VISAYAS),Binalbagan,55,0,4435,4490,0
2016,Region VI (WESTERN VISAYAS),Cadiz,320,0,23026,23346,0
2016,Region VI (WESTERN VISAYAS),Calatrava,32,0,2832,2864,0
2016,Region VI (WESTERN VISAYAS),Candoni,0,0,0,0,0
2016,Region VI (WESTERN VISAYAS),Cauayan,0,0,19762,19762,0
2016,Region VI (WESTERN VISAYAS),DS Benedicto,0,0,0,0,0
2016,Region VI (WESTERN VISAYAS),Escalante,210,0,10022,10232,0
2016,Region VI (WESTERN VISAYAS),Hinigaran,148,0,6192,6340,0
2016,Region VI (WESTERN VISAYAS),Hinobaan,572,358,8113,9043,0
2016,Region VI (WESTERN VISAYAS),Kabankalan,0,21,61127,61148,0
2016,Region VI (WESTERN VISAYAS),La Carlota,1383,0,10875,12258,0
2016,Region VI (WESTERN VISAYAS),Las Castellana,82,0,1283,1365,0
2016,Region VI (WESTERN VISAYAS),Mambukal,71,0,0,71,0
2016,Region VI (WESTERN VISAYAS),Manapla,0,0,242,242,0
2016,Region VI (WESTERN VISAYAS),Moises,63,0,33011,33074,0
2016,Region VI (WESTERN VISAYAS),Murcia,2511,0,406122,408633,0
2016,Region VI (WESTERN VISAYAS),Pulupandan,0,0,0,0,0
2016,Region VI (WESTERN VISAYAS),Sagay,165,0,18618,18783,0
2016,Region VI (WESTERN VISAYAS),San Carlos,265,0,14898,15163,0
2016,Region VI (WESTERN VISAYAS),San Enrique,24,0,2632,2656,0
2016,Region VI (WESTERN VISAYAS),Silay,44,0,20318,20362,0
2016,Region VI (WESTERN VISAYAS),Sipalay,27428,0,91697,119125,0
2016,Region VI (WESTERN VISAYAS),Talisay,373,0,15935,16308,0
2016,Region VI (WESTERN VISAYAS),Victorias,15,0,8252,8267,0
2016,Region VI (WESTERN VISAYAS),Bacolod City,70540,716,727968,799224,0
2016,Region VI (WESTERN VISAYAS),Iloilo City,29654,269,965000,994923,0
2016,Region VII (CENTRAL VISAYAS),Region VII (CENTRAL VISAYAS),2323131,11533,3619941,5954605,1
2016,Region VII (CENTRAL VISAYAS),Bohol,266313,1958,731915,1000186,0
2016,Region VII (CENTRAL VISAYAS),Anda,3094,0,1949,5043,0
2016,Region VII (CENTRAL VISAYAS),Antequera,0,0,0,0,0
2016,Region VII (CENTRAL VISAYAS),Baclayon,472,0,12708,13180,0
2016,Region VII (CENTRAL VISAYAS),Batuan,28,0,590,618,0
2016,Region VII (CENTRAL VISAYAS),Bien Unido,0,0,0,0,0
2016,Region VII (CENTRAL VISAYAS),Bilar,1861,0,8336,10197,0
2016,Region VII (CENTRAL VISAYAS),Buenavista,16,0,100,116,0
2016,Region VII (CENTRAL VISAYAS),Calape,26,0,65,91,0
2016,Region VII (CENTRAL VISAYAS),Candijay,12,0,227,239,0
2016,Region VII (CENTRAL VISAYAS),Carmen,1257,0,5700,6957,0
2016,Region VII (CENTRAL VISAYAS),Catigbian,0,0,0,0,0
2016,Region VII (CENTRAL VISAYAS),Danao,560,0,4306,4866,0
2016,Region VII (CENTRAL VISAYAS),Dauis,11722,0,28523,40245,0
2016,Region VII (CENTRAL VISAYAS),Dimiao,0,0,0,0,0
2016,Region VII (CENTRAL VISAYAS),Garcia Hernandez,69,0,1367,1436,0
2016,Region VII (CENTRAL VISAYAS),Getafe,8,0,1076,1084,0
2016,Region VII (CENTRAL VISAYAS),Inabanga,49,0,119,168,0
2016,Region VII (CENTRAL VISAYAS),Jagna,1285,0,8862,10147,0
2016,Region VII (CENTRAL VISAYAS),Lila,15,0,2,17,0
2016,Region VII (CENTRAL VISAYAS),Loay,0,0,0,0,0
2016,Region VII (CENTRAL VISAYAS),Loon,689,0,1023,1712,0
2016,Region VII (CENTRAL VISAYAS),Loboc,2625,0,232,2857,0
2016,Region VII (CENTRAL VISAYAS),Maribojoc,59,0,433,492,0
2016,Region VII (CENTRAL VISAYAS),Panglao,212827,1847,405435,620109,0
2016,Region VII (CENTRAL VISAYAS),Sagbayan,0,0,131,131,0
2016,Region VII (CENTRAL VISAYAS),Sikatuna,208,0,1925,2133,0
2016,Region VII (CENTRAL VISAYAS),Tagbilaran,27921,111,202673,230705,0
2016,Region VII (CENTRAL VISAYAS),Talibon,1029,0,12154,13183,0
2016,Region VII (CENTRAL VISAYAS),Tubigon,62,0,7776,7838,0
2016,Region VII (CENTRAL VISAYAS),Ubay,30,0,23138,23168,0
2016,Region VII (CENTRAL VISAYAS),Valencia,389,0,3065,3454,0
2016,Region VII (CENTRAL VISAYAS),Cebu,126771,1072,261806,389649,0
2016,Region VII (CENTRAL VISAYAS),Alcoy,589,0,1360,1949,0
2016,Region VII (CENTRAL VISAYAS),Alcantara,38,44,34,116,0
2016,Region VII (CENTRAL VISAYAS),Amlan,0,0,0,0,0
2016,Region VII (CENTRAL VISAYAS),Alegria,1042,0,7524,8566,0
2016,Region VII (CENTRAL VISAYAS),Aloquinsan,27,0,1649,1676,0
2016,Region VII (CENTRAL VISAYAS),Argao,997,10,11723,12730,0
2016,Region VII (CENTRAL VISAYAS),Asturias,496,0,3148,3644,0
2016,Region VII (CENTRAL VISAYAS),Badian,0,0,0,0,0
2016,Region VII (CENTRAL VISAYAS),Balamban,524,0,6491,7015,0
2016,Region VII (CENTRAL VISAYAS),Bantayan,270,0,362,632,0
2016,Region VII (CENTRAL VISAYAS),Barili,596,0,695,1291,0
2016,Region VII (CENTRAL VISAYAS),Bogo City,8067,0,15470,23537,0
2016,Region VII (CENTRAL VISAYAS),Partial,0,0,0,0,0
2016,Region VII (CENTRAL VISAYAS),Borbon,64,0,467,531,0
2016,Region VII (CENTRAL VISAYAS),Boljoon,3585,0,2641,6226,0
2016,Region VII (CENTRAL VISAYAS),Carcar,374,0,2061,2435,0
2016,Region VII (CENTRAL VISAYAS),Carmen,135,0,1055,1190,0
2016,Region VII (CENTRAL VISAYAS),Catmon,0,0,0,0,0
2016,Region VII (CENTRAL VISAYAS),Cordova,6633,0,13693,20326,0
2016,Region VII (CENTRAL VISAYAS),Daanbantayan,9198,217,4667,14082,0
2016,Region VII (CENTRAL VISAYAS),Dalaguete,1942,0,23727,25669,0
2016,Region VII (CENTRAL VISAYAS),Danao City,1197,0,3460,4657,0
2016,Region VII (CENTRAL VISAYAS),Ginatilan,143,0,463,606,0
2016,Region VII (CENTRAL VISAYAS),Madridejos,0,0,0,0,0
2016,Region VII (CENTRAL VISAYAS),Medellin,11151,0,4361,15512,0
2016,Region VII (CENTRAL VISAYAS),Minglanilla,0,0,0,0,0
2016,Region VII (CENTRAL VISAYAS),Moalboal,12658,8,10159,22825,0
2016,Region VII (CENTRAL VISAYAS),Oslob,16990,453,22052,39495,0
2016,Region VII (CENTRAL VISAYAS),Pilar,0,0,0,0,0
2016,Region VII (CENTRAL VISAYAS),Pinamungahan,2592,0,1801,4393,0
2016,Region VII (CENTRAL VISAYAS),Poro,459,2,1050,1511,0
2016,Region VII (CENTRAL VISAYAS),Ronda,174,0,280,454,0
2016,Region VII (CENTRAL VISAYAS),Samboan,552,12,1178,1742,0
2016,Region VII (CENTRAL VISAYAS),San Fernando,4720,0,80,4800,0
2016,Region VII (CENTRAL VISAYAS),San Francisco,5172,0,6886,12058,0
2016,Region VII (CENTRAL VISAYAS),San Remegio,17208,0,59540,76748,0
2016,Region VII (CENTRAL VISAYAS),Santander,4506,0,2654,7160,0
2016,Region VII (CENTRAL VISAYAS),Santa Fe,13891,326,44665,58882,0
2016,Region VII (CENTRAL VISAYAS),Sibonga,0,0,0,0,0
2016,Region VII (CENTRAL VISAYAS),Sogod,176,0,2128,2304,0
2016,Region VII (CENTRAL VISAYAS),Talisay,2,0,222,224,0
2016,Region VII (CENTRAL VISAYAS),Toledo City,603,0,4060,4663,0
2016,Region VII (CENTRAL VISAYAS),Negros Oriental,140329,1524,554550,696403,0
2016,Region VII (CENTRAL VISAYAS),Amlan,513,0,1330,1843,0
2016,Region VII (CENTRAL VISAYAS),Bacong,632,0,963,1595,0
2016,Region VII (CENTRAL VISAYAS),Bais,2222,0,6397,8619,0
2016,Region VII (CENTRAL VISAYAS),Basay,1958,0,6077,8035,0
2016,Region VII (CENTRAL VISAYAS),Bayawan,440,0,11659,12099,0
2016,Region VII (CENTRAL VISAYAS),Canlaon,187,0,11858,12045,0
2016,Region VII (CENTRAL VISAYAS),Dauin,13993,6,7119,21118,0
2016,Region VII (CENTRAL VISAYAS),Dumaguete,103723,1264,437062,542049,0
2016,Region VII (CENTRAL VISAYAS),Guijulngan,13,0,2662,2675,0
2016,Region VII (CENTRAL VISAYAS),La Libertad,113,0,5353,5466,0
2016,Region VII (CENTRAL VISAYAS),Jimalaud,19,0,459,478,0
2016,Region VII (CENTRAL VISAYAS),Mabinay,528,0,18953,19481,0
2016,Region VII (CENTRAL VISAYAS),Manjuyod,294,0,11293,11587,0
2016,Region VII (CENTRAL VISAYAS),San Jose,396,0,184,580,0
2016,Region VII (CENTRAL VISAYAS),Siaton,1126,0,4703,5829,0
2016,Region VII (CENTRAL VISAYAS),Sibulan,723,0,1269,1992,0
2016,Region VII (CENTRAL VISAYAS),Tanjay,69,15,2426,2510,0
2016,Region VII (CENTRAL VISAYAS),Valencia,2353,0,20335,22688,0
2016,Region VII (CENTRAL VISAYAS),Zamboanguita,11027,239,4448,15714,0
2016,Region VII (CENTRAL VISAYAS),Siquijor,40973,0,44905,85878,0
2016,Region VII (CENTRAL VISAYAS),E. Villanueva,214,0,312,526,0
2016,Region VII (CENTRAL VISAYAS),Larena,2315,0,6266,8581,0
2016,Region VII (CENTRAL VISAYAS),Lazi,1198,0,886,2084,0
2016,Region VII (CENTRAL VISAYAS),Maria,1250,0,6844,8094,0
2016,Region VII (CENTRAL VISAYAS),San Juan,29018,0,14973,43991,0
2016,Region VII (CENTRAL VISAYAS),Siquijor,6978,0,15624,22602,0
2016,Region VII (CENTRAL VISAYAS),Cebu City,687300,2885,1643988,2334173,0
2016,Region VII (CENTRAL VISAYAS),Lapu-lapu City,1036910,3995,316199,1357104,0
2016,Region VII (CENTRAL VISAYAS),Mandaue City,24535,99,66578,91212,0
2016,Region VIII (EASTERN VISAYAS),Region VIII (EASTERN VISAYAS),46896,2071,1137498,1186465,1
2016,Region VIII (EASTERN VISAYAS),Biliran,516,0,6799,7315,0
2016,Region VIII (EASTERN VISAYAS),Almeria,141,0,2159,2300,0
2016,Region VIII (EASTERN VISAYAS),Caibiran,8,0,353,361,0
2016,Region VIII (EASTERN VISAYAS),Cabucgayan,123,0,415,538,0
2016,Region VIII (EASTERN VISAYAS),Culaba,0,0,0,0,0
2016,Region VIII (EASTERN VISAYAS),Kawayan,0,0,0,0,0
2016,Region VIII (EASTERN VISAYAS),Maripipi,0,0,0,0,0
2016,Region VIII (EASTERN VISAYAS),Naval,244,0,3872,4116,0
2016,Region VIII (EASTERN VISAYAS),Eastern Samar,1877,0,44385,46262,0
2016,Region VIII (EASTERN VISAYAS),Borongan City,1453,0,31062,32515,0
2016,Region VIII (EASTERN VISAYAS),Guiuan,390,0,11982,12372,0
2016,Region VIII (EASTERN VISAYAS),Llorente,32,0,1115,1147,0
2016,Region VIII (EASTERN VISAYAS),Quinapondan,2,0,226,228,0
2016,Region VIII (EASTERN VISAYAS),Leyte,3109,0,236157,239266,0
2016,Region VIII (EASTERN VISAYAS),Abuyog,0,0,20959,20959,0
2016,Region VIII (EASTERN VISAYAS),Alburera,0,0,26255,26255,0
2016,Region VIII (EASTERN VISAYAS),Bago,0,0,0,0,0
2016,Region VIII (EASTERN VISAYAS),Bato,0,0,4891,4891,0
2016,Region VIII (EASTERN VISAYAS),Baybay City,1476,0,108089,109565,0
2016,Region VIII (EASTERN VISAYAS),Hilongos,0,0,8614,8614,0
2016,Region VIII (EASTERN VISAYAS),Inopacan,0,0,0,0,0
2016,Region VIII (EASTERN VISAYAS),Isabel,85,0,1453,1538,0
2016,Region VIII (EASTERN VISAYAS),Kanangga,0,0,0,0,0
2016,Region VIII (EASTERN VISAYAS),McArthur,0,0,0,0,0
2016,Region VIII (EASTERN VISAYAS),Ormoc City,932,0,55407,56339,0
2016,Region VIII (EASTERN VISAYAS),Palo,0,0,0,0,0
2016,Region VIII (EASTERN VISAYAS),San Isidro,616,0,10489,11105,0
2016,Region VIII (EASTERN VISAYAS),Partial,0,0,0,0,0
2016,Region VIII (EASTERN VISAYAS),Northern Samar,518,0,73162,73680,0
2016,Region VIII (EASTERN VISAYAS),Allen,90,0,12667,12757,0
2016,Region VIII (EASTERN VISAYAS),Biri,123,0,2822,2945,0
2016,Region VIII (EASTERN VISAYAS),Capul,13,0,496,509,0
2016,Region VIII (EASTERN VISAYAS),Catarman,189,0,39469,39658,0
2016,Region VIII (EASTERN VISAYAS),Navar,9,0,456,465,0
2016,Region VIII (EASTERN VISAYAS),Palapag,0,0,0,0,0
2016,Region VIII (EASTERN VISAYAS),San Antonio,94,0,15495,15589,0
2016,Region VIII (EASTERN VISAYAS),San Roque,0,0,1757,1757,0
2016,Region VIII (EASTERN VISAYAS),Victoria,0,0,0,0,0
2016,Region VIII (EASTERN VISAYAS),Samar,21862,0,155995,177857,0
2016,Region VIII (EASTERN VISAYAS),Calbayog City,5211,0,119686,124897,0
2016,Region VIII (EASTERN VISAYAS),Catbalogan,16302,0,34411,50713,0
2016,Region VIII (EASTERN VISAYAS),Basey,0,0,0,0,0
2016,Region VIII (EASTERN VISAYAS),Marabut,349,0,1898,2247,0
2016,Region VIII (EASTERN VISAYAS),Paranas,0,0,0,0,0
2016,Region VIII (EASTERN VISAYAS),Southern Leyte,3013,12,123182,126207,0
2016,Region VIII (EASTERN VISAYAS),Hinunangan,0,0,4627,4627,0
2016,Region VIII (EASTERN VISAYAS),Hinundayan,10,12,719,741,0
2016,Region VIII (EASTERN VISAYAS),Limasawa,662,0,7339,8001,0
2016,Region VIII (EASTERN VISAYAS),Maasin City,1846,0,73432,75278,0
2016,Region VIII (EASTERN VISAYAS),Macrohon,270,0,4615,4885,0
2016,Region VIII (EASTERN VISAYAS),Padre Burgos,0,0,0,0,0
2016,Region VIII (EASTERN VISAYAS),Pintuyan,66,0,0,66,0
2016,Region VIII (EASTERN VISAYAS),Saint Bernard,0,0,1760,1760,0
2016,Region VIII (EASTERN VISAYAS),Sogod,70,0,26264,26334,0
2016,Region VIII (EASTERN VISAYAS),Others,89,0,4426,4515,0
2016,Region VIII (EASTERN VISAYAS),Tacloban City,16001,2059,497818,515878,0
2016,Region IX (ZAMBOANGA PENINSULA),Region IX (ZAMBOANGA PENINSULA),12028,13267,653812,679107,1
2016,Region IX (ZAMBOANGA PENINSULA),Zamboanga del Norte,7211,0,243105,250316,0
2016,Region IX (ZAMBOANGA PENINSULA),Dapitan City,431,0,50801,51232,0
2016,Region IX (ZAMBOANGA PENINSULA),Dipolog City,6780,0,192304,199084,0
2016,Region IX (ZAMBOANGA PENINSULA),Zamboanga del Sur,0,0,0,0,0
2016,Region IX (ZAMBOANGA PENINSULA),Pagadian City,0,0,0,0,0
2016,Region IX (ZAMBOANGA PENINSULA),Zamboanga Sibugay,0,0,11737,11737,0
2016,Region IX (ZAMBOANGA PENINSULA),Isabela City,0,0,0,0,0
2016,Region IX (ZAMBOANGA PENINSULA),Zamboanga City,4817,13267,398970,417054,0
2016,Region X (NORTHERN MINDANAO),Region X (NORTHERN MINDANAO),91855,3106,2511194,2606155,1
2016,Region X (NORTHERN MINDANAO),Bukidnon,4778,72,283236,288086,0
2016,Region X (NORTHERN MINDANAO),Malaybalay City,1915,0,34351,36266,0
2016,Region X (NORTHERN MINDANAO),Valencia City,2780,0,229260,232040,0
2016,Region X (NORTHERN MINDANAO),Others,83,72,19625,19780,0
2016,Region X (NORTHERN MINDANAO),Camiguin,12882,0,620643,633525,0
2016,Region X (NORTHERN MINDANAO),Lanao del Norte,426,0,30854,31280,0
2016,Region X (NORTHERN MINDANAO),Misamis Occidental,3516,0,744770,748286,0
2016,Region X (NORTHERN MINDANAO),Ozamis City,2635,0,370111,372746,0
2016,Region X (NORTHERN MINDANAO),Tangub City,30,0,20216,20246,0
2016,Region X (NORTHERN MINDANAO),Oroquieta City,124,0,94766,94890,0
2016,Region X (NORTHERN MINDANAO),Others,727,0,259677,260404,0
2016,Region X (NORTHERN MINDANAO),Misamis Oriental,3657,0,51570,55227,0
2016,Region X (NORTHERN MINDANAO),Gingoog City,416,0,38560,38976,0
2016,Region X (NORTHERN MINDANAO),Others,3241,0,13010,16251,0
2016,Region X (NORTHERN MINDANAO),Cagayan de Oro City,65655,3034,705132,773821,0
2016,Region X (NORTHERN MINDANAO),Iligan City,941,0,74989,75930,0
2016,Region XI (DAVAO REGION),Region XI (DAVAO REGION),167705,23386,3112225,3303316,1
2016,Region XI (DAVAO REGION),Compostela Valley,436,0,130181,130617,0
2016,Region XI (DAVAO REGION),Davao del Norte,40542,130,976614,1017286,0
2016,Region XI (DAVAO REGION),Asuncion,0,0,0,0,0
2016,Region XI (DAVAO REGION),Island Garden City of Samal,12069,65,284745,296879,0
2016,Region XI (DAVAO REGION),Kapalong,0,0,0,0,0
2016,Region XI (DAVAO REGION),New Corella,0,0,0,0,0
2016,Region XI (DAVAO REGION),Panabo City,0,0,0,0,0
2016,Region XI (DAVAO REGION),Tagum City,0,0,0,0,0
2016,Region XI (DAVAO REGION),Others,28473,65,691869,720407,0
2016,Region XI (DAVAO REGION),Davao del Sur,580,0,35344,35924,0
2016,Region XI (DAVAO REGION),Davao Occcidental,2,0,5000,5002,0
2016,Region XI (DAVAO REGION),Davao Oriental,1795,0,248862,250657,0
2016,Region XI (DAVAO REGION),Davao City,124350,23256,1716224,1863830,0
2016,Region XII (SOCCSSARGEN),Region XII (SOCCSSARGEN),46872,0,988485,1035357,1
2016,Region XII (SOCCSSARGEN),North Cotabato,1140,0,81108,82248,0
2016,Region XII (SOCCSSARGEN),Kidapawan City,1140,0,81108,82248,0
2016,Region XII (SOCCSSARGEN),Sarangani,11253,0,87556,98809,0
2016,Region XII (SOCCSSARGEN),South Cotabato,856,0,107492,108348,0
2016,Region XII (SOCCSSARGEN),Koronadal City,0,0,78052,78052,0
2016,Region XII (SOCCSSARGEN),Others,856,0,29440,30296,0
2016,Region XII (SOCCSSARGEN),Sultan Kudarat,139,0,28939,29078,0
2016,Region XII (SOCCSSARGEN),Tacurong City,88,0,23915,24003,0
2016,Region XII (SOCCSSARGEN),Others,51,0,5024,5075,0
2016,Region XII (SOCCSSARGEN),Cotabato Province,9,0,47087,47096,0
2016,Region XII (SOCCSSARGEN),Cotabato City,24908,0,122134,147043,0
2016,Region XII (SOCCSSARGEN),General Santos City,8567,0,514168,522735,0
2016,Region XII (SOCCSSARGEN),Partial,0,0,0,0,0
2016,Region XIII (CARAGA),Region XIII (CARAGA),64119,3172,1071564,1138855,1
2016,Region XIII (CARAGA),Agusan del Norte,507,68,48226,48801,0
2016,Region XIII (CARAGA),Cabadbaran City,373,68,28866,29307,0
2016,Region XIII (CARAGA),Others,134,0,19360,19494,0
2016,Region XIII (CARAGA),Agusan del Sur,126,0,156169,156295,0
2016,Region XIII (CARAGA),Dinagat Islands,1065,161,48194,49420,0
2016,Region XIII (CARAGA),Surigao del Norte,41825,656,437491,479972,0
2016,Region XIII (CARAGA),Surigao City,13129,200,286650,299979,0
2016,Region XIII (CARAGA),Others,28696,456,150841,179993,0
2016,Region XIII (CARAGA),Surigao del Sur,2350,0,225883,228233,0
2016,Region XIII (CARAGA),Bislig City,1289,0,44842,46131,0
2016,Region XIII (CARAGA),Tandag City,263,0,99886,100149,0
2016,Region XIII (CARAGA),Others,798,0,81155,81953,0
2016,Region XIII (CARAGA),Butuan City,18246,2287,155601,176134,0
2016,GRAND TOTAL,GRAND TOTAL,7030392,146644,35305384,42482420,1
2017,NCR (National Capital Region),0,848152,168,568755,1417075,1
2017,NCR (National Capital Region),Caloocan City,0,0,0,0,0
2017,NCR (National Capital Region),Las Piñas City,0,0,0,0,0
2017,NCR (National Capital Region),Makati City,0,0,0,0,0
2017,NCR (National Capital Region),Malabon City,0,0,0,0,0
2017,NCR (National Capital Region),Mandaluyong City,0,0,0,0,0
2017,NCR (National Capital Region),Manila,0,0,0,0,0
2017,NCR (National Capital Region),Marikina City,0,0,0,0,0
2017,NCR (National Capital Region),Muntinlupa City,0,0,0,0,0
2017,NCR (National Capital Region),Navotas City,0,0,0,0,0
2017,NCR (National Capital Region),Parañaque City,0,0,0,0,0
2017,NCR (National Capital Region),Pasay City,0,0,0,0,0
2017,NCR (National Capital Region),Pasig City,0,0,0,0,0
2017,NCR (National Capital Region),Quezon City,0,0,0,0,0
2017,NCR (National Capital Region),San Juan City,0,0,0,0,0
2017,NCR (National Capital Region),Taguig City,0,0,0,0,0
2017,NCR (National Capital Region),Valenzuela City,0,0,0,0,0
2017,NCR (National Capital Region),Pateros,0,0,0,0,0
2017,CAR (Cordillera Administrative Region),0,88808,659,1402582,1492049,1
2017,CAR (Cordillera Administrative Region),Abra,689,154,20713,21402,0
2017,CAR (Cordillera Administrative Region),Apayao,58,94,5479,5691,0
2017,CAR (Cordillera Administrative Region),Benguet,3659,158,82785,86538,0
2017,CAR (Cordillera Administrative Region),Ifugao,29516,253,39302,68976,0
2017,CAR (Cordillera Administrative Region),Kalinga,15006,0,104788,119794,0
2017,CAR (Cordillera Administrative Region),Mountain Province,8721,0,65663,74384,0
2017,CAR (Cordillera Administrative Region),Baguio City,31159,0,1083852,1115264,0
2017,Region I  (ILOCOS REGION),0,68261,3013,1553531,1624805,1
2017,Region I  (ILOCOS REGION),Region/Province/City,0,0,0,0,0
2017,Region II  (CAGAYAN VALLEY),0,202180,1959,588250,792389,1
2017,Region II  (CAGAYAN VALLEY),Batanes,508,0,25382,25890,0
2017,Region II  (CAGAYAN VALLEY),Cagayan,195857,951,241891,438699,0
2017,Region II  (CAGAYAN VALLEY),Tuguegarao City,2885,381,134283,137549,0
2017,Region II  (CAGAYAN VALLEY),Others,192972,570,107608,0,0
2017,Region II  (CAGAYAN VALLEY),Isabela,5324,1008,183500,0,0
2017,Region II  (CAGAYAN VALLEY),Cauayan City,1310,751,75211,0,0
2017,Region II  (CAGAYAN VALLEY),Ilagan City,42,4,18874,0,0
2017,Region II  (CAGAYAN VALLEY),Santiago City,1455,28,69987,0,0
2017,Region II  (CAGAYAN VALLEY),Others,2517,225,19428,0,0
2017,Region II  (CAGAYAN VALLEY),Nueva Vizcaya,491,0,131682,0,0
2017,Region II  (CAGAYAN VALLEY),Quirino,0,0,5795,0,0
2017,Region III  (CENTRAL LUZON),0,782499,31027,2782571,3596097,1
2017,Region III  (CENTRAL LUZON),Aurora,255,0,154271,154526,0
2017,Region III  (CENTRAL LUZON),Bataan,23233,0,221070,244303,0
2017,Region III  (CENTRAL LUZON),Bulacan,701,0,80553,81254,0
2017,Region III  (CENTRAL LUZON),Nueva Ecija,18,31027,25969,25987,0
2017,Region III  (CENTRAL LUZON),Pampanga,489321,31027,512659,1001980,0
2017,Region III  (CENTRAL LUZON),Clark,489321,0,512659,1001980,0
2017,Region III  (CENTRAL LUZON),Tarlac City,952,0,46744,47696,0
2017,Region III  (CENTRAL LUZON),Zambales,37153,0,1395300,1463480,0
2017,Region III  (CENTRAL LUZON),SBMA,37153,0,1395300,1463480,0
2017,Region III  (CENTRAL LUZON),Angeles City,224481,0,188348,412829,0
2017,Region III  (CENTRAL LUZON),Olongapo City,6385,0,157657,164042,0
2017,Region III  (CENTRAL LUZON),Region IV-A  CALABARZON,426833,3004,3888788,4318625,1
2017,Region III  (CENTRAL LUZON),Region/Province/City,0,0,0,0,0
2017,Region III  (CENTRAL LUZON),Region/Province/City,0,0,0,0,0
2017,Region III  (CENTRAL LUZON),Region IV-B MIMAROPA,377926,4569,1040085,1422580,0
2017,Region III  (CENTRAL LUZON),Marinduque,6233,0,20408,20408,0
2017,Region III  (CENTRAL LUZON),Boac,6,0,20408,20408,0
2017,Region III  (CENTRAL LUZON),Occidental Mindoro,175,78,169677,175910,0
2017,Region III  (CENTRAL LUZON),Abra de Ilog,321,28,3402,3402,0
2017,Region III  (CENTRAL LUZON),Calintaan,5731,50,282,288,0
2017,Region III  (CENTRAL LUZON),Looc,0,0,32539,32714,0
2017,Region III  (CENTRAL LUZON),Lubang,29787,0,15605,15926,0
2017,Region III  (CENTRAL LUZON),Mamburao,22,4491,22343,28074,0
2017,Region III  (CENTRAL LUZON),Sablayan,399,0,95011,95011,0
2017,Region III  (CENTRAL LUZON),San Jose,6042,0,495,495,0
2017,Region III  (CENTRAL LUZON),Santa Cruz,138,0,128835,158700,0
2017,Region III  (CENTRAL LUZON),Others,1033,0,550,572,0
2017,Region III  (CENTRAL LUZON),Oriental Mindoro,21966,0,3406,3434,0
2017,Region III  (CENTRAL LUZON),Baco,167,0,1851,1901,0
2017,Region III  (CENTRAL LUZON),Bansud,20,0,1817,2216,0
2017,Region III  (CENTRAL LUZON),Bongabong,97859,0,73821,79863,0
2017,Region III  (CENTRAL LUZON),Bulalacao,249,0,2413,2413,0
2017,Region III  (CENTRAL LUZON),Calapan City,22855,0,1639,1777,0
2017,Region III  (CENTRAL LUZON),Gloria,818,0,8734,8734,0
2017,Region III  (CENTRAL LUZON),Mansalay,191,0,3830,4863,0
2017,Region III  (CENTRAL LUZON),Naujan,57130,0,18855,40821,0
2017,Region III  (CENTRAL LUZON),Pinamalayan,83,0,6566,6733,0
2017,Region III  (CENTRAL LUZON),Pola,66,0,377,397,0
2017,Region III  (CENTRAL LUZON),Puerto Galera,12360,0,4976,4976,0
2017,Region III  (CENTRAL LUZON),Roxas,4107,0,108989,206848,0
2017,Region III  (CENTRAL LUZON),San Teodoro,3600,0,14504,14753,0
2017,Region III  (CENTRAL LUZON),Socorro,240447,0,35151,58006,0
2017,Region III  (CENTRAL LUZON),Victoria,0,0,1843,2661,0
2017,Region III  (CENTRAL LUZON),Palawan,0,0,223,414,0
2017,Region III  (CENTRAL LUZON),Araceli,0,0,49366,106496,0
2017,Region III  (CENTRAL LUZON),Busuanga,0,0,63,63,0
2017,Region III  (CENTRAL LUZON),Brookes Point,0,0,3027,3110,0
2017,Region III  (CENTRAL LUZON),Cagayancillo,0,0,762,828,0
2017,Region III  (CENTRAL LUZON),Coron,0,0,2745,15105,0
2017,Region III  (CENTRAL LUZON),Culion,0,0,1305,5412,0
2017,Region III  (CENTRAL LUZON),Cuyo,0,0,50563,58654,0
2017,Region III  (CENTRAL LUZON),El Nido,0,0,561613,0,0
2017,Region III  (CENTRAL LUZON),Linapacan,0,0,0,0,0
2017,Region III  (CENTRAL LUZON),Narra,0,0,0,802060,0
2017,Region III  (CENTRAL LUZON),Rizal,0,0,0,0,0
2017,Region III  (CENTRAL LUZON),San Vicente,0,0,0,0,0
2017,Region III  (CENTRAL LUZON),Taytay,0,0,0,0,0
2017,Region III  (CENTRAL LUZON),Romblon,0,0,0,0,0
2017,Region III  (CENTRAL LUZON),Odiongan,0,0,0,0,0
2017,Region III  (CENTRAL LUZON),San Jose,0,0,0,0,0
2017,Region III  (CENTRAL LUZON),Puerto Princesa City,0,0,0,0,0
2017,Region V  (BICOL REGION),0,845778,22104,3658125,4526007,1
2017,Region V  (BICOL REGION),Region/Province/City,0,0,0,0,0
2017,Region VI  (WESTERN VISAYAS),0,937021,50350,3644960,4632331,1
2017,Region VI  (WESTERN VISAYAS),Region/Province/City,0,0,0,0,0
2017,Region VI  (WESTERN VISAYAS),Region/Province/City,0,0,0,0,0
2017,Region VII (CENTRAL VISAYAS),0,1935906,15189,2658623,4609718,1
2017,Region VII (CENTRAL VISAYAS),Region/Province/City,0,0,0,0,0
2017,Region VII (CENTRAL VISAYAS),Region/Province/City,0,0,0,0,0
2017,Region VII (CENTRAL VISAYAS),Siquijor,27072,0,34145,61217,0
2017,Region VII (CENTRAL VISAYAS),E. Villanueva,284,6192,517,801,0
2017,Region VII (CENTRAL VISAYAS),Larena,2082,2814,4566,6648,0
2017,Region VII (CENTRAL VISAYAS),Lazi,669,160,440,1109,0
2017,Region VII (CENTRAL VISAYAS),Maria,1074,0,5958,7032,0
2017,Region VII (CENTRAL VISAYAS),San Juan,19891,0,12788,32679,0
2017,Region VII (CENTRAL VISAYAS),Siquijor,3072,0,9876,12948,0
2017,Region VII (CENTRAL VISAYAS),Cebu City,565311,0,1172059,1743562,0
2017,Region VII (CENTRAL VISAYAS),Lapu-lapu City,885309,0,293197,1181320,0
2017,Region VII (CENTRAL VISAYAS),Mandaue City,17311,0,39129,56600,0
2017,Region VIII (EASTERN VISAYAS),0,42046,2294,1008375,1052715,1
2017,Region VIII (EASTERN VISAYAS),Region/Province/City,0,0,0,0,0
2017,Region IX (ZAMBOANGA PENINSULA),0,9080,12859,608812,630751,1
2017,Region IX (ZAMBOANGA PENINSULA),Zamboanga del Norte,4835,0,212733,217568,0
2017,Region IX (ZAMBOANGA PENINSULA),Dapitan City,980,12859,36087,37067,0
2017,Region IX (ZAMBOANGA PENINSULA),Dipolog City,3855,0,176646,180501,0
2017,Region IX (ZAMBOANGA PENINSULA),Zamboanga del Sur,34,0,3993,4027,0
2017,Region IX (ZAMBOANGA PENINSULA),Pagadian City,4211,0,392086,409156,0
2017,Region IX (ZAMBOANGA PENINSULA),Zamboanga Sibugay,0,0,0,0,0
2017,Region IX (ZAMBOANGA PENINSULA),Isabela City,0,0,0,0,0
2017,Region IX (ZAMBOANGA PENINSULA),Zamboanga City,0,0,0,0,0
2017,Region X (NORTHERN MINDANAO),0,98211,6340,2596975,2701526,1
2017,Region X (NORTHERN MINDANAO),Bukidnon,41720,2441,613187,657348,0
2017,Region X (NORTHERN MINDANAO),Malaybalay City,807,2441,60850,61657,0
2017,Region X (NORTHERN MINDANAO),Valencia City,4629,0,188224,192853,0
2017,Region X (NORTHERN MINDANAO),Others,36284,0,364113,402838,0
2017,Region X (NORTHERN MINDANAO),Camiguin,12060,3891,589013,601073,0
2017,Region X (NORTHERN MINDANAO),Lanao del Norte,351,8,30310,30661,0
2017,Region X (NORTHERN MINDANAO),Misamis Occidental,7476,0,550392,557868,0
2017,Region X (NORTHERN MINDANAO),Ozamis City,5542,0,324719,330261,0
2017,Region X (NORTHERN MINDANAO),Tangub City,47,0,9260,9307,0
2017,Region X (NORTHERN MINDANAO),Oroquieta City,832,0,59075,59907,0
2017,Region X (NORTHERN MINDANAO),Others,1055,0,157338,158393,0
2017,Region X (NORTHERN MINDANAO),Misamis Oriental,279,0,43343,43622,0
2017,Region X (NORTHERN MINDANAO),Gingoog City,279,0,39388,39667,0
2017,Region X (NORTHERN MINDANAO),Others,34921,0,3955,3955,0
2017,Region X (NORTHERN MINDANAO),Cagayan de Oro City,1404,0,601280,640092,0
2017,Region X (NORTHERN MINDANAO),Iligan City,0,0,169450,170862,0
2017,Region XI  (DAVAO REGION),0,174165,14699,2649625,2838489,1
2017,Region XI  (DAVAO REGION),Compostela Valley,158,14699,206490,206648,0
2017,Region XI  (DAVAO REGION),Davao del Norte,40878,0,651267,692145,0
2017,Region XI  (DAVAO REGION),Asuncion,433,0,9401,9834,0
2017,Region XI  (DAVAO REGION),Island Garden City of Samal,4074,0,195779,199853,0
2017,Region XI  (DAVAO REGION),Kapalong,128622,0,1586688,1730009,0
2017,Region XI  (DAVAO REGION),New Corella,0,0,0,0,0
2017,Region XI  (DAVAO REGION),Panabo City,0,0,0,0,0
2017,Region XI  (DAVAO REGION),Tagum City,0,0,0,0,0
2017,Region XI  (DAVAO REGION),Others,0,0,0,0,0
2017,Region XI  (DAVAO REGION),Davao del Sur,0,0,0,0,0
2017,Region XI  (DAVAO REGION),Davao Oriental,0,0,0,0,0
2017,Region XI  (DAVAO REGION),Davao City,0,0,0,0,0
2017,Region XII  (SOCCSSARGEN),0,34720,0,904641,939361,1
2017,Region XII  (SOCCSSARGEN),Region/Province/City,0,0,0,0,0
2017,Region XIII (CARAGA),0,49513,2816,1195183,1247512,1
2017,Region XIII (CARAGA),Agusan del Norte,516,0,57883,58399,0
2017,Region XIII (CARAGA),Cabadbaran City,167,0,14117,14284,0
2017,Region XIII (CARAGA),Others,349,0,43766,44115,0
2017,Region XIII (CARAGA),Agusan del Sur,362,0,155420,155782,0
2017,Region XIII (CARAGA),Dinagat Islands,729,0,65028,65757,0
2017,Region XIII (CARAGA),Surigao del Norte,38509,343,579961,618813,0
2017,Region XIII (CARAGA),Surigao City,15377,343,457143,472863,0
2017,Region XIII (CARAGA),Others,23132,0,122818,145950,0
2017,Region XIII (CARAGA),Surigao del Sur,1618,0,179541,181159,0
2017,Region XIII (CARAGA),Bislig City,827,0,41359,42186,0
2017,Region XIII (CARAGA),Tandag City,291,0,65173,65464,0
2017,Region XIII (CARAGA),Others,500,0,73009,73509,0
2017,Region XIII (CARAGA),Butuan City,7779,2473,157350,167602,0
2018,NCR (National Capital Region),NCR (National Capital Region),286858,789,338521,626168,1
2018,NCR (National Capital Region),Caloocan City,0,0,0,0,0
2018,NCR (National Capital Region),Las Piñas City,0,0,0,0,0
2018,NCR (National Capital Region),Makati City,0,0,0,0,0
2018,NCR (National Capital Region),Malabon City,0,0,0,0,0
2018,NCR (National Capital Region),Mandaluyong City,0,0,0,0,0
2018,NCR (National Capital Region),Manila,0,0,0,0,0
2018,NCR (National Capital Region),Marikina City,0,0,0,0,0
2018,NCR (National Capital Region),Muntinlupa City,0,0,0,0,0
2018,NCR (National Capital Region),Navotas City,0,0,0,0,0
2018,NCR (National Capital Region),Parañaque City,0,0,0,0,0
2018,NCR (National Capital Region),Pasay City,0,0,0,0,0
2018,NCR (National Capital Region),Pasig City,0,0,0,0,0
2018,NCR (National Capital Region),Quezon City,0,0,0,0,0
2018,NCR (National Capital Region),San Juan City,0,0,0,0,0
2018,NCR (National Capital Region),Taguig City,0,0,0,0,0
2018,NCR (National Capital Region),Valenzuela City,0,0,0,0,0
2018,NCR (National Capital Region),Pateros,0,0,0,0,0
2018,CAR (Cordillera Administrative Region),CAR (Cordillera Administrative Region),89351,1227,2095299,2185877,1
2018,CAR (Cordillera Administrative Region),Abra,0,0,0,0,0
2018,CAR (Cordillera Administrative Region),Apayao,7,172,5814,5993,0
2018,CAR (Cordillera Administrative Region),Benguet,1500,0,75583,77083,0
2018,CAR (Cordillera Administrative Region),Ifugao,35664,29,35603,71296,0
2018,CAR (Cordillera Administrative Region),Kalinga,8378,0,119909,128287,0
2018,CAR (Cordillera Administrative Region),Mountain Province,8568,0,133921,142489,0
2018,CAR (Cordillera Administrative Region),Barlig,73,0,560,633,0
2018,CAR (Cordillera Administrative Region),Bauko,225,0,1223,1448,0
2018,CAR (Cordillera Administrative Region),Sagada,7348,0,97127,104475,0
2018,CAR (Cordillera Administrative Region),Sadanga,0,0,55,55,0
2018,CAR (Cordillera Administrative Region),Tadian,18,0,412,430,0
2018,CAR (Cordillera Administrative Region),Bontoc,904,0,34544,35448,0
2018,CAR (Cordillera Administrative Region),Baguio City,35234,1026,1724469,1760729,0
2018,Region I (ILOCOS REGION),Region I (ILOCOS REGION),82517,1625,2363259,2447401,1
2018,Region I (ILOCOS REGION),Ilocos Norte,51879,1585,605778,659242,0
2018,Region I (ILOCOS REGION),Bangui,0,0,5325,5325,0
2018,Region I (ILOCOS REGION),Batac,0,0,535,535,0
2018,Region I (ILOCOS REGION),Burgos,0,0,2629,2629,0
2018,Region I (ILOCOS REGION),Currimao,75,0,20588,20663,0
2018,Region I (ILOCOS REGION),Laoag City,4805,1585,138668,145058,0
2018,Region I (ILOCOS REGION),Pagudpud,45659,0,400008,445667,0
2018,Region I (ILOCOS REGION),Paoay,14,0,1434,1448,0
2018,Region I (ILOCOS REGION),Pasuquin,0,0,2396,2396,0
2018,Region I (ILOCOS REGION),San Nicolas,1326,0,27904,29230,0
2018,Region I (ILOCOS REGION),Sarat,0,0,6291,6291,0
2018,Region I (ILOCOS REGION),Ilocos Sur,3939,0,333063,337002,0
2018,Region I (ILOCOS REGION),Bantay,900,0,76762,77662,0
2018,Region I (ILOCOS REGION),Candon City,234,0,30076,30310,0
2018,Region I (ILOCOS REGION),Sinait,0,0,0,0,0
2018,Region I (ILOCOS REGION),Vigan City,2805,0,226225,229030,0
2018,Region I (ILOCOS REGION),La Union,18698,33,638536,657267,0
2018,Region I (ILOCOS REGION),Agoo,2,0,16086,16088,0
2018,Region I (ILOCOS REGION),Aringay,0,0,35371,35371,0
2018,Region I (ILOCOS REGION),Bacnotan,0,0,6356,6356,0
2018,Region I (ILOCOS REGION),Baloaon,0,0,1117,1117,0
2018,Region I (ILOCOS REGION),Bangar,0,0,51578,51578,0
2018,Region I (ILOCOS REGION),Bauang,4891,0,100179,105070,0
2018,Region I (ILOCOS REGION),Burgos,0,0,2511,2511,0
2018,Region I (ILOCOS REGION),Caba,75,0,6598,6673,0
2018,Region I (ILOCOS REGION),Luna,0,0,20970,20970,0
2018,Region I (ILOCOS REGION),Naguilian,0,0,3528,3528,0
2018,Region I (ILOCOS REGION),Pugo,0,0,0,0,0
2018,Region I (ILOCOS REGION),Rosario,22,0,5500,5522,0
2018,Region I (ILOCOS REGION),San Fernando City,8629,33,100552,109214,0
2018,Region I (ILOCOS REGION),San Juan,4958,0,280641,285599,0
2018,Region I (ILOCOS REGION),Santol,0,0,2139,2139,0
2018,Region I (ILOCOS REGION),Sto. Tomas,49,0,1101,1150,0
2018,Region I (ILOCOS REGION),Sudipen,52,0,2931,2983,0
2018,Region I (ILOCOS REGION),Tubao,20,0,1378,1398,0
2018,Region I (ILOCOS REGION),Pangasinan,8001,7,785882,793890,0
2018,Region I (ILOCOS REGION),Alaminos,3791,0,125193,128984,0
2018,Region I (ILOCOS REGION),Anda,125,0,42238,42363,0
2018,Region I (ILOCOS REGION),Balungao,8,0,3216,3224,0
2018,Region I (ILOCOS REGION),Bautista,0,0,0,0,0
2018,Region I (ILOCOS REGION),Bolinao,1106,0,160532,161638,0
2018,Region I (ILOCOS REGION),Bugallion,139,0,13761,13900,0
2018,Region I (ILOCOS REGION),Dagupan City,393,0,121177,121570,0
2018,Region I (ILOCOS REGION),Dasol,0,0,0,0,0
2018,Region I (ILOCOS REGION),Labrador,498,0,10033,10531,0
2018,Region I (ILOCOS REGION),Lingayen,661,0,160383,161044,0
2018,Region I (ILOCOS REGION),San Fabian,0,0,56362,56362,0
2018,Region I (ILOCOS REGION),Sta. Maria,0,0,0,0,0
2018,Region I (ILOCOS REGION),Urdaneta City,1185,7,91051,92243,0
2018,Region I (ILOCOS REGION),Villasis,95,0,1936,2031,0
2018,Region II (CAGAYAN VALLEY),Region II (CAGAYAN VALLEY),270431,92,904198,1174721,1
2018,Region II (CAGAYAN VALLEY),Batanes,1867,0,48594,50461,0
2018,Region II (CAGAYAN VALLEY),Cagayan,259915,92,333815,593822,0
2018,Region II (CAGAYAN VALLEY),Tuguegarao City,2451,0,169883,172334,0
2018,Region II (CAGAYAN VALLEY),Others,257464,92,163932,421488,0
2018,Region II (CAGAYAN VALLEY),Isabela,4814,0,363637,368451,0
2018,Region II (CAGAYAN VALLEY),Cauayan City,2009,0,112555,114564,0
2018,Region II (CAGAYAN VALLEY),Ilagan City,375,0,28841,29216,0
2018,Region II (CAGAYAN VALLEY),Santiago City,1596,0,149146,150742,0
2018,Region II (CAGAYAN VALLEY),Others,834,0,73095,73929,0
2018,Region II (CAGAYAN VALLEY),Nueva Vizcaya,3304,0,147533,150837,0
2018,Region II (CAGAYAN VALLEY),Quirino,531,0,10619,11150,0
2018,Region III (CENTRAL LUZON),Region III (CENTRAL LUZON),339910,6977,4139477,4486364,1
2018,Region III (CENTRAL LUZON),Aurora,64,0,265410,265474,0
2018,Region III (CENTRAL LUZON),Bataan,6954,0,299963,306917,0
2018,Region III (CENTRAL LUZON),Bulacan,682,0,450744,451426,0
2018,Region III (CENTRAL LUZON),Nueva Ecija,13209,0,292394,305603,0
2018,Region III (CENTRAL LUZON),Pampanga,178397,0,452502,630899,0
2018,Region III (CENTRAL LUZON),Clark,170867,0,302295,473162,0
2018,Region III (CENTRAL LUZON),San Fernando City,7530,0,150207,157737,0
2018,Region III (CENTRAL LUZON),Others,0,0,0,0,0
2018,Region III (CENTRAL LUZON),Tarlac,4690,0,8686,13376,0
2018,Region III (CENTRAL LUZON),Zambales,35708,0,638651,674359,0
2018,Region III (CENTRAL LUZON),SBMA,42250,6498,1680687,1729435,0
2018,Region III (CENTRAL LUZON),Angeles City,57956,479,50440,108875,0
2018,Region III (CENTRAL LUZON),Olongapo City,0,0,0,0,0
2018,Region IV-A CALABARZON,Region IV-A CALABARZON,564121,3532,7051421,7619074,1
2018,Region IV-A CALABARZON,Batangas,472546,0,2079603,2552149,0
2018,Region IV-A CALABARZON,Alitagtag,0,0,0,0,0
2018,Region IV-A CALABARZON,Balayan,298,0,33150,33448,0
2018,Region IV-A CALABARZON,Batangas City,8746,0,175648,184394,0
2018,Region IV-A CALABARZON,Balete,0,0,10662,10662,0
2018,Region IV-A CALABARZON,Bauan,55,0,10085,10140,0
2018,Region IV-A CALABARZON,Calatagan,308,0,119407,119715,0
2018,Region IV-A CALABARZON,Cuenca,0,0,36944,36944,0
2018,Region IV-A CALABARZON,Ibaan,0,0,3106,3106,0
2018,Region IV-A CALABARZON,Laurel,0,0,0,0,0
2018,Region IV-A CALABARZON,Lemery,0,0,14880,14880,0
2018,Region IV-A CALABARZON,Lian,0,0,0,0,0
2018,Region IV-A CALABARZON,Lipa City,7244,0,34813,42057,0
2018,Region IV-A CALABARZON,Lobo,0,0,69786,69786,0
2018,Region IV-A CALABARZON,Mabini,0,0,71830,71830,0
2018,Region IV-A CALABARZON,Malvar,9061,0,25949,35010,0
2018,Region IV-A CALABARZON,Mataas na Kahoy,0,0,0,0,0
2018,Region IV-A CALABARZON,Nasugbu,26238,0,792773,819011,0
2018,Region IV-A CALABARZON,Rosario,0,0,0,0,0
2018,Region IV-A CALABARZON,San Juan,814,0,349782,350596,0
2018,Region IV-A CALABARZON,San Pascual,0,0,0,0,0
2018,Region IV-A CALABARZON,Santo Tomas,22851,0,58233,81084,0
2018,Region IV-A CALABARZON,Taal,0,0,0,0,0
2018,Region IV-A CALABARZON,Talisay,396931,0,198109,595040,0
2018,Region IV-A CALABARZON,Tanauan,0,0,2209,2209,0
2018,Region IV-A CALABARZON,Tingloy,0,0,72237,72237,0
2018,Region IV-A CALABARZON,Cavite,59998,0,1045888,1105886,0
2018,Region IV-A CALABARZON,Amadeo,0,0,5281,5281,0
2018,Region IV-A CALABARZON,Carmona,0,0,0,0,0
2018,Region IV-A CALABARZON,Cavite City,0,0,0,0,0
2018,Region IV-A CALABARZON,City of Dasmariñas,0,0,0,0,0
2018,Region IV-A CALABARZON,Gen. Trias,14605,0,21616,36221,0
2018,Region IV-A CALABARZON,Tagaytay City,21342,0,984702,1006044,0
2018,Region IV-A CALABARZON,Trece Martirez,24051,0,34289,58340,0
2018,Region IV-A CALABARZON,Laguna,18472,44,1098480,1116996,0
2018,Region IV-A CALABARZON,Calamba City,1178,0,887643,888821,0
2018,Region IV-A CALABARZON,Calauan,396,0,14071,14467,0
2018,Region IV-A CALABARZON,Cavinti,0,0,0,0,0
2018,Region IV-A CALABARZON,Los Bañ0s,62,0,66658,66720,0
2018,Region IV-A CALABARZON,Lumban,1954,0,83647,85601,0
2018,Region IV-A CALABARZON,Majayjay,0,0,8270,8270,0
2018,Region IV-A CALABARZON,Nagcarlan,95,44,6158,6297,0
2018,Region IV-A CALABARZON,Rizal,13100,0,20309,33409,0
2018,Region IV-A CALABARZON,Pakil,0,0,0,0,0
2018,Region IV-A CALABARZON,San Pablo,0,0,0,0,0
2018,Region IV-A CALABARZON,Santa Cruz,0,0,0,0,0
2018,Region IV-A CALABARZON,Sta. Rosa City,1687,0,11724,13411,0
2018,Region IV-A CALABARZON,Victoria,0,0,0,0,0
2018,Region IV-A CALABARZON,Quezon,10139,3488,1094608,1108235,0
2018,Region IV-A CALABARZON,Agdangan,0,0,12163,12163,0
2018,Region IV-A CALABARZON,Alamat,18,0,1339,1357,0
2018,Region IV-A CALABARZON,Atimonan,0,0,107274,107274,0
2018,Region IV-A CALABARZON,Buenavista,3,0,18,21,0
2018,Region IV-A CALABARZON,Burdeos,0,0,49,49,0
2018,Region IV-A CALABARZON,Calauag,5,0,149,154,0
2018,Region IV-A CALABARZON,Catanauan,337,0,8705,9042,0
2018,Region IV-A CALABARZON,Candelaria,368,0,1979,2347,0
2018,Region IV-A CALABARZON,Dolores,0,0,3765,3765,0
2018,Region IV-A CALABARZON,Gen Luna,0,0,0,0,0
2018,Region IV-A CALABARZON,Gen. Nakar,0,0,8486,8486,0
2018,Region IV-A CALABARZON,Guinayangan,0,0,1916,1916,0
2018,Region IV-A CALABARZON,Gumaca,161,0,31820,31981,0
2018,Region IV-A CALABARZON,Infanta,0,0,25296,25296,0
2018,Region IV-A CALABARZON,Jomalig,0,0,18215,18215,0
2018,Region IV-A CALABARZON,Lopez,490,0,8152,8642,0
2018,Region IV-A CALABARZON,Lucban,0,0,0,0,0
2018,Region IV-A CALABARZON,Lucena City,0,0,0,0,0
2018,Region IV-A CALABARZON,Macelolon,0,0,0,0,0
2018,Region IV-A CALABARZON,Mauban,1840,0,161051,162891,0
2018,Region IV-A CALABARZON,Malunay,0,0,0,0,0
2018,Region IV-A CALABARZON,Padre Burgos,88,0,18490,18578,0
2018,Region IV-A CALABARZON,Pagbilao,207,0,3146,3353,0
2018,Region IV-A CALABARZON,Panukulan,0,0,0,0,0
2018,Region IV-A CALABARZON,Patnanungan,0,0,606,606,0
2018,Region IV-A CALABARZON,Plaridel,0,0,0,0,0
2018,Region IV-A CALABARZON,Perez,24,0,478,502,0
2018,Region IV-A CALABARZON,Polillo,188,0,2110,2298,0
2018,Region IV-A CALABARZON,Quezon,23,0,4997,5020,0
2018,Region IV-A CALABARZON,Real,0,0,99176,99176,0
2018,Region IV-A CALABARZON,Sampaloc,232,0,0,232,0
2018,Region IV-A CALABARZON,San Andres,0,0,9786,9786,0
2018,Region IV-A CALABARZON,San Antonio,0,0,5095,5095,0
2018,Region IV-A CALABARZON,San Francisco,0,0,0,0,0
2018,Region IV-A CALABARZON,Sariaya,5674,0,424647,430321,0
2018,Region IV-A CALABARZON,Tagkawayan,70,0,8897,8967,0
2018,Region IV-A CALABARZON,Tayabas,0,0,106585,106585,0
2018,Region IV-A CALABARZON,Tiaong,411,3488,20218,24117,0
2018,Region IV-A CALABARZON,Unisan,0,0,0,0,0
2018,Region IV-A CALABARZON,Rizal,2966,0,1732842,1735808,0
2018,Region IV-A CALABARZON,Antipolo City,666,0,234333,234999,0
2018,Region IV-A CALABARZON,Angono,0,0,0,0,0
2018,Region IV-A CALABARZON,Baras,0,0,0,0,0
2018,Region IV-A CALABARZON,Binangonan,0,0,14987,14987,0
2018,Region IV-A CALABARZON,Cainta,0,0,2011,2011,0
2018,Region IV-A CALABARZON,Cordona,0,0,0,0,0
2018,Region IV-A CALABARZON,Jalajala,0,0,0,0,0
2018,Region IV-A CALABARZON,Morong,0,0,0,0,0
2018,Region IV-A CALABARZON,Pililia,0,0,0,0,0
2018,Region IV-A CALABARZON,Rodriguez,0,0,357165,357165,0
2018,Region IV-A CALABARZON,San Mateo,0,0,0,0,0
2018,Region IV-A CALABARZON,Tanay,2300,0,997153,999453,0
2018,Region IV-A CALABARZON,Taytay,0,0,127193,127193,0
2018,Region IV-A CALABARZON,Teresa,0,0,0,0,0
2018,Region IV-B MIMAROPA,Region IV-B MIMAROPA,753629,7953,1729015,2490597,1
2018,Region IV-B MIMAROPA,Marinduque,269,0,43427,43696,0
2018,Region IV-B MIMAROPA,Boac,72,0,15471,15543,0
2018,Region IV-B MIMAROPA,Buenavista,0,0,149,149,0
2018,Region IV-B MIMAROPA,Gasan,137,0,3222,3359,0
2018,Region IV-B MIMAROPA,Mogpog,0,0,525,525,0
2018,Region IV-B MIMAROPA,Sta. Cruz,60,0,17685,17745,0
2018,Region IV-B MIMAROPA,Torrijos,0,0,6375,6375,0
2018,Region IV-B MIMAROPA,Occidental Mindoro,6061,152,155889,162102,0
2018,Region IV-B MIMAROPA,Abra de Ilog,0,0,500,500,0
2018,Region IV-B MIMAROPA,Calintaan,516,0,2595,3111,0
2018,Region IV-B MIMAROPA,Looc,30,0,79,109,0
2018,Region IV-B MIMAROPA,Lubang,335,152,12417,12904,0
2018,Region IV-B MIMAROPA,Magsaysay,34,0,8528,8562,0
2018,Region IV-B MIMAROPA,Mamburao,114,0,33014,33128,0
2018,Region IV-B MIMAROPA,Paluan,0,0,155,155,0
2018,Region IV-B MIMAROPA,Rizal,0,0,311,311,0
2018,Region IV-B MIMAROPA,Sablayan,3196,0,28781,31977,0
2018,Region IV-B MIMAROPA,San Jose,1730,0,64430,66160,0
2018,Region IV-B MIMAROPA,Santa Cruz,106,0,5079,5185,0
2018,Region IV-B MIMAROPA,Others,0,0,0,0,0
2018,Region IV-B MIMAROPA,Oriental Mindoro,47012,211,329671,376894,0
2018,Region IV-B MIMAROPA,Baco,59,0,728,787,0
2018,Region IV-B MIMAROPA,Bansud,35,205,8609,8849,0
2018,Region IV-B MIMAROPA,Bongabong,52,0,2639,2691,0
2018,Region IV-B MIMAROPA,Bulalacao,301,0,29219,29520,0
2018,Region IV-B MIMAROPA,Calapan City,7096,0,96278,103374,0
2018,Region IV-B MIMAROPA,Gloria,59,0,46234,46293,0
2018,Region IV-B MIMAROPA,Mansalay,117,0,1302,1419,0
2018,Region IV-B MIMAROPA,Naujan,0,0,7169,7169,0
2018,Region IV-B MIMAROPA,Pinamalayan,169,0,7419,7588,0
2018,Region IV-B MIMAROPA,Pola,10,0,2386,2396,0
2018,Region IV-B MIMAROPA,Puerto Galera,38714,6,80240,118960,0
2018,Region IV-B MIMAROPA,Roxas,76,0,32210,32286,0
2018,Region IV-B MIMAROPA,San Teodoro,125,0,8453,8578,0
2018,Region IV-B MIMAROPA,Socorro,0,0,3214,3214,0
2018,Region IV-B MIMAROPA,Victoria,199,0,3571,3770,0
2018,Region IV-B MIMAROPA,Palawan,217299,1262,365883,584444,0
2018,Region IV-B MIMAROPA,Aborlan,560,0,1678,2238,0
2018,Region IV-B MIMAROPA,Araceli,62,0,456,518,0
2018,Region IV-B MIMAROPA,Balabac,1533,31,1823,3387,0
2018,Region IV-B MIMAROPA,Bataraza,0,0,12749,12749,0
2018,Region IV-B MIMAROPA,Busuanga,1770,0,1468,3238,0
2018,Region IV-B MIMAROPA,Brookes Point,863,0,19746,20609,0
2018,Region IV-B MIMAROPA,Cagayancillo,0,0,0,0,0
2018,Region IV-B MIMAROPA,Coron,44618,140,163342,208100,0
2018,Region IV-B MIMAROPA,Cuyo,181,0,4871,5052,0
2018,Region IV-B MIMAROPA,Culion,375,0,2856,3231,0
2018,Region IV-B MIMAROPA,El Nido,0,0,1112,1112,0
2018,Region IV-B MIMAROPA,Dumaran,122460,1083,78769,202312,0
2018,Region IV-B MIMAROPA,Espanola,4,0,1902,1906,0
2018,Region IV-B MIMAROPA,Linapacan,7491,7,1203,8701,0
2018,Region IV-B MIMAROPA,Magsaysay,58,0,13,71,0
2018,Region IV-B MIMAROPA,Narra,290,0,20838,21128,0
2018,Region IV-B MIMAROPA,Quezon,299,0,15596,15895,0
2018,Region IV-B MIMAROPA,Rizal,1260,0,7281,8541,0
2018,Region IV-B MIMAROPA,Roxas,590,0,16668,17258,0
2018,Region IV-B MIMAROPA,San Vicente,27556,1,7493,35050,0
2018,Region IV-B MIMAROPA,Taytay,7329,0,6019,13348,0
2018,Region IV-B MIMAROPA,Romblon,1158,2,43983,45143,0
2018,Region IV-B MIMAROPA,Alcantara,96,2,1990,2088,0
2018,Region IV-B MIMAROPA,Calatrava,0,0,349,349,0
2018,Region IV-B MIMAROPA,Ferrol,0,0,262,262,0
2018,Region IV-B MIMAROPA,Looc,4,0,149,153,0
2018,Region IV-B MIMAROPA,Magdiwang,0,0,0,0,0
2018,Region IV-B MIMAROPA,Odiongan,162,0,22031,22193,0
2018,Region IV-B MIMAROPA,Romblon,639,0,15126,15765,0
2018,Region IV-B MIMAROPA,San Agustin,14,0,387,401,0
2018,Region IV-B MIMAROPA,San Andres,0,0,0,0,0
2018,Region IV-B MIMAROPA,San Fernando,33,0,272,305,0
2018,Region IV-B MIMAROPA,San Jose,210,0,2227,2437,0
2018,Region IV-B MIMAROPA,Santa Maria,0,0,1190,1190,0
2018,Region IV-B MIMAROPA,Puerto Princesa City,481830,6326,790162,1278318,0
2018,Region V (BICOL REGION),Region V (BICOL REGION),1003485,22674,5091441,6117600,1
2018,Region V (BICOL REGION),Albay,395225,205,1434338,1829768,0
2018,Region V (BICOL REGION),Legazpi City,383605,0,870778,1254383,0
2018,Region V (BICOL REGION),Bacacay,0,0,0,0,0
2018,Region V (BICOL REGION),Camalig,0,0,0,0,0
2018,Region V (BICOL REGION),Daraga,0,0,0,0,0
2018,Region V (BICOL REGION),Guinobotan,0,0,0,0,0
2018,Region V (BICOL REGION),Jovellar,0,0,0,0,0
2018,Region V (BICOL REGION),Libon,0,0,0,0,0
2018,Region V (BICOL REGION),Ligao City,0,0,0,0,0
2018,Region V (BICOL REGION),Malilipot,0,0,0,0,0
2018,Region V (BICOL REGION),Malinao,0,0,0,0,0
2018,Region V (BICOL REGION),Manito,0,0,0,0,0
2018,Region V (BICOL REGION),Oas,0,0,0,0,0
2018,Region V (BICOL REGION),Pio Duran,0,0,0,0,0
2018,Region V (BICOL REGION),Polangui,0,0,0,0,0
2018,Region V (BICOL REGION),Rapu Rapu,0,0,0,0,0
2018,Region V (BICOL REGION),Sto. Domingo,0,0,0,0,0
2018,Region V (BICOL REGION),Tabaco City,0,0,0,0,0
2018,Region V (BICOL REGION),Tiwi,0,0,0,0,0
2018,Region V (BICOL REGION),Others,11620,205,563560,575385,0
2018,Region V (BICOL REGION),Camarines Norte,41466,21066,499113,561645,0
2018,Region V (BICOL REGION),Basud,0,0,0,0,0
2018,Region V (BICOL REGION),Capalonga,0,0,0,0,0
2018,Region V (BICOL REGION),Daet,0,0,0,0,0
2018,Region V (BICOL REGION),Jose Panganiban,0,0,0,0,0
2018,Region V (BICOL REGION),Labo,0,0,0,0,0
2018,Region V (BICOL REGION),Mercedes,0,0,0,0,0
2018,Region V (BICOL REGION),Paracale,0,0,0,0,0
2018,Region V (BICOL REGION),San Lorenzo Ruiz,0,0,0,0,0
2018,Region V (BICOL REGION),San Vicente,0,0,0,0,0
2018,Region V (BICOL REGION),Sta Elena,0,0,0,0,0
2018,Region V (BICOL REGION),Talisay,0,0,0,0,0
2018,Region V (BICOL REGION),Vinzons,0,0,0,0,0
2018,Region V (BICOL REGION),Others,41466,21066,499113,561645,0
2018,Region V (BICOL REGION),Camarines Sur,514913,0,2568371,3083284,0
2018,Region V (BICOL REGION),Iriga City,14600,0,43713,58313,0
2018,Region V (BICOL REGION),Naga City,198361,0,1285853,1484214,0
2018,Region V (BICOL REGION),Others,301952,0,1238805,1540757,0
2018,Region V (BICOL REGION),Catanduanes,7759,0,221463,229222,0
2018,Region V (BICOL REGION),Bagamanoc,0,0,0,0,0
2018,Region V (BICOL REGION),Bato,0,0,0,0,0
2018,Region V (BICOL REGION),Baras,0,0,0,0,0
2018,Region V (BICOL REGION),Caramoran,0,0,0,0,0
2018,Region V (BICOL REGION),Gigmoto,0,0,0,0,0
2018,Region V (BICOL REGION),Pandan,0,0,0,0,0
2018,Region V (BICOL REGION),Panganiban,0,0,0,0,0
2018,Region V (BICOL REGION),San Andres,0,0,0,0,0
2018,Region V (BICOL REGION),San Miguel,0,0,0,0,0
2018,Region V (BICOL REGION),Viga,0,0,0,0,0
2018,Region V (BICOL REGION),Virac,0,0,0,0,0
2018,Region V (BICOL REGION),Masbate Province,625,6,48748,49379,0
2018,Region V (BICOL REGION),Aroroy,0,0,0,0,0
2018,Region V (BICOL REGION),Baleno,0,0,0,0,0
2018,Region V (BICOL REGION),Balud,0,0,0,0,0
2018,Region V (BICOL REGION),Batuan,0,0,0,0,0
2018,Region V (BICOL REGION),Cataingan,0,0,0,0,0
2018,Region V (BICOL REGION),Cawayan,0,0,0,0,0
2018,Region V (BICOL REGION),Claveria,0,0,0,0,0
2018,Region V (BICOL REGION),Dimasalang,0,0,0,0,0
2018,Region V (BICOL REGION),Esperanza,0,0,0,0,0
2018,Region V (BICOL REGION),Mandaon,0,0,0,0,0
2018,Region V (BICOL REGION),Milagros,0,0,0,0,0
2018,Region V (BICOL REGION),Mobo,0,0,0,0,0
2018,Region V (BICOL REGION),Monreal,0,0,0,0,0
2018,Region V (BICOL REGION),Palanas,0,0,0,0,0
2018,Region V (BICOL REGION),Pio V. Corpus,0,0,0,0,0
2018,Region V (BICOL REGION),Placer,0,0,0,0,0
2018,Region V (BICOL REGION),San Fernando,0,0,0,0,0
2018,Region V (BICOL REGION),San Jacinto,0,0,0,0,0
2018,Region V (BICOL REGION),San Pascual,0,0,0,0,0
2018,Region V (BICOL REGION),Masbate City,7800,0,102324,110124,0
2018,Region V (BICOL REGION),Sorsogon Province,7211,1397,70883,79491,0
2018,Region V (BICOL REGION),Sorsogon City,28486,0,146201,174687,0
2018,Region VI (WESTERN VISAYAS),Region VI (WESTERN VISAYAS),783731,43095,4129072,4955898,1
2018,Region VI (WESTERN VISAYAS),Boracay,565351,21959,354558,941868,0
2018,Region VI (WESTERN VISAYAS),Aklan,7237,80,154149,161466,0
2018,Region VI (WESTERN VISAYAS),Buruanga,546,72,22004,22622,0
2018,Region VI (WESTERN VISAYAS),Kalibo,6462,0,124211,130673,0
2018,Region VI (WESTERN VISAYAS),Nabas,2,0,59,61,0
2018,Region VI (WESTERN VISAYAS),New Washington,227,8,7875,8110,0
2018,Region VI (WESTERN VISAYAS),Numancia,0,0,0,0,0
2018,Region VI (WESTERN VISAYAS),Tangalan,0,0,0,0,0
2018,Region VI (WESTERN VISAYAS),Antique,6668,0,101552,108220,0
2018,Region VI (WESTERN VISAYAS),Anini-y,233,0,41194,41427,0
2018,Region VI (WESTERN VISAYAS),Belison,97,0,856,953,0
2018,Region VI (WESTERN VISAYAS),Bugasong,0,0,0,0,0
2018,Region VI (WESTERN VISAYAS),Caluya,0,0,10053,10053,0
2018,Region VI (WESTERN VISAYAS),Culasi,2334,0,25606,27940,0
2018,Region VI (WESTERN VISAYAS),Hamtic,0,0,0,0,0
2018,Region VI (WESTERN VISAYAS),Laua-an,0,0,37,37,0
2018,Region VI (WESTERN VISAYAS),Libertad,0,0,255,255,0
2018,Region VI (WESTERN VISAYAS),Pandan,2766,0,7590,10356,0
2018,Region VI (WESTERN VISAYAS),Patnogon,0,0,217,217,0
2018,Region VI (WESTERN VISAYAS),San Remegio,0,0,0,0,0
2018,Region VI (WESTERN VISAYAS),Sebaste,1234,0,6224,7458,0
2018,Region VI (WESTERN VISAYAS),San Jose,0,0,3006,3006,0
2018,Region VI (WESTERN VISAYAS),Sibalom,0,0,6114,6114,0
2018,Region VI (WESTERN VISAYAS),Tibiao,0,0,0,0,0
2018,Region VI (WESTERN VISAYAS),Tobias Fornier,0,0,175,175,0
2018,Region VI (WESTERN VISAYAS),Valderrama,4,0,225,229,0
2018,Region VI (WESTERN VISAYAS),Capiz,4437,4175,257050,265662,0
2018,Region VI (WESTERN VISAYAS),Cuartero,0,0,2591,2591,0
2018,Region VI (WESTERN VISAYAS),Dao,50,10,3328,3388,0
2018,Region VI (WESTERN VISAYAS),Dumalag,5,0,2938,2943,0
2018,Region VI (WESTERN VISAYAS),Dumarao,30,97,763,890,0
2018,Region VI (WESTERN VISAYAS),Ivisan,10,0,5877,5887,0
2018,Region VI (WESTERN VISAYAS),Jamindan,9,2,2752,2763,0
2018,Region VI (WESTERN VISAYAS),Maayon,0,0,1373,1373,0
2018,Region VI (WESTERN VISAYAS),Mambusao,2,3,2667,2672,0
2018,Region VI (WESTERN VISAYAS),Panay,0,0,2235,2235,0
2018,Region VI (WESTERN VISAYAS),Panitan,35,0,2013,2048,0
2018,Region VI (WESTERN VISAYAS),Pilar,166,0,4360,4526,0
2018,Region VI (WESTERN VISAYAS),Pontevedra,27,4,15762,15793,0
2018,Region VI (WESTERN VISAYAS),Pres. Roxas,10,0,4833,4843,0
2018,Region VI (WESTERN VISAYAS),Roxas City,4001,3993,195241,203235,0
2018,Region VI (WESTERN VISAYAS),Sapian,66,66,2676,2808,0
2018,Region VI (WESTERN VISAYAS),Sigma,26,0,3873,3899,0
2018,Region VI (WESTERN VISAYAS),Tapaz,0,0,3768,3768,0
2018,Region VI (WESTERN VISAYAS),Guimaras,7494,0,126031,133525,0
2018,Region VI (WESTERN VISAYAS),Buenavista,15,0,6016,6031,0
2018,Region VI (WESTERN VISAYAS),Jordan,128,0,11549,11677,0
2018,Region VI (WESTERN VISAYAS),Nueva Valencia,6112,0,97553,103665,0
2018,Region VI (WESTERN VISAYAS),San Lorenzo,563,0,8728,9291,0
2018,Region VI (WESTERN VISAYAS),Sibunag,676,0,2185,2861,0
2018,Region VI (WESTERN VISAYAS),Others,0,0,0,0,0
2018,Region VI (WESTERN VISAYAS),Iloilo Province,6558,13,340804,347375,0
2018,Region VI (WESTERN VISAYAS),Ajuy,126,13,1997,2136,0
2018,Region VI (WESTERN VISAYAS),Alimodian,1,0,513,514,0
2018,Region VI (WESTERN VISAYAS),Badiangan,208,0,6498,6706,0
2018,Region VI (WESTERN VISAYAS),Balasan,5,0,771,776,0
2018,Region VI (WESTERN VISAYAS),Banate,0,0,11428,11428,0
2018,Region VI (WESTERN VISAYAS),Barotac Nuevo,2,0,518,520,0
2018,Region VI (WESTERN VISAYAS),Barotac Viejo,0,0,2674,2674,0
2018,Region VI (WESTERN VISAYAS),Batad,0,0,0,0,0
2018,Region VI (WESTERN VISAYAS),Bingawan,0,0,5751,5751,0
2018,Region VI (WESTERN VISAYAS),Cabatuan,148,0,5358,5506,0
2018,Region VI (WESTERN VISAYAS),Calinog,0,0,7824,7824,0
2018,Region VI (WESTERN VISAYAS),Carles,1618,0,73444,75062,0
2018,Region VI (WESTERN VISAYAS),Concepcion,140,0,16480,16620,0
2018,Region VI (WESTERN VISAYAS),Dingle,0,0,84,84,0
2018,Region VI (WESTERN VISAYAS),Duenas,5,0,1752,1757,0
2018,Region VI (WESTERN VISAYAS),Dumangas,1,0,2253,2254,0
2018,Region VI (WESTERN VISAYAS),Estancia,1653,0,38860,40513,0
2018,Region VI (WESTERN VISAYAS),Guimbal,60,0,17166,17226,0
2018,Region VI (WESTERN VISAYAS),Igbaras,12,0,1856,1868,0
2018,Region VI (WESTERN VISAYAS),Januiay,0,0,6133,6133,0
2018,Region VI (WESTERN VISAYAS),Lambunao,0,0,3843,3843,0
2018,Region VI (WESTERN VISAYAS),Leganes,456,0,30436,30892,0
2018,Region VI (WESTERN VISAYAS),Lemery,35,0,679,714,0
2018,Region VI (WESTERN VISAYAS),Leon,38,0,10856,10894,0
2018,Region VI (WESTERN VISAYAS),Maasin,12,0,5350,5362,0
2018,Region VI (WESTERN VISAYAS),Miagao,7,0,1217,1224,0
2018,Region VI (WESTERN VISAYAS),Mina,0,0,0,0,0
2018,Region VI (WESTERN VISAYAS),New Lucena,16,0,9621,9637,0
2018,Region VI (WESTERN VISAYAS),Oton,960,0,11611,12571,0
2018,Region VI (WESTERN VISAYAS),Passi,77,0,7711,7788,0
2018,Region VI (WESTERN VISAYAS),Pavia,36,0,1434,1470,0
2018,Region VI (WESTERN VISAYAS),Pototan,44,0,7796,7840,0
2018,Region VI (WESTERN VISAYAS),San Dionisio,6,0,2314,2320,0
2018,Region VI (WESTERN VISAYAS),San Enrique,0,0,1238,1238,0
2018,Region VI (WESTERN VISAYAS),San Joaquin,188,0,16000,16188,0
2018,Region VI (WESTERN VISAYAS),San Miguel,0,0,5430,5430,0
2018,Region VI (WESTERN VISAYAS),Sara,2,0,7726,7728,0
2018,Region VI (WESTERN VISAYAS),Sta. Barbara,265,0,5632,5897,0
2018,Region VI (WESTERN VISAYAS),Tigbauan,435,0,9006,9441,0
2018,Region VI (WESTERN VISAYAS),Tubungan,2,0,72,74,0
2018,Region VI (WESTERN VISAYAS),Zarraga,0,0,1472,1472,0
2018,Region VI (WESTERN VISAYAS),Negros Occidental,34690,118,885434,920242,0
2018,Region VI (WESTERN VISAYAS),Bago,109,0,29968,30077,0
2018,Region VI (WESTERN VISAYAS),Binalbagan,65,0,9117,9182,0
2018,Region VI (WESTERN VISAYAS),Cadiz,3711,0,51466,55177,0
2018,Region VI (WESTERN VISAYAS),Calatrava,21,0,3227,3248,0
2018,Region VI (WESTERN VISAYAS),Candoni,0,0,0,0,0
2018,Region VI (WESTERN VISAYAS),Cauayan,0,0,0,0,0
2018,Region VI (WESTERN VISAYAS),DS Benedicto,0,0,0,0,0
2018,Region VI (WESTERN VISAYAS),Escalante,89,0,27921,28010,0
2018,Region VI (WESTERN VISAYAS),Hinigaran,32,0,12212,12244,0
2018,Region VI (WESTERN VISAYAS),Hinobaan,732,79,13946,14757,0
2018,Region VI (WESTERN VISAYAS),Kabankalan,1326,0,62194,63520,0
2018,Region VI (WESTERN VISAYAS),La Carlota,23,0,14892,14915,0
2018,Region VI (WESTERN VISAYAS),Las Castellana,0,0,0,0,0
2018,Region VI (WESTERN VISAYAS),Mambukal,0,0,0,0,0
2018,Region VI (WESTERN VISAYAS),Manapla,607,0,5982,6589,0
2018,Region VI (WESTERN VISAYAS),Moises,0,0,0,0,0
2018,Region VI (WESTERN VISAYAS),Murcia,3923,0,414345,418268,0
2018,Region VI (WESTERN VISAYAS),Pulupandan,0,0,0,0,0
2018,Region VI (WESTERN VISAYAS),Sagay,204,0,20585,20789,0
2018,Region VI (WESTERN VISAYAS),San Carlos,349,39,55258,55646,0
2018,Region VI (WESTERN VISAYAS),San Enrique,0,0,0,0,0
2018,Region VI (WESTERN VISAYAS),Silay,13,0,22039,22052,0
2018,Region VI (WESTERN VISAYAS),Sipalay,22924,0,88314,111238,0
2018,Region VI (WESTERN VISAYAS),Talisay,562,0,49402,49964,0
2018,Region VI (WESTERN VISAYAS),Victorias,0,0,4566,4566,0
2018,Region VI (WESTERN VISAYAS),Bacolod City,80509,0,754944,835453,0
2018,Region VI (WESTERN VISAYAS),Iloilo City,70787,16750,1154550,1242087,0
2018,Region VII (CENTRAL VISAYAS),Region VII (CENTRAL VISAYAS),3602646,31649,4465051,8099346,1
2018,Region VII (CENTRAL VISAYAS),Bohol,641527,4555,850047,1496129,0
2018,Region VII (CENTRAL VISAYAS),Alicia,0,0,0,0,0
2018,Region VII (CENTRAL VISAYAS),Anda,8841,398,25448,34687,0
2018,Region VII (CENTRAL VISAYAS),Antequera,0,0,0,0,0
2018,Region VII (CENTRAL VISAYAS),Baclayon,2384,0,10853,13237,0
2018,Region VII (CENTRAL VISAYAS),Batuan,97,0,260,357,0
2018,Region VII (CENTRAL VISAYAS),Bien Unido,0,0,0,0,0
2018,Region VII (CENTRAL VISAYAS),Bilar,2494,0,15695,18189,0
2018,Region VII (CENTRAL VISAYAS),Buenavista,8,0,143,151,0
2018,Region VII (CENTRAL VISAYAS),Calape,1173,0,978,2151,0
2018,Region VII (CENTRAL VISAYAS),Candijay,20,0,600,620,0
2018,Region VII (CENTRAL VISAYAS),Carmen,2389,0,4392,6781,0
2018,Region VII (CENTRAL VISAYAS),Catigbian,0,0,116,116,0
2018,Region VII (CENTRAL VISAYAS),Danao,142,0,858,1000,0
2018,Region VII (CENTRAL VISAYAS),Dauis,36186,17,33813,70016,0
2018,Region VII (CENTRAL VISAYAS),Dimiao,0,0,0,0,0
2018,Region VII (CENTRAL VISAYAS),Garcia Hernandez,0,0,0,0,0
2018,Region VII (CENTRAL VISAYAS),Getafe,0,0,0,0,0
2018,Region VII (CENTRAL VISAYAS),Guindulman,1281,0,6094,7375,0
2018,Region VII (CENTRAL VISAYAS),Inabanga,0,0,890,890,0
2018,Region VII (CENTRAL VISAYAS),Jagna,585,0,11300,11885,0
2018,Region VII (CENTRAL VISAYAS),Lila,105,0,236,341,0
2018,Region VII (CENTRAL VISAYAS),Loay,0,0,0,0,0
2018,Region VII (CENTRAL VISAYAS),Loon,1522,0,532,2054,0
2018,Region VII (CENTRAL VISAYAS),Loboc,2385,0,450,2835,0
2018,Region VII (CENTRAL VISAYAS),Maribojoc,217,0,651,868,0
2018,Region VII (CENTRAL VISAYAS),Panglao,526388,927,336057,863372,0
2018,Region VII (CENTRAL VISAYAS),Sagbayan,0,0,0,0,0
2018,Region VII (CENTRAL VISAYAS),San Isidro,0,0,0,0,0
2018,Region VII (CENTRAL VISAYAS),Sikatuna,0,0,508,508,0
2018,Region VII (CENTRAL VISAYAS),Tagbilaran,53830,3205,334622,391657,0
2018,Region VII (CENTRAL VISAYAS),Talibon,707,0,24264,24971,0
2018,Region VII (CENTRAL VISAYAS),Tubigon,279,8,9626,9913,0
2018,Region VII (CENTRAL VISAYAS),Ubay,0,0,25317,25317,0
2018,Region VII (CENTRAL VISAYAS),Valencia,494,0,6344,6838,0
2018,Region VII (CENTRAL VISAYAS),Cebu,456313,6485,630623,1093421,0
2018,Region VII (CENTRAL VISAYAS),Alcoy,2502,0,12989,15491,0
2018,Region VII (CENTRAL VISAYAS),Alcantara,0,0,0,0,0
2018,Region VII (CENTRAL VISAYAS),Alegria,396,0,9382,9778,0
2018,Region VII (CENTRAL VISAYAS),Aloquinsan,8,0,1770,1778,0
2018,Region VII (CENTRAL VISAYAS),Argao,1048,223,16897,18168,0
2018,Region VII (CENTRAL VISAYAS),Asturias,346,0,3932,4278,0
2018,Region VII (CENTRAL VISAYAS),Badian,26,0,768,794,0
2018,Region VII (CENTRAL VISAYAS),Balamban,487,0,4555,5042,0
2018,Region VII (CENTRAL VISAYAS),Bantayan,232,0,20249,20481,0
2018,Region VII (CENTRAL VISAYAS),Barili,450,0,1600,2050,0
2018,Region VII (CENTRAL VISAYAS),Bogo City,1224,0,32792,34016,0
2018,Region VII (CENTRAL VISAYAS),Borbon,34,0,318,352,0
2018,Region VII (CENTRAL VISAYAS),Boljoon,4454,0,9403,13857,0
2018,Region VII (CENTRAL VISAYAS),Carcar,1834,0,4083,5917,0
2018,Region VII (CENTRAL VISAYAS),Carmen,0,0,0,0,0
2018,Region VII (CENTRAL VISAYAS),Catmon,0,0,0,0,0
2018,Region VII (CENTRAL VISAYAS),City of Naga,0,0,0,0,0
2018,Region VII (CENTRAL VISAYAS),Cordova,164022,65,19706,183793,0
2018,Region VII (CENTRAL VISAYAS),Daanbantayan,86369,3279,28343,117991,0
2018,Region VII (CENTRAL VISAYAS),Dalaguete,868,0,21769,22637,0
2018,Region VII (CENTRAL VISAYAS),Danao City,3753,0,42011,45764,0
2018,Region VII (CENTRAL VISAYAS),Ginatilan,0,0,0,0,0
2018,Region VII (CENTRAL VISAYAS),Madridejos,0,0,0,0,0
2018,Region VII (CENTRAL VISAYAS),Medellin,32153,0,20137,52290,0
2018,Region VII (CENTRAL VISAYAS),Minglanilla,0,0,0,0,0
2018,Region VII (CENTRAL VISAYAS),Moalboal,30355,5,6008,36368,0
2018,Region VII (CENTRAL VISAYAS),Oslob,37830,1602,45582,85014,0
2018,Region VII (CENTRAL VISAYAS),Pilar,561,0,836,1397,0
2018,Region VII (CENTRAL VISAYAS),Pinamungahan,650,48,25155,25853,0
2018,Region VII (CENTRAL VISAYAS),Poro,436,0,2589,3025,0
2018,Region VII (CENTRAL VISAYAS),Ronda,292,0,784,1076,0
2018,Region VII (CENTRAL VISAYAS),Samboan,1071,0,2178,3249,0
2018,Region VII (CENTRAL VISAYAS),San Fernando,11222,0,373,11595,0
2018,Region VII (CENTRAL VISAYAS),San Francisco,13970,0,54824,68794,0
2018,Region VII (CENTRAL VISAYAS),San Remegio,24960,0,74502,99462,0
2018,Region VII (CENTRAL VISAYAS),Santander,3701,0,3365,7066,0
2018,Region VII (CENTRAL VISAYAS),Santa Fe,27947,1263,149822,179032,0
2018,Region VII (CENTRAL VISAYAS),Sibonga,0,0,494,494,0
2018,Region VII (CENTRAL VISAYAS),Sogod,260,0,2078,2338,0
2018,Region VII (CENTRAL VISAYAS),Tabogon,46,0,407,453,0
2018,Region VII (CENTRAL VISAYAS),Talisay,0,0,0,0,0
2018,Region VII (CENTRAL VISAYAS),Toledo City,2560,0,5124,7684,0
2018,Region VII (CENTRAL VISAYAS),Tuburan,88,0,4298,4386,0
2018,Region VII (CENTRAL VISAYAS),Tudela,158,0,1500,1658,0
2018,Region VII (CENTRAL VISAYAS),Negros Oriental,115924,386,766985,883295,0
2018,Region VII (CENTRAL VISAYAS),Amlan,334,0,2888,3222,0
2018,Region VII (CENTRAL VISAYAS),Bacong,1980,0,1423,3403,0
2018,Region VII (CENTRAL VISAYAS),Bais,3412,0,5521,8933,0
2018,Region VII (CENTRAL VISAYAS),Basay,1218,0,4583,5801,0
2018,Region VII (CENTRAL VISAYAS),Bayawan,755,0,14377,15132,0
2018,Region VII (CENTRAL VISAYAS),Canlaon,235,1,12944,13180,0
2018,Region VII (CENTRAL VISAYAS),Dauin,27704,0,7147,34851,0
2018,Region VII (CENTRAL VISAYAS),Dumaguete,50153,385,656151,706689,0
2018,Region VII (CENTRAL VISAYAS),Guijulngan,143,0,3855,3998,0
2018,Region VII (CENTRAL VISAYAS),La Libertad,3509,0,3051,6560,0
2018,Region VII (CENTRAL VISAYAS),Jimalaud,230,0,127,357,0
2018,Region VII (CENTRAL VISAYAS),Mabinay,5222,0,18275,23497,0
2018,Region VII (CENTRAL VISAYAS),Manjuyod,285,0,15421,15706,0
2018,Region VII (CENTRAL VISAYAS),San Jose,339,0,198,537,0
2018,Region VII (CENTRAL VISAYAS),Siaton,2890,0,3269,6159,0
2018,Region VII (CENTRAL VISAYAS),Sibulan,3395,0,1300,4695,0
2018,Region VII (CENTRAL VISAYAS),Tanjay,65,0,1513,1578,0
2018,Region VII (CENTRAL VISAYAS),Valencia,10177,0,14314,24491,0
2018,Region VII (CENTRAL VISAYAS),Zamboanguita,3878,0,628,4506,0
2018,Region VII (CENTRAL VISAYAS),Siquijor,66788,0,77238,144026,0
2018,Region VII (CENTRAL VISAYAS),E. Villanueva,631,0,854,1485,0
2018,Region VII (CENTRAL VISAYAS),Larena,3421,0,6694,10115,0
2018,Region VII (CENTRAL VISAYAS),Lazi,2440,0,3616,6056,0
2018,Region VII (CENTRAL VISAYAS),Maria,781,0,7852,8633,0
2018,Region VII (CENTRAL VISAYAS),San Juan,44932,0,27231,72163,0
2018,Region VII (CENTRAL VISAYAS),Siquijor,14583,0,30991,45574,0
2018,Region VII (CENTRAL VISAYAS),Cebu City,896107,12873,1650762,2559742,0
2018,Region VII (CENTRAL VISAYAS),Lapu-lapu City,1337958,2401,376579,1716938,0
2018,Region VII (CENTRAL VISAYAS),Mandaue City,88029,4949,112817,205795,0
2018,Region VIII (EASTERN VISAYAS),Region VIII (EASTERN VISAYAS),50674,2536,1724446,1777656,1
2018,Region VIII (EASTERN VISAYAS),Biliran,1159,0,17311,18470,0
2018,Region VIII (EASTERN VISAYAS),Almeria,284,0,2664,2948,0
2018,Region VIII (EASTERN VISAYAS),Caibiran,0,0,304,304,0
2018,Region VIII (EASTERN VISAYAS),Cabucgayan,54,0,421,475,0
2018,Region VIII (EASTERN VISAYAS),Culaba,0,0,0,0,0
2018,Region VIII (EASTERN VISAYAS),Kawayan,0,0,0,0,0
2018,Region VIII (EASTERN VISAYAS),Maripipi,0,0,0,0,0
2018,Region VIII (EASTERN VISAYAS),Naval,821,0,13922,14743,0
2018,Region VIII (EASTERN VISAYAS),Eastern Samar,1016,0,78064,79080,0
2018,Region VIII (EASTERN VISAYAS),Borongan City,638,0,59981,60619,0
2018,Region VIII (EASTERN VISAYAS),Can-Avid,7,0,1020,1027,0
2018,Region VIII (EASTERN VISAYAS),Gen. McArthur,0,0,0,0,0
2018,Region VIII (EASTERN VISAYAS),Guiuan,371,0,17063,17434,0
2018,Region VIII (EASTERN VISAYAS),Llorente,0,0,0,0,0
2018,Region VIII (EASTERN VISAYAS),Quinapondan,0,0,0,0,0
2018,Region VIII (EASTERN VISAYAS),Taft,0,0,0,0,0
2018,Region VIII (EASTERN VISAYAS),Leyte,10804,0,576855,587659,0
2018,Region VIII (EASTERN VISAYAS),Abuyog,0,0,0,0,0
2018,Region VIII (EASTERN VISAYAS),Alburera,0,0,106012,106012,0
2018,Region VIII (EASTERN VISAYAS),Bago,0,0,0,0,0
2018,Region VIII (EASTERN VISAYAS),Bato,0,0,8328,8328,0
2018,Region VIII (EASTERN VISAYAS),Baybay City,809,0,203408,204217,0
2018,Region VIII (EASTERN VISAYAS),Hilongos,0,0,12526,12526,0
2018,Region VIII (EASTERN VISAYAS),Inopacan,0,0,3152,3152,0
2018,Region VIII (EASTERN VISAYAS),Isabel,126,0,5360,5486,0
2018,Region VIII (EASTERN VISAYAS),Javier,0,0,0,0,0
2018,Region VIII (EASTERN VISAYAS),Kanangga,0,0,0,0,0
2018,Region VIII (EASTERN VISAYAS),Matalom,352,0,86893,87245,0
2018,Region VIII (EASTERN VISAYAS),McArthur,9,0,246,255,0
2018,Region VIII (EASTERN VISAYAS),Ormoc City,5747,0,104277,110024,0
2018,Region VIII (EASTERN VISAYAS),Palo,0,0,0,0,0
2018,Region VIII (EASTERN VISAYAS),Palompon,3735,0,41681,45416,0
2018,Region VIII (EASTERN VISAYAS),San Isidro,0,0,0,0,0
2018,Region VIII (EASTERN VISAYAS),Tolosa,26,0,4972,4998,0
2018,Region VIII (EASTERN VISAYAS),Northern Samar,643,0,103212,103855,0
2018,Region VIII (EASTERN VISAYAS),Allen,158,0,12686,12844,0
2018,Region VIII (EASTERN VISAYAS),Biri,121,0,6053,6174,0
2018,Region VIII (EASTERN VISAYAS),Bobon,4,0,2383,2387,0
2018,Region VIII (EASTERN VISAYAS),Capul,75,0,1487,1562,0
2018,Region VIII (EASTERN VISAYAS),Catarman,131,0,60202,60333,0
2018,Region VIII (EASTERN VISAYAS),Gamay,0,0,544,544,0
2018,Region VIII (EASTERN VISAYAS),Las Navas,0,0,323,323,0
2018,Region VIII (EASTERN VISAYAS),Laoang,0,0,0,0,0
2018,Region VIII (EASTERN VISAYAS),Lavezares,0,0,0,0,0
2018,Region VIII (EASTERN VISAYAS),Mondragon,21,0,481,502,0
2018,Region VIII (EASTERN VISAYAS),Navar,0,0,0,0,0
2018,Region VIII (EASTERN VISAYAS),Palapag,0,0,0,0,0
2018,Region VIII (EASTERN VISAYAS),San Antonio,131,0,14802,14933,0
2018,Region VIII (EASTERN VISAYAS),San Roque,2,0,837,839,0
2018,Region VIII (EASTERN VISAYAS),Victoria,0,0,3414,3414,0
2018,Region VIII (EASTERN VISAYAS),Samar,8723,0,250253,258976,0
2018,Region VIII (EASTERN VISAYAS),Calbayog City,7928,0,140459,148387,0
2018,Region VIII (EASTERN VISAYAS),Catbalogan,795,0,109794,110589,0
2018,Region VIII (EASTERN VISAYAS),Basey,0,0,0,0,0
2018,Region VIII (EASTERN VISAYAS),Marabut,0,0,0,0,0
2018,Region VIII (EASTERN VISAYAS),Paranas,0,0,0,0,0
2018,Region VIII (EASTERN VISAYAS),Southern Leyte,5248,9,164555,169812,0
2018,Region VIII (EASTERN VISAYAS),Hinunangan,137,0,10449,10586,0
2018,Region VIII (EASTERN VISAYAS),Hinundayan,45,0,1392,1437,0
2018,Region VIII (EASTERN VISAYAS),Liloan,65,0,6857,6922,0
2018,Region VIII (EASTERN VISAYAS),Limasawa,0,0,10339,10339,0
2018,Region VIII (EASTERN VISAYAS),Maasin City,2287,0,77024,79311,0
2018,Region VIII (EASTERN VISAYAS),Macrohon,2253,0,22610,24863,0
2018,Region VIII (EASTERN VISAYAS),Padre Burgos,0,0,0,0,0
2018,Region VIII (EASTERN VISAYAS),Pintuyan,0,0,0,0,0
2018,Region VIII (EASTERN VISAYAS),San Juan,25,0,1511,1536,0
2018,Region VIII (EASTERN VISAYAS),Saint Bernard,1,0,2743,2744,0
2018,Region VIII (EASTERN VISAYAS),Silago,0,0,601,601,0
2018,Region VIII (EASTERN VISAYAS),Sogod,433,0,27309,27742,0
2018,Region VIII (EASTERN VISAYAS),Tomas Oppus,2,9,3720,3731,0
2018,Region VIII (EASTERN VISAYAS),Others (Southern Leyte),0,0,0,0,0
2018,Region VIII (EASTERN VISAYAS),Tacloban City,23081,2527,534196,559804,0
2018,Region IX (ZAMBOANGA PENINSULA),Region IX (ZAMBOANGA PENINSULA),16830,15400,1096952,1129182,1
2018,Region IX (ZAMBOANGA PENINSULA),Zamboanga del Norte,5389,0,356514,361903,0
2018,Region IX (ZAMBOANGA PENINSULA),Dapitan City,867,0,126091,126958,0
2018,Region IX (ZAMBOANGA PENINSULA),Dipolog City,4458,0,217182,221640,0
2018,Region IX (ZAMBOANGA PENINSULA),Others,64,0,13241,13305,0
2018,Region IX (ZAMBOANGA PENINSULA),Zamboanga del Sur,2469,30,164939,167438,0
2018,Region IX (ZAMBOANGA PENINSULA),Pagadian City,704,0,145449,146153,0
2018,Region IX (ZAMBOANGA PENINSULA),Others,1765,30,19490,21285,0
2018,Region IX (ZAMBOANGA PENINSULA),Zamboanga Sibugay,86,0,85760,85846,0
2018,Region IX (ZAMBOANGA PENINSULA),Isabela City,0,0,0,0,0
2018,Region IX (ZAMBOANGA PENINSULA),Zamboanga City,8886,15370,489739,513995,0
2018,Region X (NORTHERN MINDANAO),Region X (NORTHERN MINDANAO),63444,218,3039362,3103024,1
2018,Region X (NORTHERN MINDANAO),Bukidnon,1988,0,310600,312588,0
2018,Region X (NORTHERN MINDANAO),Malaybalay City,1204,0,83681,84885,0
2018,Region X (NORTHERN MINDANAO),Valencia City,646,0,198467,199113,0
2018,Region X (NORTHERN MINDANAO),Others,138,0,28452,28590,0
2018,Region X (NORTHERN MINDANAO),Camiguin,16231,0,750874,767105,0
2018,Region X (NORTHERN MINDANAO),Lanao del Norte,615,0,39311,39926,0
2018,Region X (NORTHERN MINDANAO),Misamis Occidental,2700,0,573121,575821,0
2018,Region X (NORTHERN MINDANAO),Ozamis City,2528,0,315990,318518,0
2018,Region X (NORTHERN MINDANAO),Tangub City,26,0,24248,24274,0
2018,Region X (NORTHERN MINDANAO),Oroquieta City,122,0,216146,216268,0
2018,Region X (NORTHERN MINDANAO),Others,24,0,16737,16761,0
2018,Region X (NORTHERN MINDANAO),Misamis Oriental,1233,0,173092,174325,0
2018,Region X (NORTHERN MINDANAO),Gingoog City,308,0,122132,122440,0
2018,Region X (NORTHERN MINDANAO),Others,925,0,50960,51885,0
2018,Region X (NORTHERN MINDANAO),Cagayan de Oro City,37477,191,838868,876536,0
2018,Region X (NORTHERN MINDANAO),Iligan City,3200,27,353496,356723,0
2018,Region XI (DAVAO REGION),Region XI (DAVAO REGION),198005,60968,3716546,3975519,1
2018,Region XI (DAVAO REGION),Davao De Oro (ComVal),193,0,563241,563434,0
2018,Region XI (DAVAO REGION),Davao del Norte,6779,18,808895,815692,0
2018,Region XI (DAVAO REGION),Asuncion,0,0,0,0,0
2018,Region XI (DAVAO REGION),Island Garden City of Samal,0,0,0,0,0
2018,Region XI (DAVAO REGION),Kapalong,0,0,0,0,0
2018,Region XI (DAVAO REGION),New Corella,0,0,0,0,0
2018,Region XI (DAVAO REGION),Panabo City,0,0,0,0,0
2018,Region XI (DAVAO REGION),Tagum City,0,0,0,0,0
2018,Region XI (DAVAO REGION),Others,6779,18,808895,815692,0
2018,Region XI (DAVAO REGION),Davao del Sur,4004,2235,34321,40560,0
2018,Region XI (DAVAO REGION),Davao Occcidental,0,0,13100,13100,0
2018,Region XI (DAVAO REGION),Davao Oriental,2534,0,146804,149338,0
2018,Region XI (DAVAO REGION),Davao City,184495,58715,2150185,2393395,0
2018,Region XII (SOCCSSARGEN),Region XII (SOCCSSARGEN),18810,9,1681914,1700733,1
2018,Region XII (SOCCSSARGEN),North Cotabato,79,0,330683,330762,0
2018,Region XII (SOCCSSARGEN),Kidapawan City,79,0,254027,254106,0
2018,Region XII (SOCCSSARGEN),Others (Cotabato Province),0,0,76656,76656,0
2018,Region XII (SOCCSSARGEN),Sarangani,435,0,192364,192799,0
2018,Region XII (SOCCSSARGEN),South Cotabato,4989,9,321590,326588,0
2018,Region XII (SOCCSSARGEN),Koronadal City,4330,9,263523,267862,0
2018,Region XII (SOCCSSARGEN),Others,659,0,58067,58726,0
2018,Region XII (SOCCSSARGEN),Sultan Kudarat,77,0,29342,29419,0
2018,Region XII (SOCCSSARGEN),Tacurong City,77,0,29342,29419,0
2018,Region XII (SOCCSSARGEN),Others,0,0,0,0,0
2018,Region XII (SOCCSSARGEN),Cotabato City,1813,0,172195,174008,0
2018,Region XII (SOCCSSARGEN),General Santos City,11417,0,635740,647157,0
2018,Region XIII (CARAGA),Region XIII (CARAGA),87093,1804,1395520,1484417,1
2018,Region XIII (CARAGA),Agusan del Norte,366,14,62564,62944,0
2018,Region XIII (CARAGA),Cabadbaran City,251,0,43848,44099,0
2018,Region XIII (CARAGA),Others,115,14,18716,18845,0
2018,Region XIII (CARAGA),Agusan del Sur,592,0,188240,188832,0
2018,Region XIII (CARAGA),Bayugan,57,0,18815,18872,0
2018,Region XIII (CARAGA),Others,535,0,169425,169960,0
2018,Region XIII (CARAGA),Dinagat Islands,843,0,86509,87352,0
2018,Region XIII (CARAGA),Surigao del Norte,72133,316,422181,494630,0
2018,Region XIII (CARAGA),Siargao Islands,57037,308,123843,181188,0
2018,Region XIII (CARAGA),Surigao City,14600,8,273611,288219,0
2018,Region XIII (CARAGA),Others,496,0,24727,25223,0
2018,Region XIII (CARAGA),Surigao del Sur,1310,0,273214,274524,0
2018,Region XIII (CARAGA),Bislig City,107,0,48812,48919,0
2018,Region XIII (CARAGA),Tandag City,299,0,90300,90599,0
2018,Region XIII (CARAGA),Others,904,0,134102,135006,0
2018,Region XIII (CARAGA),Butuan City,11849,1474,362812,376135,0
2018,GRAND TOTAL,GRAND TOTAL,8211535,200548,44961494,53373577,1
2019,NCR (National Capital Region),NCR (National Capital Region),1709157,877,1327066,3037100,1
2019,NCR (National Capital Region),Caloocan City,0,0,0,0,0
2019,NCR (National Capital Region),Las Piñas City,0,0,0,0,0
2019,NCR (National Capital Region),Makati City,266807,0,108627,375434,0
2019,NCR (National Capital Region),Malabon City,0,0,197,197,0
2019,NCR (National Capital Region),Mandaluyong City,0,0,0,0,0
2019,NCR (National Capital Region),Manila,251088,0,281927,533015,0
2019,NCR (National Capital Region),Marikina City,0,0,0,0,0
2019,NCR (National Capital Region),Muntinlupa City,242231,0,188892,431123,0
2019,NCR (National Capital Region),Navotas City,0,0,0,0,0
2019,NCR (National Capital Region),Parañaque City,253641,877,259622,514140,0
2019,NCR (National Capital Region),Pasay City,368698,0,304230,672928,0
2019,NCR (National Capital Region),Pasig City,135399,0,6773,142172,0
2019,NCR (National Capital Region),Quezon City,21262,0,81724,102986,0
2019,NCR (National Capital Region),San Juan City,0,0,0,0,0
2019,NCR (National Capital Region),Taguig City,170031,0,95074,265105,0
2019,NCR (National Capital Region),Valenzuela City,0,0,0,0,0
2019,NCR (National Capital Region),Pateros,0,0,0,0,0
2019,CAR (Cordillera Administrative Region),CAR (Cordillera Administrative Region),85066,285,1930049,2015400,1
2019,CAR (Cordillera Administrative Region),Abra,54,0,2894,2948,0
2019,CAR (Cordillera Administrative Region),Apayao,3,0,9492,9495,0
2019,CAR (Cordillera Administrative Region),Benguet,787,0,107847,108634,0
2019,CAR (Cordillera Administrative Region),Ifugao,31594,44,39862,71500,0
2019,CAR (Cordillera Administrative Region),Kalinga,6418,148,101233,107799,0
2019,CAR (Cordillera Administrative Region),Mountain Province,7807,0,170759,178566,0
2019,CAR (Cordillera Administrative Region),Barlig,0,0,0,0,0
2019,CAR (Cordillera Administrative Region),Bauko,0,0,0,0,0
2019,CAR (Cordillera Administrative Region),Sagada,0,0,0,0,0
2019,CAR (Cordillera Administrative Region),Sadanga,0,0,0,0,0
2019,CAR (Cordillera Administrative Region),Tadian,0,0,0,0,0
2019,CAR (Cordillera Administrative Region),Bontoc,0,0,0,0,0
2019,CAR (Cordillera Administrative Region),Baguio City,38403,93,1497962,1536458,0
2019,Region I (ILOCOS REGION),Region I (ILOCOS REGION),80133,39,2182102,2262274,1
2019,Region I (ILOCOS REGION),Ilocos Norte,49017,0,471863,520880,0
2019,Region I (ILOCOS REGION),Bangui,0,0,0,0,0
2019,Region I (ILOCOS REGION),Batac,0,0,0,0,0
2019,Region I (ILOCOS REGION),Burgos,0,0,0,0,0
2019,Region I (ILOCOS REGION),Currimao,195,0,15989,16184,0
2019,Region I (ILOCOS REGION),Laoag City,16744,0,66529,83273,0
2019,Region I (ILOCOS REGION),Pagudpud,30752,0,353449,384201,0
2019,Region I (ILOCOS REGION),Paoay,0,0,0,0,0
2019,Region I (ILOCOS REGION),Pasuquin,0,0,0,0,0
2019,Region I (ILOCOS REGION),San Nicolas,1326,0,35896,37222,0
2019,Region I (ILOCOS REGION),Sarat,0,0,0,0,0
2019,Region I (ILOCOS REGION),Ilocos Sur,6073,0,390949,397022,0
2019,Region I (ILOCOS REGION),Bantay,1074,0,36146,37220,0
2019,Region I (ILOCOS REGION),Candon City,593,0,73381,73974,0
2019,Region I (ILOCOS REGION),Sinait,0,0,0,0,0
2019,Region I (ILOCOS REGION),Vigan City,4406,0,281422,285828,0
2019,Region I (ILOCOS REGION),La Union,17501,39,642556,660096,0
2019,Region I (ILOCOS REGION),Agoo,15,0,36218,36233,0
2019,Region I (ILOCOS REGION),Aringay,0,0,13546,13546,0
2019,Region I (ILOCOS REGION),Bacnotan,11,0,25928,25939,0
2019,Region I (ILOCOS REGION),Baloaon,47,39,5528,5614,0
2019,Region I (ILOCOS REGION),Bangar,0,0,2479,2479,0
2019,Region I (ILOCOS REGION),Bauang,3150,0,99697,102847,0
2019,Region I (ILOCOS REGION),Burgos,0,0,5475,5475,0
2019,Region I (ILOCOS REGION),Caba,150,0,13765,13915,0
2019,Region I (ILOCOS REGION),Luna,0,0,25173,25173,0
2019,Region I (ILOCOS REGION),Naguilian,0,0,4776,4776,0
2019,Region I (ILOCOS REGION),Pugo,813,0,3978,4791,0
2019,Region I (ILOCOS REGION),Rosario,192,0,6645,6837,0
2019,Region I (ILOCOS REGION),San Fernando City,6936,0,85854,92790,0
2019,Region I (ILOCOS REGION),San Juan,5748,0,294166,299914,0
2019,Region I (ILOCOS REGION),Santol,0,0,13634,13634,0
2019,Region I (ILOCOS REGION),Sto. Tomas,40,0,274,314,0
2019,Region I (ILOCOS REGION),Sudipen,399,0,4292,4691,0
2019,Region I (ILOCOS REGION),Tubao,0,0,1128,1128,0
2019,Region I (ILOCOS REGION),Pangasinan,7542,0,676734,684276,0
2019,Region I (ILOCOS REGION),Alaminos,4243,0,159721,163964,0
2019,Region I (ILOCOS REGION),Anda,104,0,9212,9316,0
2019,Region I (ILOCOS REGION),Balungao,36,0,3569,3605,0
2019,Region I (ILOCOS REGION),Bautista,33,0,81,114,0
2019,Region I (ILOCOS REGION),Bolinao,518,0,150395,150913,0
2019,Region I (ILOCOS REGION),Bugallion,0,0,0,0,0
2019,Region I (ILOCOS REGION),Dagupan City,630,0,86778,87408,0
2019,Region I (ILOCOS REGION),Dasol,9,0,4163,4172,0
2019,Region I (ILOCOS REGION),Labrador,621,0,5891,6512,0
2019,Region I (ILOCOS REGION),Lingayen,429,0,139668,140097,0
2019,Region I (ILOCOS REGION),San Fabian,21,0,25343,25364,0
2019,Region I (ILOCOS REGION),Sta. Maria,6,0,937,943,0
2019,Region I (ILOCOS REGION),Urdaneta City,779,0,87468,88247,0
2019,Region I (ILOCOS REGION),Villasis,113,0,3508,3621,0
2019,Region II (CAGAYAN VALLEY),Region II (CAGAYAN VALLEY),158074,197,1079050,1237321,1
2019,Region II (CAGAYAN VALLEY),Batanes,1346,0,43739,45085,0
2019,Region II (CAGAYAN VALLEY),Cagayan,148826,177,383114,532117,0
2019,Region II (CAGAYAN VALLEY),Tuguegarao City,2687,27,140542,143256,0
2019,Region II (CAGAYAN VALLEY),Others,146139,150,242572,388861,0
2019,Region II (CAGAYAN VALLEY),Isabela,5497,20,468741,474258,0
2019,Region II (CAGAYAN VALLEY),Cauayan City,1994,0,111343,113337,0
2019,Region II (CAGAYAN VALLEY),Ilagan City,315,20,30419,30754,0
2019,Region II (CAGAYAN VALLEY),Santiago City,2397,0,182127,184524,0
2019,Region II (CAGAYAN VALLEY),Others,791,0,144852,145643,0
2019,Region II (CAGAYAN VALLEY),Nueva Vizcaya,2405,0,172444,174849,0
2019,Region II (CAGAYAN VALLEY),Quirino,0,0,11012,11012,0
2019,Region III (CENTRAL LUZON),Region III (CENTRAL LUZON),672372,3367,3410635,4086374,1
2019,Region III (CENTRAL LUZON),Aurora,162,0,273744,273906,0
2019,Region III (CENTRAL LUZON),Bataan,11034,0,386815,397849,0
2019,Region III (CENTRAL LUZON),Bulacan,0,0,149171,149171,0
2019,Region III (CENTRAL LUZON),Nueva Ecija,13959,0,302771,316730,0
2019,Region III (CENTRAL LUZON),Pampanga,411154,0,499512,910666,0
2019,Region III (CENTRAL LUZON),Clark,391457,0,330110,721567,0
2019,Region III (CENTRAL LUZON),San Fernando City,6599,0,122957,129556,0
2019,Region III (CENTRAL LUZON),Others,13098,0,46445,59543,0
2019,Region III (CENTRAL LUZON),Tarlac,14796,646,93264,108706,0
2019,Region III (CENTRAL LUZON),Zambales,76644,0,773596,850240,0
2019,Region III (CENTRAL LUZON),SBMA,98861,2038,907731,1008630,0
2019,Region III (CENTRAL LUZON),Angeles City,45762,683,24031,70476,0
2019,Region III (CENTRAL LUZON),Olongapo City,0,0,0,0,0
2019,Region IV-A CALABARZON,Region IV-A CALABARZON,244111,4565,8670201,8918877,1
2019,Region IV-A CALABARZON,Batangas,136148,58,2027977,2164183,0
2019,Region IV-A CALABARZON,Alitagtag,0,0,3412,3412,0
2019,Region IV-A CALABARZON,Balayan,361,0,95817,96178,0
2019,Region IV-A CALABARZON,Batangas City,21384,0,189582,210966,0
2019,Region IV-A CALABARZON,Balete,0,0,14966,14966,0
2019,Region IV-A CALABARZON,Bauan,0,0,47414,47414,0
2019,Region IV-A CALABARZON,Calatagan,0,0,114511,114511,0
2019,Region IV-A CALABARZON,Cuenca,0,0,51401,51401,0
2019,Region IV-A CALABARZON,Ibaan,0,0,34023,34023,0
2019,Region IV-A CALABARZON,Laurel,0,0,0,0,0
2019,Region IV-A CALABARZON,Lemery,163,0,52196,52359,0
2019,Region IV-A CALABARZON,Lian,0,0,0,0,0
2019,Region IV-A CALABARZON,Lipa City,11103,0,42388,53491,0
2019,Region IV-A CALABARZON,Lobo,301,0,62751,63052,0
2019,Region IV-A CALABARZON,Mabini,50748,0,95489,146237,0
2019,Region IV-A CALABARZON,Malvar,10195,0,33793,43988,0
2019,Region IV-A CALABARZON,Mataas na Kahoy,0,0,80575,80575,0
2019,Region IV-A CALABARZON,Nasugbu,13797,0,430146,443943,0
2019,Region IV-A CALABARZON,Rosario,171,58,3646,3875,0
2019,Region IV-A CALABARZON,San Juan,1420,0,376753,378173,0
2019,Region IV-A CALABARZON,San Pascual,0,0,796,796,0
2019,Region IV-A CALABARZON,Santo Tomas,26505,0,55462,81967,0
2019,Region IV-A CALABARZON,Taal,0,0,0,0,0
2019,Region IV-A CALABARZON,Talisay,0,0,93240,93240,0
2019,Region IV-A CALABARZON,Tanauan,0,0,21524,21524,0
2019,Region IV-A CALABARZON,Tingloy,0,0,128092,128092,0
2019,Region IV-A CALABARZON,Cavite,67259,0,1385828,1453087,0
2019,Region IV-A CALABARZON,Amadeo,0,0,0,0,0
2019,Region IV-A CALABARZON,Carmona,9906,0,501,10407,0
2019,Region IV-A CALABARZON,Cavite City,0,0,0,0,0
2019,Region IV-A CALABARZON,City of Dasmariñas,85,0,6491,6576,0
2019,Region IV-A CALABARZON,Gen. Trias,0,0,0,0,0
2019,Region IV-A CALABARZON,Tagaytay City,0,0,1298279,1298279,0
2019,Region IV-A CALABARZON,Trece Martirez,57268,0,80557,137825,0
2019,Region IV-A CALABARZON,Laguna,19776,52,1292589,1312417,0
2019,Region IV-A CALABARZON,Calamba City,15558,0,1081769,1097327,0
2019,Region IV-A CALABARZON,Calauan,0,0,0,0,0
2019,Region IV-A CALABARZON,Cavinti,0,0,0,0,0
2019,Region IV-A CALABARZON,Los Bañ0s,79,0,67982,68061,0
2019,Region IV-A CALABARZON,Lumban,2788,0,80924,83712,0
2019,Region IV-A CALABARZON,Majayjay,30,0,38192,38222,0
2019,Region IV-A CALABARZON,Nagcarlan,101,52,8201,8354,0
2019,Region IV-A CALABARZON,Rizal,0,0,343,343,0
2019,Region IV-A CALABARZON,Pakil,0,0,54,54,0
2019,Region IV-A CALABARZON,San Pablo,0,0,1974,1974,0
2019,Region IV-A CALABARZON,Santa Cruz,52,0,8245,8297,0
2019,Region IV-A CALABARZON,Sta. Rosa City,1168,0,4905,6073,0
2019,Region IV-A CALABARZON,Victoria,0,0,0,0,0
2019,Region IV-A CALABARZON,Quezon,6804,4455,1290227,1301486,0
2019,Region IV-A CALABARZON,Agdangan,0,0,0,0,0
2019,Region IV-A CALABARZON,Alamat,34,0,1374,1408,0
2019,Region IV-A CALABARZON,Atimonan,722,170,35229,36121,0
2019,Region IV-A CALABARZON,Buenavista,0,0,0,0,0
2019,Region IV-A CALABARZON,Burdeos,0,0,0,0,0
2019,Region IV-A CALABARZON,Calauag,28,0,325,353,0
2019,Region IV-A CALABARZON,Catanauan,0,0,0,0,0
2019,Region IV-A CALABARZON,Candelaria,97,0,2905,3002,0
2019,Region IV-A CALABARZON,Dolores,63,0,345,408,0
2019,Region IV-A CALABARZON,Gen Luna,0,0,17,17,0
2019,Region IV-A CALABARZON,Gen. Nakar,21,0,24723,24744,0
2019,Region IV-A CALABARZON,Guinayangan,0,0,0,0,0
2019,Region IV-A CALABARZON,Gumaca,87,0,24752,24839,0
2019,Region IV-A CALABARZON,Infanta,10,0,39867,39877,0
2019,Region IV-A CALABARZON,Jomalig,41,0,45311,45352,0
2019,Region IV-A CALABARZON,Lopez,126,0,2566,2692,0
2019,Region IV-A CALABARZON,Lucban,0,0,38947,38947,0
2019,Region IV-A CALABARZON,Lucena City,512,0,77947,78459,0
2019,Region IV-A CALABARZON,Macelolon,4,0,1084,1088,0
2019,Region IV-A CALABARZON,Mauban,0,0,824,824,0
2019,Region IV-A CALABARZON,Malunay,1299,0,157361,158660,0
2019,Region IV-A CALABARZON,Padre Burgos,234,0,12944,13178,0
2019,Region IV-A CALABARZON,Pagbilao,125,0,492,617,0
2019,Region IV-A CALABARZON,Panukulan,0,0,0,0,0
2019,Region IV-A CALABARZON,Patnanungan,0,0,2833,2833,0
2019,Region IV-A CALABARZON,Plaridel,8,0,2241,2249,0
2019,Region IV-A CALABARZON,Perez,39,0,211,250,0
2019,Region IV-A CALABARZON,Polillo,222,0,12516,12738,0
2019,Region IV-A CALABARZON,Quezon,2,0,2630,2632,0
2019,Region IV-A CALABARZON,Real,0,0,115890,115890,0
2019,Region IV-A CALABARZON,Sampaloc,232,0,0,232,0
2019,Region IV-A CALABARZON,San Andres,0,0,3507,3507,0
2019,Region IV-A CALABARZON,San Antonio,59,0,2982,3041,0
2019,Region IV-A CALABARZON,San Francisco,0,0,0,0,0
2019,Region IV-A CALABARZON,Sariaya,2465,0,465414,467879,0
2019,Region IV-A CALABARZON,Tagkawayan,23,0,6635,6658,0
2019,Region IV-A CALABARZON,Tayabas,0,0,194240,194240,0
2019,Region IV-A CALABARZON,Tiaong,351,4285,14115,18751,0
2019,Region IV-A CALABARZON,Unisan,0,0,0,0,0
2019,Region IV-A CALABARZON,Rizal,14124,0,2673580,2687704,0
2019,Region IV-A CALABARZON,Antipolo City,22,0,690105,690127,0
2019,Region IV-A CALABARZON,Angono,0,0,0,0,0
2019,Region IV-A CALABARZON,Baras,0,0,0,0,0
2019,Region IV-A CALABARZON,Binangonan,0,0,6538,6538,0
2019,Region IV-A CALABARZON,Cainta,0,0,860,860,0
2019,Region IV-A CALABARZON,Cordona,0,0,0,0,0
2019,Region IV-A CALABARZON,Jalajala,0,0,0,0,0
2019,Region IV-A CALABARZON,Morong,0,0,0,0,0
2019,Region IV-A CALABARZON,Pililia,0,0,4831,4831,0
2019,Region IV-A CALABARZON,Rodriguez,0,0,396760,396760,0
2019,Region IV-A CALABARZON,San Mateo,0,0,0,0,0
2019,Region IV-A CALABARZON,Tanay,2025,0,1012728,1014753,0
2019,Region IV-A CALABARZON,Taytay,12077,0,561758,573835,0
2019,Region IV-A CALABARZON,Teresa,0,0,0,0,0
2019,Region IV-B MIMAROPA,Region IV-B MIMAROPA,862426,5418,1638595,2506439,1
2019,Region IV-B MIMAROPA,Marinduque,453,0,36274,36727,0
2019,Region IV-B MIMAROPA,Boac,156,0,22032,22188,0
2019,Region IV-B MIMAROPA,Buenavista,0,0,0,0,0
2019,Region IV-B MIMAROPA,Gasan,212,0,2016,2228,0
2019,Region IV-B MIMAROPA,Mogpog,7,0,1620,1627,0
2019,Region IV-B MIMAROPA,Sta. Cruz,0,0,3141,3141,0
2019,Region IV-B MIMAROPA,Torrijos,78,0,7465,7543,0
2019,Region IV-B MIMAROPA,Occidental Mindoro,5398,622,136934,142954,0
2019,Region IV-B MIMAROPA,Abra de Ilog,0,0,0,0,0
2019,Region IV-B MIMAROPA,Calintaan,0,0,0,0,0
2019,Region IV-B MIMAROPA,Looc,0,2,12,14,0
2019,Region IV-B MIMAROPA,Lubang,1260,619,30931,32810,0
2019,Region IV-B MIMAROPA,Magsaysay,24,0,3215,3239,0
2019,Region IV-B MIMAROPA,Mamburao,36,1,14648,14685,0
2019,Region IV-B MIMAROPA,Paluan,0,0,0,0,0
2019,Region IV-B MIMAROPA,Rizal,0,0,126,126,0
2019,Region IV-B MIMAROPA,Sablayan,2785,0,34428,37213,0
2019,Region IV-B MIMAROPA,San Jose,1293,0,53574,54867,0
2019,Region IV-B MIMAROPA,Santa Cruz,0,0,0,0,0
2019,Region IV-B MIMAROPA,Others,0,0,0,0,0
2019,Region IV-B MIMAROPA,Oriental Mindoro,31616,1077,302325,335018,0
2019,Region IV-B MIMAROPA,Baco,0,0,420,420,0
2019,Region IV-B MIMAROPA,Bansud,34,0,4501,4535,0
2019,Region IV-B MIMAROPA,Bongabong,0,0,2467,2467,0
2019,Region IV-B MIMAROPA,Bulalacao,0,1077,12522,13599,0
2019,Region IV-B MIMAROPA,Calapan City,6735,0,101253,107988,0
2019,Region IV-B MIMAROPA,Gloria,16,0,3119,3135,0
2019,Region IV-B MIMAROPA,Mansalay,444,0,5270,5714,0
2019,Region IV-B MIMAROPA,Naujan,0,0,9883,9883,0
2019,Region IV-B MIMAROPA,Pinamalayan,10,0,24436,24446,0
2019,Region IV-B MIMAROPA,Pola,17,0,3089,3106,0
2019,Region IV-B MIMAROPA,Puerto Galera,24115,0,70727,94842,0
2019,Region IV-B MIMAROPA,Roxas,189,0,47833,48022,0
2019,Region IV-B MIMAROPA,San Teodoro,30,0,4799,4829,0
2019,Region IV-B MIMAROPA,Socorro,0,0,3045,3045,0
2019,Region IV-B MIMAROPA,Victoria,26,0,8961,8987,0
2019,Region IV-B MIMAROPA,Palawan,382485,3032,432005,817522,0
2019,Region IV-B MIMAROPA,Aborlan,819,0,2034,2853,0
2019,Region IV-B MIMAROPA,Araceli,94,0,670,764,0
2019,Region IV-B MIMAROPA,Balabac,2407,0,2022,4429,0
2019,Region IV-B MIMAROPA,Bataraza,48,48,16888,16984,0
2019,Region IV-B MIMAROPA,Busuanga,8076,1,3851,11928,0
2019,Region IV-B MIMAROPA,Brookes Point,124,0,22043,22167,0
2019,Region IV-B MIMAROPA,Cagayancillo,19,0,40,59,0
2019,Region IV-B MIMAROPA,Coron,118709,2983,170857,292549,0
2019,Region IV-B MIMAROPA,Cuyo,167,0,596,763,0
2019,Region IV-B MIMAROPA,Culion,19615,0,17074,36689,0
2019,Region IV-B MIMAROPA,El Nido,17,0,445,462,0
2019,Region IV-B MIMAROPA,Dumaran,187467,0,124257,311724,0
2019,Region IV-B MIMAROPA,Espanola,0,0,1654,1654,0
2019,Region IV-B MIMAROPA,Linapacan,259,0,619,878,0
2019,Region IV-B MIMAROPA,Magsaysay,0,0,0,0,0
2019,Region IV-B MIMAROPA,Narra,4896,0,28975,33871,0
2019,Region IV-B MIMAROPA,Quezon,187,0,8983,9170,0
2019,Region IV-B MIMAROPA,Rizal,286,0,3159,3445,0
2019,Region IV-B MIMAROPA,Roxas,164,0,10795,10959,0
2019,Region IV-B MIMAROPA,San Vicente,31324,0,10648,41972,0
2019,Region IV-B MIMAROPA,Taytay,7807,0,6395,14202,0
2019,Region IV-B MIMAROPA,Romblon,800,0,3335,4135,0
2019,Region IV-B MIMAROPA,Alcantara,0,0,0,0,0
2019,Region IV-B MIMAROPA,Calatrava,0,0,0,0,0
2019,Region IV-B MIMAROPA,Ferrol,0,0,0,0,0
2019,Region IV-B MIMAROPA,Looc,0,0,0,0,0
2019,Region IV-B MIMAROPA,Magdiwang,0,0,0,0,0
2019,Region IV-B MIMAROPA,Odiongan,0,0,0,0,0
2019,Region IV-B MIMAROPA,Romblon,0,0,0,0,0
2019,Region IV-B MIMAROPA,San Agustin,0,0,0,0,0
2019,Region IV-B MIMAROPA,San Andres,0,0,0,0,0
2019,Region IV-B MIMAROPA,San Fernando,0,0,0,0,0
2019,Region IV-B MIMAROPA,San Jose,800,0,3335,4135,0
2019,Region IV-B MIMAROPA,Santa Maria,0,0,0,0,0
2019,Region IV-B MIMAROPA,Puerto Princesa City,441674,687,727722,1170083,0
2019,Region V (BICOL REGION),Region V (BICOL REGION),360804,28783,2890848,3280435,1
2019,Region V (BICOL REGION),Albay,281099,301,1543952,1825352,0
2019,Region V (BICOL REGION),Legazpi City,266326,0,1011789,1278115,0
2019,Region V (BICOL REGION),Bacacay,3643,0,53425,57068,0
2019,Region V (BICOL REGION),Camalig,27,0,1780,1807,0
2019,Region V (BICOL REGION),Daraga,2030,118,72981,75129,0
2019,Region V (BICOL REGION),Guinobotan,122,0,37287,37409,0
2019,Region V (BICOL REGION),Jovellar,0,0,434,434,0
2019,Region V (BICOL REGION),Libon,35,0,3543,3578,0
2019,Region V (BICOL REGION),Ligao City,83,0,95817,95900,0
2019,Region V (BICOL REGION),Malilipot,73,0,16735,16808,0
2019,Region V (BICOL REGION),Malinao,0,0,0,0,0
2019,Region V (BICOL REGION),Manito,70,0,6006,6076,0
2019,Region V (BICOL REGION),Oas,1200,0,60909,62109,0
2019,Region V (BICOL REGION),Pio Duran,42,0,7740,7782,0
2019,Region V (BICOL REGION),Polangui,2873,143,39350,42366,0
2019,Region V (BICOL REGION),Rapu Rapu,270,40,5510,5820,0
2019,Region V (BICOL REGION),Sto. Domingo,556,0,45346,45902,0
2019,Region V (BICOL REGION),Tabaco City,3613,0,76287,79900,0
2019,Region V (BICOL REGION),Tiwi,136,0,9013,9149,0
2019,Region V (BICOL REGION),Others,0,0,0,0,0
2019,Region V (BICOL REGION),Camarines Norte,50016,28482,854904,933402,0
2019,Region V (BICOL REGION),Basud,24,0,15439,15463,0
2019,Region V (BICOL REGION),Capalonga,681,0,50824,51505,0
2019,Region V (BICOL REGION),Daet,41294,4965,254551,300810,0
2019,Region V (BICOL REGION),Jose Panganiban,228,0,114618,114846,0
2019,Region V (BICOL REGION),Labo,2951,0,49266,52217,0
2019,Region V (BICOL REGION),Mercedes,341,0,84969,85310,0
2019,Region V (BICOL REGION),Paracale,652,0,71548,72200,0
2019,Region V (BICOL REGION),San Lorenzo Ruiz,0,0,991,991,0
2019,Region V (BICOL REGION),San Vicente,0,0,62,62,0
2019,Region V (BICOL REGION),Sta Elena,97,0,10429,10526,0
2019,Region V (BICOL REGION),Talisay,29,0,10837,10866,0
2019,Region V (BICOL REGION),Vinzons,3719,23517,191370,218606,0
2019,Region V (BICOL REGION),Others,0,0,0,0,0
2019,Region V (BICOL REGION),Camarines Sur,13657,0,37885,51542,0
2019,Region V (BICOL REGION),Iriga City,13657,0,37885,51542,0
2019,Region V (BICOL REGION),Naga City,0,0,0,0,0
2019,Region V (BICOL REGION),Others,0,0,0,0,0
2019,Region V (BICOL REGION),Catanduanes,7088,0,235326,242414,0
2019,Region V (BICOL REGION),Bagamanoc,115,0,3761,3876,0
2019,Region V (BICOL REGION),Bato,0,0,68,68,0
2019,Region V (BICOL REGION),Baras,1298,0,10593,11891,0
2019,Region V (BICOL REGION),Caramoran,45,0,1272,1317,0
2019,Region V (BICOL REGION),Gigmoto,7,0,566,573,0
2019,Region V (BICOL REGION),Pandan,328,0,9436,9764,0
2019,Region V (BICOL REGION),Panganiban,3,0,1109,1112,0
2019,Region V (BICOL REGION),San Andres,586,0,24119,24705,0
2019,Region V (BICOL REGION),San Miguel,0,0,0,0,0
2019,Region V (BICOL REGION),Viga,22,0,2181,2203,0
2019,Region V (BICOL REGION),Virac,4684,0,182221,186905,0
2019,Region V (BICOL REGION),Masbate Province,574,0,38881,39455,0
2019,Region V (BICOL REGION),Aroroy,70,0,377,447,0
2019,Region V (BICOL REGION),Baleno,0,0,0,0,0
2019,Region V (BICOL REGION),Balud,181,0,21271,21452,0
2019,Region V (BICOL REGION),Batuan,0,0,0,0,0
2019,Region V (BICOL REGION),Cataingan,0,0,0,0,0
2019,Region V (BICOL REGION),Cawayan,0,0,0,0,0
2019,Region V (BICOL REGION),Claveria,13,0,1574,1587,0
2019,Region V (BICOL REGION),Dimasalang,0,0,0,0,0
2019,Region V (BICOL REGION),Esperanza,0,0,0,0,0
2019,Region V (BICOL REGION),Mandaon,0,0,0,0,0
2019,Region V (BICOL REGION),Milagros,0,0,0,0,0
2019,Region V (BICOL REGION),Mobo,0,0,0,0,0
2019,Region V (BICOL REGION),Monreal,0,0,562,562,0
2019,Region V (BICOL REGION),Palanas,0,0,0,0,0
2019,Region V (BICOL REGION),Pio V. Corpus,0,0,0,0,0
2019,Region V (BICOL REGION),Placer,310,0,15097,15407,0
2019,Region V (BICOL REGION),San Fernando,0,0,0,0,0
2019,Region V (BICOL REGION),San Jacinto,0,0,0,0,0
2019,Region V (BICOL REGION),San Pascual,0,0,0,0,0
2019,Region V (BICOL REGION),Masbate City,3255,0,98357,101612,0
2019,Region V (BICOL REGION),Sorsogon Province,0,0,0,0,0
2019,Region V (BICOL REGION),Sorsogon City,5115,0,81543,86658,0
2019,Region VI (WESTERN VISAYAS),Region VI (WESTERN VISAYAS),1245960,82299,4558864,5887123,1
2019,Region VI (WESTERN VISAYAS),Boracay,1037619,64547,932433,2034599,0
2019,Region VI (WESTERN VISAYAS),Aklan,24693,0,192674,217367,0
2019,Region VI (WESTERN VISAYAS),Buruanga,0,0,0,0,0
2019,Region VI (WESTERN VISAYAS),Kalibo,24670,0,192412,217082,0
2019,Region VI (WESTERN VISAYAS),Nabas,23,0,262,285,0
2019,Region VI (WESTERN VISAYAS),New Washington,0,0,0,0,0
2019,Region VI (WESTERN VISAYAS),Numancia,0,0,0,0,0
2019,Region VI (WESTERN VISAYAS),Tangalan,0,0,0,0,0
2019,Region VI (WESTERN VISAYAS),Antique,4439,0,64602,69041,0
2019,Region VI (WESTERN VISAYAS),Anini-y,19,0,5952,5971,0
2019,Region VI (WESTERN VISAYAS),Belison,3,0,780,783,0
2019,Region VI (WESTERN VISAYAS),Bugasong,0,0,197,197,0
2019,Region VI (WESTERN VISAYAS),Caluya,0,0,18453,18453,0
2019,Region VI (WESTERN VISAYAS),Culasi,2103,0,16140,18243,0
2019,Region VI (WESTERN VISAYAS),Hamtic,0,0,0,0,0
2019,Region VI (WESTERN VISAYAS),Laua-an,0,0,0,0,0
2019,Region VI (WESTERN VISAYAS),Libertad,0,0,492,492,0
2019,Region VI (WESTERN VISAYAS),Pandan,2295,0,6653,8948,0
2019,Region VI (WESTERN VISAYAS),Patnogon,0,0,256,256,0
2019,Region VI (WESTERN VISAYAS),San Remegio,0,0,0,0,0
2019,Region VI (WESTERN VISAYAS),Sebaste,0,0,24,24,0
2019,Region VI (WESTERN VISAYAS),San Jose,0,0,6558,6558,0
2019,Region VI (WESTERN VISAYAS),Sibalom,6,0,2474,2480,0
2019,Region VI (WESTERN VISAYAS),Tibiao,0,0,4922,4922,0
2019,Region VI (WESTERN VISAYAS),Tobias Fornier,0,0,1466,1466,0
2019,Region VI (WESTERN VISAYAS),Valderrama,13,0,235,248,0
2019,Region VI (WESTERN VISAYAS),Capiz,5748,8178,304601,318527,0
2019,Region VI (WESTERN VISAYAS),Cuartero,0,0,2324,2324,0
2019,Region VI (WESTERN VISAYAS),Dao,0,0,3780,3780,0
2019,Region VI (WESTERN VISAYAS),Dumalag,60,0,1375,1435,0
2019,Region VI (WESTERN VISAYAS),Dumarao,0,0,727,727,0
2019,Region VI (WESTERN VISAYAS),Ivisan,70,0,2650,2720,0
2019,Region VI (WESTERN VISAYAS),Jamindan,1,0,781,782,0
2019,Region VI (WESTERN VISAYAS),Maayon,0,0,3789,3789,0
2019,Region VI (WESTERN VISAYAS),Mambusao,3,0,2839,2842,0
2019,Region VI (WESTERN VISAYAS),Panay,21,0,7770,7791,0
2019,Region VI (WESTERN VISAYAS),Panitan,0,0,4518,4518,0
2019,Region VI (WESTERN VISAYAS),Pilar,93,3,3846,3942,0
2019,Region VI (WESTERN VISAYAS),Pontevedra,1,0,11524,11525,0
2019,Region VI (WESTERN VISAYAS),Pres. Roxas,0,0,6751,6751,0
2019,Region VI (WESTERN VISAYAS),Roxas City,5167,7603,234621,247391,0
2019,Region VI (WESTERN VISAYAS),Sapian,183,569,3159,3911,0
2019,Region VI (WESTERN VISAYAS),Sigma,27,3,5610,5640,0
2019,Region VI (WESTERN VISAYAS),Tapaz,122,0,8537,8659,0
2019,Region VI (WESTERN VISAYAS),Guimaras,6011,0,97356,103367,0
2019,Region VI (WESTERN VISAYAS),Buenavista,0,0,3222,3222,0
2019,Region VI (WESTERN VISAYAS),Jordan,89,0,7472,7561,0
2019,Region VI (WESTERN VISAYAS),Nueva Valencia,5193,0,76428,81621,0
2019,Region VI (WESTERN VISAYAS),San Lorenzo,447,0,8494,8941,0
2019,Region VI (WESTERN VISAYAS),Sibunag,282,0,1740,2022,0
2019,Region VI (WESTERN VISAYAS),Others,0,0,0,0,0
2019,Region VI (WESTERN VISAYAS),Iloilo Province,5060,976,381610,387646,0
2019,Region VI (WESTERN VISAYAS),Ajuy,57,18,2467,2542,0
2019,Region VI (WESTERN VISAYAS),Alimodian,0,0,852,852,0
2019,Region VI (WESTERN VISAYAS),Badiangan,318,77,6570,6965,0
2019,Region VI (WESTERN VISAYAS),Balasan,33,0,2675,2708,0
2019,Region VI (WESTERN VISAYAS),Banate,0,0,8075,8075,0
2019,Region VI (WESTERN VISAYAS),Barotac Nuevo,5,0,1527,1532,0
2019,Region VI (WESTERN VISAYAS),Barotac Viejo,0,0,3947,3947,0
2019,Region VI (WESTERN VISAYAS),Batad,0,0,0,0,0
2019,Region VI (WESTERN VISAYAS),Bingawan,0,0,6962,6962,0
2019,Region VI (WESTERN VISAYAS),Cabatuan,189,107,7502,7798,0
2019,Region VI (WESTERN VISAYAS),Calinog,0,0,9275,9275,0
2019,Region VI (WESTERN VISAYAS),Carles,930,685,82066,83681,0
2019,Region VI (WESTERN VISAYAS),Concepcion,25,0,11741,11766,0
2019,Region VI (WESTERN VISAYAS),Dingle,0,0,151,151,0
2019,Region VI (WESTERN VISAYAS),Duenas,58,0,2150,2208,0
2019,Region VI (WESTERN VISAYAS),Dumangas,0,0,2359,2359,0
2019,Region VI (WESTERN VISAYAS),Estancia,327,0,54741,55068,0
2019,Region VI (WESTERN VISAYAS),Guimbal,32,0,19485,19517,0
2019,Region VI (WESTERN VISAYAS),Igbaras,0,0,2003,2003,0
2019,Region VI (WESTERN VISAYAS),Januiay,477,0,6460,6937,0
2019,Region VI (WESTERN VISAYAS),Lambunao,0,0,3096,3096,0
2019,Region VI (WESTERN VISAYAS),Leganes,464,87,31871,32422,0
2019,Region VI (WESTERN VISAYAS),Lemery,0,0,18,18,0
2019,Region VI (WESTERN VISAYAS),Leon,63,0,8744,8807,0
2019,Region VI (WESTERN VISAYAS),Maasin,0,0,2971,2971,0
2019,Region VI (WESTERN VISAYAS),Miagao,1,0,1696,1697,0
2019,Region VI (WESTERN VISAYAS),Mina,11,0,874,885,0
2019,Region VI (WESTERN VISAYAS),New Lucena,4,0,10332,10336,0
2019,Region VI (WESTERN VISAYAS),Oton,540,0,13393,13933,0
2019,Region VI (WESTERN VISAYAS),Passi,105,0,6711,6816,0
2019,Region VI (WESTERN VISAYAS),Pavia,2,0,4969,4971,0
2019,Region VI (WESTERN VISAYAS),Pototan,47,1,6729,6777,0
2019,Region VI (WESTERN VISAYAS),San Dionisio,7,0,599,606,0
2019,Region VI (WESTERN VISAYAS),San Enrique,0,0,0,0,0
2019,Region VI (WESTERN VISAYAS),San Joaquin,280,0,22825,23105,0
2019,Region VI (WESTERN VISAYAS),San Miguel,308,0,15636,15944,0
2019,Region VI (WESTERN VISAYAS),Sara,63,1,1520,1584,0
2019,Region VI (WESTERN VISAYAS),Sta. Barbara,184,0,7193,7377,0
2019,Region VI (WESTERN VISAYAS),Tigbauan,526,0,10496,11022,0
2019,Region VI (WESTERN VISAYAS),Tubungan,0,0,66,66,0
2019,Region VI (WESTERN VISAYAS),Zarraga,4,0,863,867,0
2019,Region VI (WESTERN VISAYAS),Negros Occidental,25189,131,755825,781145,0
2019,Region VI (WESTERN VISAYAS),Bago,178,0,22291,22469,0
2019,Region VI (WESTERN VISAYAS),Binalbagan,26,0,7384,7410,0
2019,Region VI (WESTERN VISAYAS),Cadiz,3638,0,48183,51821,0
2019,Region VI (WESTERN VISAYAS),Calatrava,5,0,3164,3169,0
2019,Region VI (WESTERN VISAYAS),Candoni,0,0,0,0,0
2019,Region VI (WESTERN VISAYAS),Cauayan,0,0,0,0,0
2019,Region VI (WESTERN VISAYAS),DS Benedicto,0,0,0,0,0
2019,Region VI (WESTERN VISAYAS),Escalante,0,0,0,0,0
2019,Region VI (WESTERN VISAYAS),Hinigaran,17,0,10635,10652,0
2019,Region VI (WESTERN VISAYAS),Hinobaan,1639,131,16872,18642,0
2019,Region VI (WESTERN VISAYAS),Kabankalan,1424,0,63476,64900,0
2019,Region VI (WESTERN VISAYAS),La Carlota,86,0,34386,34472,0
2019,Region VI (WESTERN VISAYAS),Las Castellana,0,0,0,0,0
2019,Region VI (WESTERN VISAYAS),Manapla,753,0,7041,7794,0
2019,Region VI (WESTERN VISAYAS),Moises,0,0,0,0,0
2019,Region VI (WESTERN VISAYAS),Murcia,3909,0,300268,304177,0
2019,Region VI (WESTERN VISAYAS),Pulupandan,0,0,0,0,0
2019,Region VI (WESTERN VISAYAS),Sagay,148,0,23161,23309,0
2019,Region VI (WESTERN VISAYAS),San Carlos,758,0,67553,68311,0
2019,Region VI (WESTERN VISAYAS),San Enrique,66,0,47874,47940,0
2019,Region VI (WESTERN VISAYAS),Silay,0,0,8224,8224,0
2019,Region VI (WESTERN VISAYAS),Sipalay,12027,0,51443,63470,0
2019,Region VI (WESTERN VISAYAS),Talisay,515,0,39118,39633,0
2019,Region VI (WESTERN VISAYAS),Victorias,0,0,4752,4752,0
2019,Region VI (WESTERN VISAYAS),Bacolod City,72870,0,731041,803911,0
2019,Region VI (WESTERN VISAYAS),Iloilo City,64331,8467,1098722,1171520,0
2019,Region VII (CENTRAL VISAYAS),Region VII (CENTRAL VISAYAS),4267590,40636,5116084,9424310,1
2019,Region VII (CENTRAL VISAYAS),Bohol,720364,6687,854853,1581904,0
2019,Region VII (CENTRAL VISAYAS),Alicia,0,0,546,546,0
2019,Region VII (CENTRAL VISAYAS),Anda,11132,84,10389,21605,0
2019,Region VII (CENTRAL VISAYAS),Antequera,77,0,57,134,0
2019,Region VII (CENTRAL VISAYAS),Baclayon,859,5,4907,5771,0
2019,Region VII (CENTRAL VISAYAS),Batuan,0,0,0,0,0
2019,Region VII (CENTRAL VISAYAS),Bien Unido,0,0,0,0,0
2019,Region VII (CENTRAL VISAYAS),Bilar,955,105,2009,3069,0
2019,Region VII (CENTRAL VISAYAS),Buenavista,3,0,236,239,0
2019,Region VII (CENTRAL VISAYAS),Calape,946,20,1078,2044,0
2019,Region VII (CENTRAL VISAYAS),Candijay,31,0,1011,1042,0
2019,Region VII (CENTRAL VISAYAS),Carmen,3264,0,6550,9814,0
2019,Region VII (CENTRAL VISAYAS),Catigbian,0,0,0,0,0
2019,Region VII (CENTRAL VISAYAS),Danao,60,0,420,480,0
2019,Region VII (CENTRAL VISAYAS),Dauis,36451,4,29047,65502,0
2019,Region VII (CENTRAL VISAYAS),Dimiao,0,0,0,0,0
2019,Region VII (CENTRAL VISAYAS),Garcia Hernandez,295,0,4033,4328,0
2019,Region VII (CENTRAL VISAYAS),Getafe,0,0,0,0,0
2019,Region VII (CENTRAL VISAYAS),Guindulman,137,0,1768,1905,0
2019,Region VII (CENTRAL VISAYAS),Inabanga,0,0,603,603,0
2019,Region VII (CENTRAL VISAYAS),Jagna,799,7,12552,13358,0
2019,Region VII (CENTRAL VISAYAS),Lila,111,0,500,611,0
2019,Region VII (CENTRAL VISAYAS),Loay,0,0,0,0,0
2019,Region VII (CENTRAL VISAYAS),Loon,2058,0,1171,3229,0
2019,Region VII (CENTRAL VISAYAS),Loboc,3154,0,1157,4311,0
2019,Region VII (CENTRAL VISAYAS),Maribojoc,321,0,2187,2508,0
2019,Region VII (CENTRAL VISAYAS),Panglao,607452,4395,423700,1035547,0
2019,Region VII (CENTRAL VISAYAS),Sagbayan,0,0,0,0,0
2019,Region VII (CENTRAL VISAYAS),San Isidro,0,0,0,0,0
2019,Region VII (CENTRAL VISAYAS),Sikatuna,0,0,2437,2437,0
2019,Region VII (CENTRAL VISAYAS),Tagbilaran,51024,2067,282802,335893,0
2019,Region VII (CENTRAL VISAYAS),Talibon,463,0,24365,24828,0
2019,Region VII (CENTRAL VISAYAS),Tubigon,262,0,7172,7434,0
2019,Region VII (CENTRAL VISAYAS),Ubay,29,0,29961,29990,0
2019,Region VII (CENTRAL VISAYAS),Valencia,481,0,4195,4676,0
2019,Region VII (CENTRAL VISAYAS),Cebu,443293,4532,641113,1088938,0
2019,Region VII (CENTRAL VISAYAS),Alcoy,3155,0,13693,16848,0
2019,Region VII (CENTRAL VISAYAS),Alcantara,0,0,0,0,0
2019,Region VII (CENTRAL VISAYAS),Alegria,125,0,15885,16010,0
2019,Region VII (CENTRAL VISAYAS),Aloquinsan,11,0,2822,2833,0
2019,Region VII (CENTRAL VISAYAS),Argao,432,30,13818,14280,0
2019,Region VII (CENTRAL VISAYAS),Asturias,201,0,4056,4257,0
2019,Region VII (CENTRAL VISAYAS),Badian,8137,49,24044,32230,0
2019,Region VII (CENTRAL VISAYAS),Balamban,551,0,5241,5792,0
2019,Region VII (CENTRAL VISAYAS),Bantayan,103,0,6673,6776,0
2019,Region VII (CENTRAL VISAYAS),Barili,468,0,2373,2841,0
2019,Region VII (CENTRAL VISAYAS),Bogo City,1136,0,39003,40139,0
2019,Region VII (CENTRAL VISAYAS),Borbon,26,0,349,375,0
2019,Region VII (CENTRAL VISAYAS),Boljoon,870,0,2172,3042,0
2019,Region VII (CENTRAL VISAYAS),Carcar,807,0,4463,5270,0
2019,Region VII (CENTRAL VISAYAS),Carmen,0,0,0,0,0
2019,Region VII (CENTRAL VISAYAS),Catmon,0,0,0,0,0
2019,Region VII (CENTRAL VISAYAS),City of Naga,116,0,2321,2437,0
2019,Region VII (CENTRAL VISAYAS),Cordova,143287,0,22004,165291,0
2019,Region VII (CENTRAL VISAYAS),Daanbantayan,95113,2111,21450,118674,0
2019,Region VII (CENTRAL VISAYAS),Dalaguete,722,0,17268,17990,0
2019,Region VII (CENTRAL VISAYAS),Danao City,132,0,52707,52839,0
2019,Region VII (CENTRAL VISAYAS),Ginatilan,48,0,388,436,0
2019,Region VII (CENTRAL VISAYAS),Madridejos,0,0,0,0,0
2019,Region VII (CENTRAL VISAYAS),Medellin,32348,0,19090,51438,0
2019,Region VII (CENTRAL VISAYAS),Minglanilla,0,0,0,0,0
2019,Region VII (CENTRAL VISAYAS),Moalboal,40115,59,25969,66143,0
2019,Region VII (CENTRAL VISAYAS),Oslob,42030,1696,34817,78543,0
2019,Region VII (CENTRAL VISAYAS),Pilar,0,0,0,0,0
2019,Region VII (CENTRAL VISAYAS),Pinamungahan,298,0,21326,21624,0
2019,Region VII (CENTRAL VISAYAS),Poro,506,0,2590,3096,0
2019,Region VII (CENTRAL VISAYAS),Ronda,931,0,1409,2340,0
2019,Region VII (CENTRAL VISAYAS),Samboan,3218,0,4756,7974,0
2019,Region VII (CENTRAL VISAYAS),San Fernando,5004,0,272,5276,0
2019,Region VII (CENTRAL VISAYAS),San Francisco,9992,0,18452,28444,0
2019,Region VII (CENTRAL VISAYAS),San Remegio,21915,0,102016,123931,0
2019,Region VII (CENTRAL VISAYAS),Santander,5947,0,3024,8971,0
2019,Region VII (CENTRAL VISAYAS),Santa Fe,24619,587,143313,168519,0
2019,Region VII (CENTRAL VISAYAS),Sibonga,0,0,0,0,0
2019,Region VII (CENTRAL VISAYAS),Sogod,288,0,2731,3019,0
2019,Region VII (CENTRAL VISAYAS),Tabogon,384,0,3259,3643,0
2019,Region VII (CENTRAL VISAYAS),Talisay,0,0,0,0,0
2019,Region VII (CENTRAL VISAYAS),Toledo City,0,0,0,0,0
2019,Region VII (CENTRAL VISAYAS),Tuburan,5,0,4772,4777,0
2019,Region VII (CENTRAL VISAYAS),Tudela,253,0,2587,2840,0
2019,Region VII (CENTRAL VISAYAS),Negros Oriental,87521,534,937352,1025407,0
2019,Region VII (CENTRAL VISAYAS),Amlan,299,0,1352,1651,0
2019,Region VII (CENTRAL VISAYAS),Bacong,638,0,2045,2683,0
2019,Region VII (CENTRAL VISAYAS),Bais,3258,0,4850,8108,0
2019,Region VII (CENTRAL VISAYAS),Basay,472,0,6244,6716,0
2019,Region VII (CENTRAL VISAYAS),Bayawan,696,0,12961,13657,0
2019,Region VII (CENTRAL VISAYAS),Canlaon,164,0,14409,14573,0
2019,Region VII (CENTRAL VISAYAS),Dauin,10736,0,4625,15361,0
2019,Region VII (CENTRAL VISAYAS),Dumaguete,55847,395,798419,854661,0
2019,Region VII (CENTRAL VISAYAS),Guijulngan,19,0,10484,10503,0
2019,Region VII (CENTRAL VISAYAS),La Libertad,144,0,4699,4843,0
2019,Region VII (CENTRAL VISAYAS),Jimalaud,22,0,151,173,0
2019,Region VII (CENTRAL VISAYAS),Mabinay,652,0,29420,30072,0
2019,Region VII (CENTRAL VISAYAS),Manjuyod,340,18,10709,11067,0
2019,Region VII (CENTRAL VISAYAS),San Jose,926,0,1800,2726,0
2019,Region VII (CENTRAL VISAYAS),Siaton,1707,0,8784,10491,0
2019,Region VII (CENTRAL VISAYAS),Sibulan,1282,0,1343,2625,0
2019,Region VII (CENTRAL VISAYAS),Tanjay,7,0,11369,11376,0
2019,Region VII (CENTRAL VISAYAS),Valencia,8488,0,12972,21460,0
2019,Region VII (CENTRAL VISAYAS),Zamboanguita,1824,121,716,2661,0
2019,Region VII (CENTRAL VISAYAS),Siquijor,85713,0,82653,168366,0
2019,Region VII (CENTRAL VISAYAS),E. Villanueva,757,0,527,1284,0
2019,Region VII (CENTRAL VISAYAS),Larena,2652,0,9022,11674,0
2019,Region VII (CENTRAL VISAYAS),Lazi,2621,0,3503,6124,0
2019,Region VII (CENTRAL VISAYAS),Maria,2004,0,7766,9770,0
2019,Region VII (CENTRAL VISAYAS),San Juan,64951,0,32824,97775,0
2019,Region VII (CENTRAL VISAYAS),Siquijor,12728,0,29011,41739,0
2019,Region VII (CENTRAL VISAYAS),Cebu City,1055235,25825,1788749,2869809,0
2019,Region VII (CENTRAL VISAYAS),Lapu-lapu City,1457184,2979,372892,1833055,0
2019,Region VII (CENTRAL VISAYAS),Mandaue City,418280,79,438472,856831,0
2019,Region VIII (EASTERN VISAYAS),Region VIII (EASTERN VISAYAS),51864,2928,1582776,1637568,1
2019,Region VIII (EASTERN VISAYAS),Biliran,2251,0,32531,34782,0
2019,Region VIII (EASTERN VISAYAS),Almeria,515,0,4071,4586,0
2019,Region VIII (EASTERN VISAYAS),Caibiran,0,0,0,0,0
2019,Region VIII (EASTERN VISAYAS),Cabucgayan,114,0,601,715,0
2019,Region VIII (EASTERN VISAYAS),Culaba,77,0,733,810,0
2019,Region VIII (EASTERN VISAYAS),Kawayan,17,0,95,112,0
2019,Region VIII (EASTERN VISAYAS),Maripipi,0,0,0,0,0
2019,Region VIII (EASTERN VISAYAS),Naval,1528,0,27031,28559,0
2019,Region VIII (EASTERN VISAYAS),Eastern Samar,912,0,76064,76976,0
2019,Region VIII (EASTERN VISAYAS),Borongan City,653,0,52522,53175,0
2019,Region VIII (EASTERN VISAYAS),Can-Avid,0,0,0,0,0
2019,Region VIII (EASTERN VISAYAS),Gen. McArthur,0,0,0,0,0
2019,Region VIII (EASTERN VISAYAS),Guiuan,259,0,23542,23801,0
2019,Region VIII (EASTERN VISAYAS),Llorente,0,0,0,0,0
2019,Region VIII (EASTERN VISAYAS),Quinapondan,0,0,0,0,0
2019,Region VIII (EASTERN VISAYAS),Taft,0,0,0,0,0
2019,Region VIII (EASTERN VISAYAS),Leyte,11421,0,396218,407639,0
2019,Region VIII (EASTERN VISAYAS),Abuyog,0,0,0,0,0
2019,Region VIII (EASTERN VISAYAS),Alburera,0,0,0,0,0
2019,Region VIII (EASTERN VISAYAS),Bago,0,0,0,0,0
2019,Region VIII (EASTERN VISAYAS),Bato,0,0,0,0,0
2019,Region VIII (EASTERN VISAYAS),Baybay City,809,0,103380,104189,0
2019,Region VIII (EASTERN VISAYAS),Hilongos,0,0,0,0,0
2019,Region VIII (EASTERN VISAYAS),Inopacan,0,0,0,0,0
2019,Region VIII (EASTERN VISAYAS),Isabel,0,0,0,0,0
2019,Region VIII (EASTERN VISAYAS),Javier,0,0,11350,11350,0
2019,Region VIII (EASTERN VISAYAS),Kanangga,0,0,0,0,0
2019,Region VIII (EASTERN VISAYAS),Matalom,0,0,0,0,0
2019,Region VIII (EASTERN VISAYAS),McArthur,0,0,0,0,0
2019,Region VIII (EASTERN VISAYAS),Ormoc City,9313,0,272512,281825,0
2019,Region VIII (EASTERN VISAYAS),Palo,1299,0,8976,10275,0
2019,Region VIII (EASTERN VISAYAS),Palompon,0,0,0,0,0
2019,Region VIII (EASTERN VISAYAS),San Isidro,0,0,0,0,0
2019,Region VIII (EASTERN VISAYAS),Tolosa,0,0,0,0,0
2019,Region VIII (EASTERN VISAYAS),Northern Samar,647,0,110514,111161,0
2019,Region VIII (EASTERN VISAYAS),Allen,159,0,14514,14673,0
2019,Region VIII (EASTERN VISAYAS),Biri,75,0,1106,1181,0
2019,Region VIII (EASTERN VISAYAS),Bobon,51,0,2389,2440,0
2019,Region VIII (EASTERN VISAYAS),Capul,2,0,2702,2704,0
2019,Region VIII (EASTERN VISAYAS),Catarman,156,0,62595,62751,0
2019,Region VIII (EASTERN VISAYAS),Gamay,0,0,383,383,0
2019,Region VIII (EASTERN VISAYAS),Las Navas,0,0,5115,5115,0
2019,Region VIII (EASTERN VISAYAS),Laoang,15,0,469,484,0
2019,Region VIII (EASTERN VISAYAS),Lavezares,0,0,173,173,0
2019,Region VIII (EASTERN VISAYAS),Mondragon,3,0,71,74,0
2019,Region VIII (EASTERN VISAYAS),Navar,0,0,0,0,0
2019,Region VIII (EASTERN VISAYAS),Palapag,0,0,0,0,0
2019,Region VIII (EASTERN VISAYAS),San Antonio,143,0,19354,19497,0
2019,Region VIII (EASTERN VISAYAS),San Roque,15,0,654,669,0
2019,Region VIII (EASTERN VISAYAS),Victoria,28,0,989,1017,0
2019,Region VIII (EASTERN VISAYAS),Samar,6498,0,239608,246106,0
2019,Region VIII (EASTERN VISAYAS),Calbayog City,6498,0,126934,133432,0
2019,Region VIII (EASTERN VISAYAS),Catbalogan,0,0,112674,112674,0
2019,Region VIII (EASTERN VISAYAS),Basey,0,0,0,0,0
2019,Region VIII (EASTERN VISAYAS),Marabut,0,0,0,0,0
2019,Region VIII (EASTERN VISAYAS),Paranas,0,0,0,0,0
2019,Region VIII (EASTERN VISAYAS),Southern Leyte,4333,1892,164155,170380,0
2019,Region VIII (EASTERN VISAYAS),Hinunangan,0,0,3442,3442,0
2019,Region VIII (EASTERN VISAYAS),Hinundayan,166,0,1230,1396,0
2019,Region VIII (EASTERN VISAYAS),Liloan,514,0,10243,10757,0
2019,Region VIII (EASTERN VISAYAS),Limasawa,137,0,4069,4206,0
2019,Region VIII (EASTERN VISAYAS),Maasin City,2667,0,79970,82637,0
2019,Region VIII (EASTERN VISAYAS),Macrohon,328,0,13728,14056,0
2019,Region VIII (EASTERN VISAYAS),Padre Burgos,0,1892,1894,3786,0
2019,Region VIII (EASTERN VISAYAS),Pintuyan,511,0,0,511,0
2019,Region VIII (EASTERN VISAYAS),San Juan,0,0,0,0,0
2019,Region VIII (EASTERN VISAYAS),Saint Bernard,0,0,2530,2530,0
2019,Region VIII (EASTERN VISAYAS),Silago,0,0,0,0,0
2019,Region VIII (EASTERN VISAYAS),Sogod,0,0,32676,32676,0
2019,Region VIII (EASTERN VISAYAS),Tomas Oppus,0,0,0,0,0
2019,Region VIII (EASTERN VISAYAS),Others (Southern Leyte),10,0,14373,14383,0
2019,Region VIII (EASTERN VISAYAS),Tacloban City,25802,1036,563686,590524,0
2019,Region IX (ZAMBOANGA PENINSULA),Region IX (ZAMBOANGA PENINSULA),12114,13373,1147770,1173257,1
2019,Region IX (ZAMBOANGA PENINSULA),Zamboanga del Norte,4874,252,518360,523486,0
2019,Region IX (ZAMBOANGA PENINSULA),Dapitan City,1440,50,101465,102955,0
2019,Region IX (ZAMBOANGA PENINSULA),Dipolog City,3148,97,406149,409394,0
2019,Region IX (ZAMBOANGA PENINSULA),Others,286,105,10746,11137,0
2019,Region IX (ZAMBOANGA PENINSULA),Zamboanga del Sur,489,11,165940,166440,0
2019,Region IX (ZAMBOANGA PENINSULA),Pagadian City,489,11,49280,49780,0
2019,Region IX (ZAMBOANGA PENINSULA),Others,0,0,116660,116660,0
2019,Region IX (ZAMBOANGA PENINSULA),Zamboanga Sibugay,60,0,60462,60522,0
2019,Region IX (ZAMBOANGA PENINSULA),Isabela City,0,6,15155,15161,0
2019,Region IX (ZAMBOANGA PENINSULA),Zamboanga City,6691,13104,387853,407648,0
2019,Region X (NORTHERN MINDANAO),Region X (NORTHERN MINDANAO),60799,0,2736274,2797073,1
2019,Region X (NORTHERN MINDANAO),Bukidnon,549,0,185639,186188,0
2019,Region X (NORTHERN MINDANAO),Malaybalay City,199,0,17931,18130,0
2019,Region X (NORTHERN MINDANAO),Valencia City,350,0,163052,163402,0
2019,Region X (NORTHERN MINDANAO),Others,0,0,4656,4656,0
2019,Region X (NORTHERN MINDANAO),Camiguin,13749,0,790996,804745,0
2019,Region X (NORTHERN MINDANAO),Lanao del Norte,94,0,29520,29614,0
2019,Region X (NORTHERN MINDANAO),Misamis Occidental,2309,0,399403,401712,0
2019,Region X (NORTHERN MINDANAO),Ozamis City,2136,0,331727,333863,0
2019,Region X (NORTHERN MINDANAO),Tangub City,98,0,22357,22455,0
2019,Region X (NORTHERN MINDANAO),Oroquieta City,75,0,41904,41979,0
2019,Region X (NORTHERN MINDANAO),Others,0,0,3415,3415,0
2019,Region X (NORTHERN MINDANAO),Misamis Oriental,610,0,162442,163052,0
2019,Region X (NORTHERN MINDANAO),Gingoog City,0,0,0,0,0
2019,Region X (NORTHERN MINDANAO),Others,610,0,162442,163052,0
2019,Region X (NORTHERN MINDANAO),Cagayan de Oro City,40612,0,962712,1003324,0
2019,Region X (NORTHERN MINDANAO),Iligan City,2876,0,205562,208438,0
2019,Region XI (DAVAO REGION),Region XI (DAVAO REGION),216219,45850,4911419,5173488,1
2019,Region XI (DAVAO REGION),Davao De Oro (ComVal),997,153,1616367,1617517,0
2019,Region XI (DAVAO REGION),Davao del Norte,25663,0,687387,713050,0
2019,Region XI (DAVAO REGION),Asuncion,0,0,0,0,0
2019,Region XI (DAVAO REGION),Island Garden City of Samal,0,0,0,0,0
2019,Region XI (DAVAO REGION),Kapalong,0,0,0,0,0
2019,Region XI (DAVAO REGION),New Corella,0,0,0,0,0
2019,Region XI (DAVAO REGION),Panabo City,0,0,0,0,0
2019,Region XI (DAVAO REGION),Tagum City,0,0,0,0,0
2019,Region XI (DAVAO REGION),Others,25663,0,687387,713050,0
2019,Region XI (DAVAO REGION),Davao del Sur,530,0,79932,80462,0
2019,Region XI (DAVAO REGION),Davao Occcidental,0,0,188,188,0
2019,Region XI (DAVAO REGION),Davao Oriental,5299,0,182077,187376,0
2019,Region XI (DAVAO REGION),Davao City,183730,45697,2345468,2574895,0
2019,Region XII (SOCCSSARGEN),Region XII (SOCCSSARGEN),25368,1,1935116,1960485,1
2019,Region XII (SOCCSSARGEN),North Cotabato,186,0,268782,268968,0
2019,Region XII (SOCCSSARGEN),Kidapawan City,34,0,196527,196561,0
2019,Region XII (SOCCSSARGEN),Others (Cotabato Province),152,0,72255,72407,0
2019,Region XII (SOCCSSARGEN),Sarangani,415,0,198892,199307,0
2019,Region XII (SOCCSSARGEN),South Cotabato,3042,1,672746,675789,0
2019,Region XII (SOCCSSARGEN),Koronadal City,2286,0,616517,618803,0
2019,Region XII (SOCCSSARGEN),Others,756,1,56229,56986,0
2019,Region XII (SOCCSSARGEN),Sultan Kudarat,71,0,49469,49540,0
2019,Region XII (SOCCSSARGEN),Tacurong City,71,0,37873,37944,0
2019,Region XII (SOCCSSARGEN),Others,0,0,11596,11596,0
2019,Region XII (SOCCSSARGEN),Cotabato City,4580,0,202814,207394,0
2019,Region XII (SOCCSSARGEN),General Santos City,17074,0,542413,559487,0
2019,Region XIII (CARAGA),Region XIII (CARAGA),105302,1486,1262058,1368846,1
2019,Region XIII (CARAGA),Agusan del Norte,75,0,72935,73010,0
2019,Region XIII (CARAGA),Cabadbaran City,75,0,72935,73010,0
2019,Region XIII (CARAGA),Others,0,0,0,0,0
2019,Region XIII (CARAGA),Agusan del Sur,0,0,187703,187703,0
2019,Region XIII (CARAGA),Bayugan,0,0,9733,9733,0
2019,Region XIII (CARAGA),Others,0,0,177970,177970,0
2019,Region XIII (CARAGA),Dinagat Islands,1018,0,75821,76839,0
2019,Region XIII (CARAGA),Surigao del Norte,98355,1284,558628,658267,0
2019,Region XIII (CARAGA),Siargao Islands,0,0,0,0,0
2019,Region XIII (CARAGA),Surigao City,13781,238,300181,314200,0
2019,Region XIII (CARAGA),Others,84574,1046,258447,344067,0
2019,Region XIII (CARAGA),Surigao del Sur,428,0,78392,78820,0
2019,Region XIII (CARAGA),Bislig City,0,0,7554,7554,0
2019,Region XIII (CARAGA),Tandag City,428,0,70838,71266,0
2019,Region XIII (CARAGA),Others,0,0,0,0,0
2019,Region XIII (CARAGA),Butuan City,5426,202,288579,294207,0
2019,GRAND TOTAL,GRAND TOTAL,10157359,230104,46378907,56766370,1
2020,NCR (National Capital Region),NCR (National Capital Region),458951,45918,1184459,1689328,1
2020,NCR (National Capital Region),Caloocan City,0,0,0,0,0
2020,NCR (National Capital Region),Las Piñas City,0,0,0,0,0
2020,NCR (National Capital Region),Makati City,76626,549,102769,179944,0
2020,NCR (National Capital Region),Malabon City,0,0,256,256,0
2020,NCR (National Capital Region),Mandaluyong City,3803,53,17481,21337,0
2020,NCR (National Capital Region),Manila,36138,14665,160766,211569,0
2020,NCR (National Capital Region),Marikina City,0,0,0,0,0
2020,NCR (National Capital Region),Muntinlupa City,21395,2563,49200,73158,0
2020,NCR (National Capital Region),Navotas City,0,0,0,0,0
2020,NCR (National Capital Region),Parañaque City,81385,838,253903,336126,0
2020,NCR (National Capital Region),Pasay City,182245,75,404148,586468,0
2020,NCR (National Capital Region),Pasig City,25964,10166,92839,128969,0
2020,NCR (National Capital Region),Quezon City,4374,17009,71221,92604,0
2020,NCR (National Capital Region),San Juan City,0,0,0,0,0
2020,NCR (National Capital Region),Taguig City,27021,0,31876,58897,0
2020,NCR (National Capital Region),Valenzuela City,0,0,0,0,0
2020,NCR (National Capital Region),Pateros,0,0,0,0,0
2020,CAR (Cordillera Administrative Region),CAR (Cordillera Administrative Region),12335,40,322653,335028,1
2020,CAR (Cordillera Administrative Region),Abra,0,0,0,0,0
2020,CAR (Cordillera Administrative Region),Apayao,3,30,1159,1192,0
2020,CAR (Cordillera Administrative Region),Benguet,100,0,5577,5677,0
2020,CAR (Cordillera Administrative Region),Ifugao,5885,1,4163,10049,0
2020,CAR (Cordillera Administrative Region),Kalinga,558,9,26721,27288,0
2020,CAR (Cordillera Administrative Region),Mountain Province,1913,0,19997,21910,0
2020,CAR (Cordillera Administrative Region),Barlig,0,0,0,0,0
2020,CAR (Cordillera Administrative Region),Bauko,0,0,0,0,0
2020,CAR (Cordillera Administrative Region),Sagada,0,0,0,0,0
2020,CAR (Cordillera Administrative Region),Sadanga,0,0,0,0,0
2020,CAR (Cordillera Administrative Region),Tadian,0,0,0,0,0
2020,CAR (Cordillera Administrative Region),Bontoc,0,0,0,0,0
2020,CAR (Cordillera Administrative Region),Baguio City,3876,0,265036,268912,0
2020,Region I (ILOCOS REGION),Region I (ILOCOS REGION),2316,39,118283,120638,1
2020,Region I (ILOCOS REGION),Ilocos Norte,0,0,0,0,0
2020,Region I (ILOCOS REGION),Bangui,0,0,0,0,0
2020,Region I (ILOCOS REGION),Batac,0,0,0,0,0
2020,Region I (ILOCOS REGION),Burgos,0,0,0,0,0
2020,Region I (ILOCOS REGION),Currimao,0,0,0,0,0
2020,Region I (ILOCOS REGION),Laoag City,0,0,0,0,0
2020,Region I (ILOCOS REGION),Pagudpud,0,0,0,0,0
2020,Region I (ILOCOS REGION),Paoay,0,0,0,0,0
2020,Region I (ILOCOS REGION),Pasuquin,0,0,0,0,0
2020,Region I (ILOCOS REGION),San Nicolas,0,0,0,0,0
2020,Region I (ILOCOS REGION),Sarat,0,0,0,0,0
2020,Region I (ILOCOS REGION),Ilocos Sur,0,0,0,0,0
2020,Region I (ILOCOS REGION),Bantay,0,0,0,0,0
2020,Region I (ILOCOS REGION),Candon City,0,0,0,0,0
2020,Region I (ILOCOS REGION),Sinait,0,0,0,0,0
2020,Region I (ILOCOS REGION),Vigan City,0,0,0,0,0
2020,Region I (ILOCOS REGION),La Union,0,39,0,39,0
2020,Region I (ILOCOS REGION),Agoo,0,0,0,0,0
2020,Region I (ILOCOS REGION),Aringay,0,0,0,0,0
2020,Region I (ILOCOS REGION),Bacnotan,0,0,0,0,0
2020,Region I (ILOCOS REGION),Baloaon,0,39,0,39,0
2020,Region I (ILOCOS REGION),Bangar,0,0,0,0,0
2020,Region I (ILOCOS REGION),Bauang,0,0,0,0,0
2020,Region I (ILOCOS REGION),Caba,0,0,0,0,0
2020,Region I (ILOCOS REGION),Luna,0,0,0,0,0
2020,Region I (ILOCOS REGION),Naguilian,0,0,0,0,0
2020,Region I (ILOCOS REGION),Pugo,0,0,0,0,0
2020,Region I (ILOCOS REGION),Rosario,0,0,0,0,0
2020,Region I (ILOCOS REGION),San Fernando City,0,0,0,0,0
2020,Region I (ILOCOS REGION),San Juan,0,0,0,0,0
2020,Region I (ILOCOS REGION),Santol,0,0,0,0,0
2020,Region I (ILOCOS REGION),Sto. Tomas,0,0,0,0,0
2020,Region I (ILOCOS REGION),Sudipen,0,0,0,0,0
2020,Region I (ILOCOS REGION),Tubao,0,0,0,0,0
2020,Region I (ILOCOS REGION),Pangasinan,2316,0,118283,120599,0
2020,Region I (ILOCOS REGION),Alaminos,1397,0,29882,31279,0
2020,Region I (ILOCOS REGION),Anda,0,0,0,0,0
2020,Region I (ILOCOS REGION),Balungao,10,0,589,599,0
2020,Region I (ILOCOS REGION),Bautista,0,0,0,0,0
2020,Region I (ILOCOS REGION),Bolinao,192,0,26093,26285,0
2020,Region I (ILOCOS REGION),Bugallion,0,0,4924,4924,0
2020,Region I (ILOCOS REGION),Calasiao,0,0,45,45,0
2020,Region I (ILOCOS REGION),Dagupan City,0,0,220,220,0
2020,Region I (ILOCOS REGION),Dasol,76,0,6824,6900,0
2020,Region I (ILOCOS REGION),Labrador,0,0,0,0,0
2020,Region I (ILOCOS REGION),Lingayen,61,0,16698,16759,0
2020,Region I (ILOCOS REGION),San Carlos City,0,0,1904,1904,0
2020,Region I (ILOCOS REGION),San Fabian,0,0,11361,11361,0
2020,Region I (ILOCOS REGION),Sta. Maria,0,0,0,0,0
2020,Region I (ILOCOS REGION),Tayug,0,0,151,151,0
2020,Region I (ILOCOS REGION),Urdaneta City,23,0,18733,18756,0
2020,Region I (ILOCOS REGION),Villasis,557,0,859,1416,0
2020,Region II (CAGAYAN VALLEY),Region II (CAGAYAN VALLEY),7817,0,140784,148601,1
2020,Region II (CAGAYAN VALLEY),Batanes,444,0,10109,10553,0
2020,Region II (CAGAYAN VALLEY),Cagayan,5840,0,17367,23207,0
2020,Region II (CAGAYAN VALLEY),Tuguegarao City,0,0,1078,1078,0
2020,Region II (CAGAYAN VALLEY),Others,5840,0,16289,22129,0
2020,Region II (CAGAYAN VALLEY),Isabela,986,0,74060,75046,0
2020,Region II (CAGAYAN VALLEY),Cauayan City,762,0,31228,31990,0
2020,Region II (CAGAYAN VALLEY),Ilagan City,0,0,17082,17082,0
2020,Region II (CAGAYAN VALLEY),Santiago City,154,0,3182,3336,0
2020,Region II (CAGAYAN VALLEY),Others,70,0,22568,22638,0
2020,Region II (CAGAYAN VALLEY),Nueva Vizcaya,498,0,37113,37611,0
2020,Region II (CAGAYAN VALLEY),Quirino,49,0,2135,2184,0
2020,Region III (CENTRAL LUZON),Region III (CENTRAL LUZON),174231,702,1143794,1318727,1
2020,Region III (CENTRAL LUZON),Aurora,120,0,41824,41944,0
2020,Region III (CENTRAL LUZON),Bataan,876,0,16457,17333,0
2020,Region III (CENTRAL LUZON),Bulacan,670,0,113281,113951,0
2020,Region III (CENTRAL LUZON),Nueva Ecija,7938,0,60449,68387,0
2020,Region III (CENTRAL LUZON),Pampanga,156700,60,515842,672602,0
2020,Region III (CENTRAL LUZON),Clark,154443,0,428459,582902,0
2020,Region III (CENTRAL LUZON),San Fernando City,0,0,0,0,0
2020,Region III (CENTRAL LUZON),Others,2257,60,87383,89700,0
2020,Region III (CENTRAL LUZON),Tarlac City,2337,0,42838,45175,0
2020,Region III (CENTRAL LUZON),Zambales,1072,0,71339,72411,0
2020,Region III (CENTRAL LUZON),SBMA,4518,642,281764,286924,0
2020,Region III (CENTRAL LUZON),Angeles City,0,0,0,0,0
2020,Region III (CENTRAL LUZON),Olongapo City,0,0,0,0,0
2020,Region IV-A CALABARZON,Region IV-A CALABARZON,49165,908,1087231,1137304,1
2020,Region IV-A CALABARZON,Batangas,27167,0,147703,174870,0
2020,Region IV-A CALABARZON,Alitagtag,0,0,0,0,0
2020,Region IV-A CALABARZON,Balayan,0,0,0,0,0
2020,Region IV-A CALABARZON,Batangas City,89,0,3566,3655,0
2020,Region IV-A CALABARZON,Balete,0,0,1688,1688,0
2020,Region IV-A CALABARZON,Bauan,0,0,0,0,0
2020,Region IV-A CALABARZON,Calatagan,0,0,11892,11892,0
2020,Region IV-A CALABARZON,Cuenca,0,0,0,0,0
2020,Region IV-A CALABARZON,Ibaan,0,0,0,0,0
2020,Region IV-A CALABARZON,Laurel,0,0,70,70,0
2020,Region IV-A CALABARZON,Lemery,0,0,0,0,0
2020,Region IV-A CALABARZON,Lian,0,0,0,0,0
2020,Region IV-A CALABARZON,Lipa City,4201,0,18790,22991,0
2020,Region IV-A CALABARZON,Lobo,31,0,4717,4748,0
2020,Region IV-A CALABARZON,Mabini,8721,0,10874,19595,0
2020,Region IV-A CALABARZON,Malvar,7444,0,12949,20393,0
2020,Region IV-A CALABARZON,Mataas na Kahoy,0,0,0,0,0
2020,Region IV-A CALABARZON,Nasugbu,386,0,24003,24389,0
2020,Region IV-A CALABARZON,Rosario,0,0,0,0,0
2020,Region IV-A CALABARZON,San Juan,538,0,41229,41767,0
2020,Region IV-A CALABARZON,San Pascual,0,0,0,0,0
2020,Region IV-A CALABARZON,Santo Tomas,5757,0,17925,23682,0
2020,Region IV-A CALABARZON,Taal,0,0,0,0,0
2020,Region IV-A CALABARZON,Talisay,0,0,0,0,0
2020,Region IV-A CALABARZON,Tanauan,0,0,0,0,0
2020,Region IV-A CALABARZON,Tingloy,0,0,0,0,0
2020,Region IV-A CALABARZON,Cavite,0,0,107794,107794,0
2020,Region IV-A CALABARZON,Alfonso,0,0,53,53,0
2020,Region IV-A CALABARZON,Amadeo,0,0,0,0,0
2020,Region IV-A CALABARZON,Carmona,0,0,4613,4613,0
2020,Region IV-A CALABARZON,Cavite City,0,0,0,0,0
2020,Region IV-A CALABARZON,City of Bacoor,0,0,193,193,0
2020,Region IV-A CALABARZON,City of Dasmariñas,0,0,1523,1523,0
2020,Region IV-A CALABARZON,Gen. Trias City,0,0,1853,1853,0
2020,Region IV-A CALABARZON,Kawit,0,0,0,0,0
2020,Region IV-A CALABARZON,Mendez,0,0,20,20,0
2020,Region IV-A CALABARZON,Naic,0,0,311,311,0
2020,Region IV-A CALABARZON,Silang,0,0,1881,1881,0
2020,Region IV-A CALABARZON,Tagaytay City,0,0,89567,89567,0
2020,Region IV-A CALABARZON,Tanza,0,0,446,446,0
2020,Region IV-A CALABARZON,Trece Martirez,0,0,7334,7334,0
2020,Region IV-A CALABARZON,Laguna,19329,0,188230,207559,0
2020,Region IV-A CALABARZON,Calamba City,3442,0,130197,133639,0
2020,Region IV-A CALABARZON,Calauan,0,0,0,0,0
2020,Region IV-A CALABARZON,Cavinti,0,0,0,0,0
2020,Region IV-A CALABARZON,Los Baños,0,0,0,0,0
2020,Region IV-A CALABARZON,Lumban,0,0,0,0,0
2020,Region IV-A CALABARZON,Majayjay,0,0,0,0,0
2020,Region IV-A CALABARZON,Nagcarlan,0,0,0,0,0
2020,Region IV-A CALABARZON,Rizal,0,0,0,0,0
2020,Region IV-A CALABARZON,Pakil,0,0,0,0,0
2020,Region IV-A CALABARZON,San Pablo,0,0,0,0,0
2020,Region IV-A CALABARZON,Santa Cruz,0,0,293,293,0
2020,Region IV-A CALABARZON,Sta. Rosa City,15887,0,57740,73627,0
2020,Region IV-A CALABARZON,Victoria,0,0,0,0,0
2020,Region IV-A CALABARZON,Quezon,1645,908,249164,251717,0
2020,Region IV-A CALABARZON,Agdangan,0,0,0,0,0
2020,Region IV-A CALABARZON,Alabat,0,0,121,121,0
2020,Region IV-A CALABARZON,Atimonan,353,0,8669,9022,0
2020,Region IV-A CALABARZON,Buenavista,0,0,0,0,0
2020,Region IV-A CALABARZON,Burdeos,0,0,0,0,0
2020,Region IV-A CALABARZON,Calauag,0,0,116,116,0
2020,Region IV-A CALABARZON,Catanauan,0,0,0,0,0
2020,Region IV-A CALABARZON,Candelaria,0,0,73,73,0
2020,Region IV-A CALABARZON,Dolores,0,0,776,776,0
2020,Region IV-A CALABARZON,Gen Luna,0,0,0,0,0
2020,Region IV-A CALABARZON,Gen. Nakar,2,0,4574,4576,0
2020,Region IV-A CALABARZON,Guinayangan,0,0,0,0,0
2020,Region IV-A CALABARZON,Gumaca,0,0,0,0,0
2020,Region IV-A CALABARZON,Infanta,19,0,5034,5053,0
2020,Region IV-A CALABARZON,Jomalig,29,0,4070,4099,0
2020,Region IV-A CALABARZON,Lopez,0,0,0,0,0
2020,Region IV-A CALABARZON,Lucban,0,0,17916,17916,0
2020,Region IV-A CALABARZON,Lucena City,872,0,39624,40496,0
2020,Region IV-A CALABARZON,Macalelon,0,0,75,75,0
2020,Region IV-A CALABARZON,Mauban,0,0,0,0,0
2020,Region IV-A CALABARZON,Mulanay,130,0,16446,16576,0
2020,Region IV-A CALABARZON,Padre Burgos,0,0,0,0,0
2020,Region IV-A CALABARZON,Pagbilao,0,0,2245,2245,0
2020,Region IV-A CALABARZON,Panukulan,0,0,0,0,0
2020,Region IV-A CALABARZON,Patnanungan,0,0,0,0,0
2020,Region IV-A CALABARZON,Plaridel,0,0,387,387,0
2020,Region IV-A CALABARZON,Perez,0,0,0,0,0
2020,Region IV-A CALABARZON,Polillo,0,0,0,0,0
2020,Region IV-A CALABARZON,Quezon,0,0,136,136,0
2020,Region IV-A CALABARZON,Real,0,0,8051,8051,0
2020,Region IV-A CALABARZON,Sampaloc,0,0,0,0,0
2020,Region IV-A CALABARZON,San Andres,0,0,5034,5034,0
2020,Region IV-A CALABARZON,San Antonio,0,0,0,0,0
2020,Region IV-A CALABARZON,San Francisco,0,0,0,0,0
2020,Region IV-A CALABARZON,Sariaya,185,0,74957,75142,0
2020,Region IV-A CALABARZON,Tagkawayan,0,0,0,0,0
2020,Region IV-A CALABARZON,Tayabas,0,0,58057,58057,0
2020,Region IV-A CALABARZON,Tiaong,55,908,2803,3766,0
2020,Region IV-A CALABARZON,Unisan,0,0,0,0,0
2020,Region IV-A CALABARZON,Rizal,1024,0,394340,395364,0
2020,Region IV-A CALABARZON,Antipolo City,30,0,77872,77902,0
2020,Region IV-A CALABARZON,Angono,0,0,0,0,0
2020,Region IV-A CALABARZON,Baras,0,0,0,0,0
2020,Region IV-A CALABARZON,Binangonan,0,0,1910,1910,0
2020,Region IV-A CALABARZON,Cainta,0,0,826,826,0
2020,Region IV-A CALABARZON,Cardona,0,0,0,0,0
2020,Region IV-A CALABARZON,Jalajala,0,0,0,0,0
2020,Region IV-A CALABARZON,Morong,0,0,0,0,0
2020,Region IV-A CALABARZON,Pililia,0,0,1882,1882,0
2020,Region IV-A CALABARZON,Rodriguez,4,0,126396,126400,0
2020,Region IV-A CALABARZON,San Mateo,0,0,0,0,0
2020,Region IV-A CALABARZON,Tanay,70,0,138346,138416,0
2020,Region IV-A CALABARZON,Taytay,920,0,47108,48028,0
2020,Region IV-A CALABARZON,Teresa,0,0,0,0,0
2020,Region IV-B MIMAROPA,Region IV-B MIMAROPA,140865,51,277747,418663,1
2020,Region IV-B MIMAROPA,Marinduque,250,0,7081,7331,0
2020,Region IV-B MIMAROPA,Boac,29,0,4370,4399,0
2020,Region IV-B MIMAROPA,Buenavista,0,0,0,0,0
2020,Region IV-B MIMAROPA,Gasan,174,0,1277,1451,0
2020,Region IV-B MIMAROPA,Mogpog,3,0,470,473,0
2020,Region IV-B MIMAROPA,Sta. Cruz,0,0,0,0,0
2020,Region IV-B MIMAROPA,Torrijos,44,0,964,1008,0
2020,Region IV-B MIMAROPA,Occidental Mindoro,988,26,41807,42821,0
2020,Region IV-B MIMAROPA,Abra de Ilog,0,0,0,0,0
2020,Region IV-B MIMAROPA,Calintaan,128,0,6073,6201,0
2020,Region IV-B MIMAROPA,Looc,0,0,0,0,0
2020,Region IV-B MIMAROPA,Lubang,43,26,2819,2888,0
2020,Region IV-B MIMAROPA,Magsaysay,12,0,810,822,0
2020,Region IV-B MIMAROPA,Mamburao,0,0,0,0,0
2020,Region IV-B MIMAROPA,Paluan,0,0,852,852,0
2020,Region IV-B MIMAROPA,Rizal,0,0,0,0,0
2020,Region IV-B MIMAROPA,Sablayan,805,0,9762,10567,0
2020,Region IV-B MIMAROPA,San Jose,0,0,21491,21491,0
2020,Region IV-B MIMAROPA,Santa Cruz,0,0,0,0,0
2020,Region IV-B MIMAROPA,Others,0,0,0,0,0
2020,Region IV-B MIMAROPA,Oriental Mindoro,3999,0,49012,53011,0
2020,Region IV-B MIMAROPA,Baco,0,0,0,0,0
2020,Region IV-B MIMAROPA,Bansud,0,0,0,0,0
2020,Region IV-B MIMAROPA,Bongabong,0,0,0,0,0
2020,Region IV-B MIMAROPA,Bulalacao,0,0,16540,16540,0
2020,Region IV-B MIMAROPA,Calapan City,1266,0,23406,24672,0
2020,Region IV-B MIMAROPA,Gloria,0,0,0,0,0
2020,Region IV-B MIMAROPA,Mansalay,0,0,0,0,0
2020,Region IV-B MIMAROPA,Naujan,0,0,0,0,0
2020,Region IV-B MIMAROPA,Pinamalayan,0,0,0,0,0
2020,Region IV-B MIMAROPA,Pola,0,0,0,0,0
2020,Region IV-B MIMAROPA,Puerto Galera,2733,0,8106,10839,0
2020,Region IV-B MIMAROPA,Roxas,0,0,960,960,0
2020,Region IV-B MIMAROPA,San Teodoro,0,0,0,0,0
2020,Region IV-B MIMAROPA,Socorro,0,0,0,0,0
2020,Region IV-B MIMAROPA,Victoria,0,0,0,0,0
2020,Region IV-B MIMAROPA,Palawan,74516,0,85582,160098,0
2020,Region IV-B MIMAROPA,Aborlan,0,0,0,0,0
2020,Region IV-B MIMAROPA,Araceli,12,0,57,69,0
2020,Region IV-B MIMAROPA,Balabac,0,0,0,0,0
2020,Region IV-B MIMAROPA,Bataraza,0,0,10536,10536,0
2020,Region IV-B MIMAROPA,Busuanga,1296,0,1138,2434,0
2020,Region IV-B MIMAROPA,Brookes Point,26,0,10486,10512,0
2020,Region IV-B MIMAROPA,Cagayancillo,10,0,2,12,0
2020,Region IV-B MIMAROPA,Coron,14161,0,33835,47996,0
2020,Region IV-B MIMAROPA,Cuyo,17,0,27,44,0
2020,Region IV-B MIMAROPA,Culion,306,0,304,610,0
2020,Region IV-B MIMAROPA,Dumaran,0,0,0,0,0
2020,Region IV-B MIMAROPA,El Nido,46698,0,23867,70565,0
2020,Region IV-B MIMAROPA,Espanola,0,0,0,0,0
2020,Region IV-B MIMAROPA,Linapacan,4898,0,53,4951,0
2020,Region IV-B MIMAROPA,Magsaysay,0,0,0,0,0
2020,Region IV-B MIMAROPA,Narra,95,0,1668,1763,0
2020,Region IV-B MIMAROPA,Quezon,72,0,1890,1962,0
2020,Region IV-B MIMAROPA,Roxas,0,0,0,0,0
2020,Region IV-B MIMAROPA,San Vicente,5585,0,1511,7096,0
2020,Region IV-B MIMAROPA,Taytay,1340,0,208,1548,0
2020,Region IV-B MIMAROPA,Romblon,488,0,479,967,0
2020,Region IV-B MIMAROPA,Alcantara,0,0,0,0,0
2020,Region IV-B MIMAROPA,Calatrava,0,0,0,0,0
2020,Region IV-B MIMAROPA,Ferrol,0,0,0,0,0
2020,Region IV-B MIMAROPA,Magdiwang,0,0,0,0,0
2020,Region IV-B MIMAROPA,Odiongan,0,0,0,0,0
2020,Region IV-B MIMAROPA,Romblon,0,0,0,0,0
2020,Region IV-B MIMAROPA,San Agustin,0,0,0,0,0
2020,Region IV-B MIMAROPA,San Andres,0,0,0,0,0
2020,Region IV-B MIMAROPA,San Fernando,0,0,0,0,0
2020,Region IV-B MIMAROPA,San Jose,488,0,479,967,0
2020,Region IV-B MIMAROPA,Santa Maria,0,0,0,0,0
2020,Region IV-B MIMAROPA,Puerto Princesa City,60624,25,93786,154435,0
2020,Region V (BICOL REGION),Region V (BICOL REGION),6222,0,631490,637712,1
2020,Region V (BICOL REGION),Albay,5118,0,193671,198789,0
2020,Region V (BICOL REGION),Legazpi City,3346,0,64476,67822,0
2020,Region V (BICOL REGION),Bacacay,63,0,5941,6004,0
2020,Region V (BICOL REGION),Camalig,0,0,510,510,0
2020,Region V (BICOL REGION),Daraga,51,0,15849,15900,0
2020,Region V (BICOL REGION),Guinobotan,31,0,6800,6831,0
2020,Region V (BICOL REGION),Jovellar,0,0,23,23,0
2020,Region V (BICOL REGION),Libon,0,0,148,148,0
2020,Region V (BICOL REGION),Ligao City,21,0,28135,28156,0
2020,Region V (BICOL REGION),Malilipot,0,0,3450,3450,0
2020,Region V (BICOL REGION),Malinao,0,0,1128,1128,0
2020,Region V (BICOL REGION),Manito,0,0,47,47,0
2020,Region V (BICOL REGION),Oas,1505,0,27690,29195,0
2020,Region V (BICOL REGION),Pio Duran,0,0,4325,4325,0
2020,Region V (BICOL REGION),Polangui,58,0,5011,5069,0
2020,Region V (BICOL REGION),Rapu Rapu,0,0,0,0,0
2020,Region V (BICOL REGION),Sto. Domingo,16,0,3789,3805,0
2020,Region V (BICOL REGION),Tabaco City,0,0,21751,21751,0
2020,Region V (BICOL REGION),Tiwi,27,0,4598,4625,0
2020,Region V (BICOL REGION),Camarines Norte,0,0,0,0,0
2020,Region V (BICOL REGION),Basud,0,0,0,0,0
2020,Region V (BICOL REGION),Capalonga,0,0,0,0,0
2020,Region V (BICOL REGION),Daet,0,0,0,0,0
2020,Region V (BICOL REGION),Jose Panganiban,0,0,0,0,0
2020,Region V (BICOL REGION),Labo,0,0,0,0,0
2020,Region V (BICOL REGION),Mercedes,0,0,0,0,0
2020,Region V (BICOL REGION),Paracale,0,0,0,0,0
2020,Region V (BICOL REGION),San Lorenzo Ruiz,0,0,0,0,0
2020,Region V (BICOL REGION),San Vicente,0,0,0,0,0
2020,Region V (BICOL REGION),Sta Elena,0,0,0,0,0
2020,Region V (BICOL REGION),Talisay,0,0,0,0,0
2020,Region V (BICOL REGION),Vinzons,0,0,0,0,0
2020,Region V (BICOL REGION),Camarines Sur,233,0,381876,382109,0
2020,Region V (BICOL REGION),Iriga City,233,0,4078,4311,0
2020,Region V (BICOL REGION),Naga City,0,0,377798,377798,0
2020,Region V (BICOL REGION),Others,0,0,0,0,0
2020,Region V (BICOL REGION),Catanduanes,871,0,55943,56814,0
2020,Region V (BICOL REGION),Bagamanoc,0,0,859,859,0
2020,Region V (BICOL REGION),Bato,0,0,0,0,0
2020,Region V (BICOL REGION),Baras,105,0,2073,2178,0
2020,Region V (BICOL REGION),Caramoran,2,0,193,195,0
2020,Region V (BICOL REGION),Gigmoto,4,0,88,92,0
2020,Region V (BICOL REGION),Pandan,22,0,894,916,0
2020,Region V (BICOL REGION),Panganiban,0,0,106,106,0
2020,Region V (BICOL REGION),San Andres,47,0,3161,3208,0
2020,Region V (BICOL REGION),San Miguel,0,0,0,0,0
2020,Region V (BICOL REGION),Viga,0,0,514,514,0
2020,Region V (BICOL REGION),Virac,691,0,48055,48746,0
2020,Region V (BICOL REGION),Masbate Province,0,0,0,0,0
2020,Region V (BICOL REGION),Aroroy,0,0,0,0,0
2020,Region V (BICOL REGION),Baleno,0,0,0,0,0
2020,Region V (BICOL REGION),Balud,0,0,0,0,0
2020,Region V (BICOL REGION),Batuan,0,0,0,0,0
2020,Region V (BICOL REGION),Cataingan,0,0,0,0,0
2020,Region V (BICOL REGION),Cawayan,0,0,0,0,0
2020,Region V (BICOL REGION),Claveria,0,0,0,0,0
2020,Region V (BICOL REGION),Dimasalang,0,0,0,0,0
2020,Region V (BICOL REGION),Esperanza,0,0,0,0,0
2020,Region V (BICOL REGION),Mandaon,0,0,0,0,0
2020,Region V (BICOL REGION),Milagros,0,0,0,0,0
2020,Region V (BICOL REGION),Mobo,0,0,0,0,0
2020,Region V (BICOL REGION),Monreal,0,0,0,0,0
2020,Region V (BICOL REGION),Palanas,0,0,0,0,0
2020,Region V (BICOL REGION),Pio V. Corpus,0,0,0,0,0
2020,Region V (BICOL REGION),Placer,0,0,0,0,0
2020,Region V (BICOL REGION),San Fernando,0,0,0,0,0
2020,Region V (BICOL REGION),San Jacinto,0,0,0,0,0
2020,Region V (BICOL REGION),San Pascual,0,0,0,0,0
2020,Region V (BICOL REGION),Masbate City,0,0,0,0,0
2020,Region V (BICOL REGION),Sorsogon Province,0,0,0,0,0
2020,Region V (BICOL REGION),Sorsogon City,0,0,0,0,0
2020,Region VI (WESTERN VISAYAS),Region VI (WESTERN VISAYAS),173300,17171,882505,1072976,1
2020,Region VI (WESTERN VISAYAS),Boracay,145658,16538,172259,334455,0
2020,Region VI (WESTERN VISAYAS),Aklan,1480,16,39896,41392,0
2020,Region VI (WESTERN VISAYAS),Buruanga,81,13,689,783,0
2020,Region VI (WESTERN VISAYAS),Kalibo,1385,3,38532,39920,0
2020,Region VI (WESTERN VISAYAS),Nabas,0,0,0,0,0
2020,Region VI (WESTERN VISAYAS),New Washington,0,0,0,0,0
2020,Region VI (WESTERN VISAYAS),Numancia,14,0,675,689,0
2020,Region VI (WESTERN VISAYAS),Tangalan,0,0,0,0,0
2020,Region VI (WESTERN VISAYAS),Antique,13,0,10693,10706,0
2020,Region VI (WESTERN VISAYAS),Anini-y,2,0,947,949,0
2020,Region VI (WESTERN VISAYAS),Belison,0,0,0,0,0
2020,Region VI (WESTERN VISAYAS),Bugasong,0,0,0,0,0
2020,Region VI (WESTERN VISAYAS),Caluya,0,0,3256,3256,0
2020,Region VI (WESTERN VISAYAS),Culasi,0,0,1394,1394,0
2020,Region VI (WESTERN VISAYAS),Hamtic,0,0,0,0,0
2020,Region VI (WESTERN VISAYAS),Laua-an,0,0,0,0,0
2020,Region VI (WESTERN VISAYAS),Libertad,0,0,1092,1092,0
2020,Region VI (WESTERN VISAYAS),Pandan,0,0,0,0,0
2020,Region VI (WESTERN VISAYAS),Patnogon,0,0,0,0,0
2020,Region VI (WESTERN VISAYAS),San Remegio,0,0,0,0,0
2020,Region VI (WESTERN VISAYAS),Sebaste,0,0,0,0,0
2020,Region VI (WESTERN VISAYAS),San Jose,0,0,2890,2890,0
2020,Region VI (WESTERN VISAYAS),Sibalom,0,0,824,824,0
2020,Region VI (WESTERN VISAYAS),Tibiao,0,0,0,0,0
2020,Region VI (WESTERN VISAYAS),Tobias Fornier,0,0,129,129,0
2020,Region VI (WESTERN VISAYAS),Valderrama,11,0,161,172,0
2020,Region VI (WESTERN VISAYAS),Capiz,496,131,65630,66257,0
2020,Region VI (WESTERN VISAYAS),Cuartero,0,0,380,380,0
2020,Region VI (WESTERN VISAYAS),Dao,0,0,944,944,0
2020,Region VI (WESTERN VISAYAS),Dumalag,7,0,267,274,0
2020,Region VI (WESTERN VISAYAS),Dumarao,0,0,129,129,0
2020,Region VI (WESTERN VISAYAS),Ivisan,0,0,430,430,0
2020,Region VI (WESTERN VISAYAS),Jamindan,10,0,244,254,0
2020,Region VI (WESTERN VISAYAS),Maayon,5,20,766,791,0
2020,Region VI (WESTERN VISAYAS),Mambusao,0,14,737,751,0
2020,Region VI (WESTERN VISAYAS),Panay,28,15,1572,1615,0
2020,Region VI (WESTERN VISAYAS),Panitan,26,6,763,795,0
2020,Region VI (WESTERN VISAYAS),Pilar,2,0,1144,1146,0
2020,Region VI (WESTERN VISAYAS),Pontevedra,32,9,3752,3793,0
2020,Region VI (WESTERN VISAYAS),Pres. Roxas,12,4,789,805,0
2020,Region VI (WESTERN VISAYAS),Roxas City,363,52,50698,51113,0
2020,Region VI (WESTERN VISAYAS),Sapian,0,0,1093,1093,0
2020,Region VI (WESTERN VISAYAS),Sigma,7,0,835,842,0
2020,Region VI (WESTERN VISAYAS),Tapaz,4,11,1087,1102,0
2020,Region VI (WESTERN VISAYAS),Guimaras,605,0,14779,15384,0
2020,Region VI (WESTERN VISAYAS),Buenavista,0,0,1116,1116,0
2020,Region VI (WESTERN VISAYAS),Jordan,6,0,1411,1417,0
2020,Region VI (WESTERN VISAYAS),Nueva Valencia,431,0,9014,9445,0
2020,Region VI (WESTERN VISAYAS),San Lorenzo,145,0,2595,2740,0
2020,Region VI (WESTERN VISAYAS),Sibunag,23,0,643,666,0
2020,Region VI (WESTERN VISAYAS),Others,0,0,0,0,0
2020,Region VI (WESTERN VISAYAS),Iloilo Province,1026,39,71476,72541,0
2020,Region VI (WESTERN VISAYAS),Ajuy,0,0,0,0,0
2020,Region VI (WESTERN VISAYAS),Alimodian,0,0,0,0,0
2020,Region VI (WESTERN VISAYAS),Badiangan,12,0,983,995,0
2020,Region VI (WESTERN VISAYAS),Balasan,6,0,295,301,0
2020,Region VI (WESTERN VISAYAS),Banate,0,0,0,0,0
2020,Region VI (WESTERN VISAYAS),Barotac Nuevo,1,0,687,688,0
2020,Region VI (WESTERN VISAYAS),Barotac Viejo,0,0,0,0,0
2020,Region VI (WESTERN VISAYAS),Batad,0,0,0,0,0
2020,Region VI (WESTERN VISAYAS),Bingawan,0,0,0,0,0
2020,Region VI (WESTERN VISAYAS),Cabatuan,0,0,0,0,0
2020,Region VI (WESTERN VISAYAS),Calinog,0,0,309,309,0
2020,Region VI (WESTERN VISAYAS),Carles,62,0,4104,4166,0
2020,Region VI (WESTERN VISAYAS),Concepcion,24,0,9138,9162,0
2020,Region VI (WESTERN VISAYAS),Dingle,0,0,0,0,0
2020,Region VI (WESTERN VISAYAS),Duenas,10,0,1227,1237,0
2020,Region VI (WESTERN VISAYAS),Dumangas,0,0,2862,2862,0
2020,Region VI (WESTERN VISAYAS),Estancia,602,0,13791,14393,0
2020,Region VI (WESTERN VISAYAS),Guimbal,0,0,5006,5006,0
2020,Region VI (WESTERN VISAYAS),Igbaras,0,0,20,20,0
2020,Region VI (WESTERN VISAYAS),Januiay,0,0,4000,4000,0
2020,Region VI (WESTERN VISAYAS),Lambunao,0,0,2467,2467,0
2020,Region VI (WESTERN VISAYAS),Leganes,110,32,5028,5170,0
2020,Region VI (WESTERN VISAYAS),Lemery,0,0,12,12,0
2020,Region VI (WESTERN VISAYAS),Leon,0,0,535,535,0
2020,Region VI (WESTERN VISAYAS),Maasin,0,0,0,0,0
2020,Region VI (WESTERN VISAYAS),Miagao,1,0,95,96,0
2020,Region VI (WESTERN VISAYAS),Mina,0,0,0,0,0
2020,Region VI (WESTERN VISAYAS),New Lucena,0,0,5290,5290,0
2020,Region VI (WESTERN VISAYAS),Oton,67,0,649,716,0
2020,Region VI (WESTERN VISAYAS),Passi,11,0,163,174,0
2020,Region VI (WESTERN VISAYAS),Pavia,0,0,0,0,0
2020,Region VI (WESTERN VISAYAS),Pototan,32,0,787,819,0
2020,Region VI (WESTERN VISAYAS),San Dionisio,0,0,229,229,0
2020,Region VI (WESTERN VISAYAS),San Enrique,0,0,94,94,0
2020,Region VI (WESTERN VISAYAS),San Joaquin,0,0,5701,5701,0
2020,Region VI (WESTERN VISAYAS),San Miguel,0,0,1948,1948,0
2020,Region VI (WESTERN VISAYAS),Sara,0,0,508,508,0
2020,Region VI (WESTERN VISAYAS),Sta. Barbara,34,3,645,682,0
2020,Region VI (WESTERN VISAYAS),Tigbauan,54,4,4670,4728,0
2020,Region VI (WESTERN VISAYAS),Tubungan,0,0,18,18,0
2020,Region VI (WESTERN VISAYAS),Zarraga,0,0,215,215,0
2020,Region VI (WESTERN VISAYAS),Negros Occidental,6524,0,195623,202147,0
2020,Region VI (WESTERN VISAYAS),Bago,0,0,12386,12386,0
2020,Region VI (WESTERN VISAYAS),Binalbagan,5,0,3825,3830,0
2020,Region VI (WESTERN VISAYAS),Cadiz,989,0,16010,16999,0
2020,Region VI (WESTERN VISAYAS),Calatrava,7,0,1885,1892,0
2020,Region VI (WESTERN VISAYAS),Candoni,0,0,0,0,0
2020,Region VI (WESTERN VISAYAS),Cauayan,0,0,1941,1941,0
2020,Region VI (WESTERN VISAYAS),DS Benedicto,0,0,0,0,0
2020,Region VI (WESTERN VISAYAS),Escalante,0,0,968,968,0
2020,Region VI (WESTERN VISAYAS),Himamaylan,0,0,0,0,0
2020,Region VI (WESTERN VISAYAS),Hinigaran,0,0,8597,8597,0
2020,Region VI (WESTERN VISAYAS),Hinobaan,0,0,0,0,0
2020,Region VI (WESTERN VISAYAS),Kabankalan,411,0,24601,25012,0
2020,Region VI (WESTERN VISAYAS),La Carlota,6,0,3660,3666,0
2020,Region VI (WESTERN VISAYAS),Las Castellana,0,0,0,0,0
2020,Region VI (WESTERN VISAYAS),Manapla,299,0,1958,2257,0
2020,Region VI (WESTERN VISAYAS),Moises,0,0,0,0,0
2020,Region VI (WESTERN VISAYAS),Murcia,813,0,52398,53211,0
2020,Region VI (WESTERN VISAYAS),Pulupandan,0,0,0,0,0
2020,Region VI (WESTERN VISAYAS),Sagay,0,0,3270,3270,0
2020,Region VI (WESTERN VISAYAS),San Carlos,633,0,14949,15582,0
2020,Region VI (WESTERN VISAYAS),San Enrique,0,0,0,0,0
2020,Region VI (WESTERN VISAYAS),Silay,0,0,2122,2122,0
2020,Region VI (WESTERN VISAYAS),Sipalay,3269,0,35014,38283,0
2020,Region VI (WESTERN VISAYAS),Talisay,92,0,12039,12131,0
2020,Region VI (WESTERN VISAYAS),Victorias,0,0,0,0,0
2020,Region VI (WESTERN VISAYAS),Bacolod City,10264,0,132850,143114,0
2020,Region VI (WESTERN VISAYAS),Iloilo City,7234,447,179299,186980,0
2020,Region VII (CENTRAL VISAYAS),Region VII (CENTRAL VISAYAS),616596,9291,1175132,1801019,1
2020,Region VII (CENTRAL VISAYAS),Bohol,66537,1567,109237,177341,0
2020,Region VII (CENTRAL VISAYAS),Alicia,0,0,127,127,0
2020,Region VII (CENTRAL VISAYAS),Anda,3639,0,1980,5619,0
2020,Region VII (CENTRAL VISAYAS),Antequera,0,0,0,0,0
2020,Region VII (CENTRAL VISAYAS),Baclayon,63,0,546,609,0
2020,Region VII (CENTRAL VISAYAS),Batuan,0,0,0,0,0
2020,Region VII (CENTRAL VISAYAS),Bien Unido,0,0,0,0,0
2020,Region VII (CENTRAL VISAYAS),Bilar,0,0,0,0,0
2020,Region VII (CENTRAL VISAYAS),Buenavista,0,0,52,52,0
2020,Region VII (CENTRAL VISAYAS),Calape,420,1,367,788,0
2020,Region VII (CENTRAL VISAYAS),Candijay,2,0,415,417,0
2020,Region VII (CENTRAL VISAYAS),Carmen,934,0,889,1823,0
2020,Region VII (CENTRAL VISAYAS),Catigbian,0,0,0,0,0
2020,Region VII (CENTRAL VISAYAS),Danao,9,0,80,89,0
2020,Region VII (CENTRAL VISAYAS),Dauis,6868,0,4999,11867,0
2020,Region VII (CENTRAL VISAYAS),Dimiao,0,0,0,0,0
2020,Region VII (CENTRAL VISAYAS),Garcia Hernandez,0,0,183,183,0
2020,Region VII (CENTRAL VISAYAS),Getafe,23,0,61,84,0
2020,Region VII (CENTRAL VISAYAS),Guindulman,0,0,0,0,0
2020,Region VII (CENTRAL VISAYAS),Inabanga,0,0,0,0,0
2020,Region VII (CENTRAL VISAYAS),Jagna,147,0,1883,2030,0
2020,Region VII (CENTRAL VISAYAS),Lila,0,0,0,0,0
2020,Region VII (CENTRAL VISAYAS),Loay,0,0,0,0,0
2020,Region VII (CENTRAL VISAYAS),Loon,0,0,0,0,0
2020,Region VII (CENTRAL VISAYAS),Loboc,1440,0,107,1547,0
2020,Region VII (CENTRAL VISAYAS),Maribojoc,138,0,208,346,0
2020,Region VII (CENTRAL VISAYAS),Panglao,43148,0,31733,74881,0
2020,Region VII (CENTRAL VISAYAS),Sagbayan,0,0,0,0,0
2020,Region VII (CENTRAL VISAYAS),San Isidro,0,0,0,0,0
2020,Region VII (CENTRAL VISAYAS),Sikatuna,0,0,211,211,0
2020,Region VII (CENTRAL VISAYAS),Tagbilaran,9373,1566,53180,64119,0
2020,Region VII (CENTRAL VISAYAS),Talibon,312,0,3997,4309,0
2020,Region VII (CENTRAL VISAYAS),Tubigon,0,0,0,0,0
2020,Region VII (CENTRAL VISAYAS),Ubay,6,0,7924,7930,0
2020,Region VII (CENTRAL VISAYAS),Valencia,15,0,295,310,0
2020,Region VII (CENTRAL VISAYAS),Cebu,71132,351,154536,226019,0
2020,Region VII (CENTRAL VISAYAS),Alcoy,0,0,0,0,0
2020,Region VII (CENTRAL VISAYAS),Alcantara,0,0,0,0,0
2020,Region VII (CENTRAL VISAYAS),Alegria,0,0,0,0,0
2020,Region VII (CENTRAL VISAYAS),Aloquinsan,2,0,1291,1293,0
2020,Region VII (CENTRAL VISAYAS),Argao,0,0,1477,1477,0
2020,Region VII (CENTRAL VISAYAS),Badian,4287,0,6184,10471,0
2020,Region VII (CENTRAL VISAYAS),Balamban,39,0,2494,2533,0
2020,Region VII (CENTRAL VISAYAS),Bantayan,0,0,0,0,0
2020,Region VII (CENTRAL VISAYAS),Barili,0,0,267,267,0
2020,Region VII (CENTRAL VISAYAS),Bogo City,164,0,6373,6537,0
2020,Region VII (CENTRAL VISAYAS),Borbon,5,0,86,91,0
2020,Region VII (CENTRAL VISAYAS),Boljoon,0,0,0,0,0
2020,Region VII (CENTRAL VISAYAS),Carcar,0,0,0,0,0
2020,Region VII (CENTRAL VISAYAS),Carmen,0,0,0,0,0
2020,Region VII (CENTRAL VISAYAS),Catmon,0,0,0,0,0
2020,Region VII (CENTRAL VISAYAS),City of Naga,138,0,907,1045,0
2020,Region VII (CENTRAL VISAYAS),Cordova,0,0,0,0,0
2020,Region VII (CENTRAL VISAYAS),Daanbantayan,19892,351,7293,27536,0
2020,Region VII (CENTRAL VISAYAS),Dalaguete,366,0,8768,9134,0
2020,Region VII (CENTRAL VISAYAS),Danao City,11999,0,15296,27295,0
2020,Region VII (CENTRAL VISAYAS),Ginatilan,0,0,0,0,0
2020,Region VII (CENTRAL VISAYAS),Madridejos,0,0,0,0,0
2020,Region VII (CENTRAL VISAYAS),Medellin,0,0,0,0,0
2020,Region VII (CENTRAL VISAYAS),Minglanilla,0,0,0,0,0
2020,Region VII (CENTRAL VISAYAS),Moalboal,14526,0,26266,40792,0
2020,Region VII (CENTRAL VISAYAS),Oslob,8084,0,7021,15105,0
2020,Region VII (CENTRAL VISAYAS),Pilar,0,0,0,0,0
2020,Region VII (CENTRAL VISAYAS),Pinamungahan,123,0,6847,6970,0
2020,Region VII (CENTRAL VISAYAS),Poro,129,0,592,721,0
2020,Region VII (CENTRAL VISAYAS),Ronda,0,0,0,0,0
2020,Region VII (CENTRAL VISAYAS),Samboan,0,0,0,0,0
2020,Region VII (CENTRAL VISAYAS),San Fernando,0,0,0,0,0
2020,Region VII (CENTRAL VISAYAS),San Francisco,0,0,0,0,0
2020,Region VII (CENTRAL VISAYAS),San Remegio,4846,0,44879,49725,0
2020,Region VII (CENTRAL VISAYAS),Santander,0,0,0,0,0
2020,Region VII (CENTRAL VISAYAS),Santa Fe,6313,0,14471,20784,0
2020,Region VII (CENTRAL VISAYAS),Sibonga,0,0,0,0,0
2020,Region VII (CENTRAL VISAYAS),Sogod,50,0,402,452,0
2020,Region VII (CENTRAL VISAYAS),Tabogon,160,0,2357,2517,0
2020,Region VII (CENTRAL VISAYAS),Talisay,0,0,0,0,0
2020,Region VII (CENTRAL VISAYAS),Toledo City,0,0,0,0,0
2020,Region VII (CENTRAL VISAYAS),Tuburan,0,0,758,758,0
2020,Region VII (CENTRAL VISAYAS),Tudela,0,0,0,0,0
2020,Region VII (CENTRAL VISAYAS),Negros Oriental,21682,5070,144898,171650,0
2020,Region VII (CENTRAL VISAYAS),Amlan,159,0,2449,2608,0
2020,Region VII (CENTRAL VISAYAS),Bacong,103,0,282,385,0
2020,Region VII (CENTRAL VISAYAS),Bais,488,0,560,1048,0
2020,Region VII (CENTRAL VISAYAS),Basay,91,24,1827,1942,0
2020,Region VII (CENTRAL VISAYAS),Bayawan,133,0,4962,5095,0
2020,Region VII (CENTRAL VISAYAS),Canlaon,51,0,2428,2479,0
2020,Region VII (CENTRAL VISAYAS),Dauin,1849,0,2379,4228,0
2020,Region VII (CENTRAL VISAYAS),Dumaguete,16414,5046,109196,130656,0
2020,Region VII (CENTRAL VISAYAS),Guijulngan,0,0,2315,2315,0
2020,Region VII (CENTRAL VISAYAS),La Libertad,30,0,1179,1209,0
2020,Region VII (CENTRAL VISAYAS),Jimalaud,0,0,0,0,0
2020,Region VII (CENTRAL VISAYAS),Mabinay,102,0,4521,4623,0
2020,Region VII (CENTRAL VISAYAS),Manjuyod,49,0,1303,1352,0
2020,Region VII (CENTRAL VISAYAS),San Jose,152,0,225,377,0
2020,Region VII (CENTRAL VISAYAS),Siaton,605,0,2501,3106,0
2020,Region VII (CENTRAL VISAYAS),Sibulan,82,0,589,671,0
2020,Region VII (CENTRAL VISAYAS),Tanjay,14,0,4473,4487,0
2020,Region VII (CENTRAL VISAYAS),Valencia,1195,0,1658,2853,0
2020,Region VII (CENTRAL VISAYAS),Zamboanguita,165,0,2051,2216,0
2020,Region VII (CENTRAL VISAYAS),Siquijor,23938,0,14042,37980,0
2020,Region VII (CENTRAL VISAYAS),E. Villanueva,110,0,167,277,0
2020,Region VII (CENTRAL VISAYAS),Larena,941,0,2190,3131,0
2020,Region VII (CENTRAL VISAYAS),Lazi,631,0,940,1571,0
2020,Region VII (CENTRAL VISAYAS),Maria,588,0,1224,1812,0
2020,Region VII (CENTRAL VISAYAS),San Juan,17725,0,5883,23608,0
2020,Region VII (CENTRAL VISAYAS),Siquijor,3943,0,3638,7581,0
2020,Region VII (CENTRAL VISAYAS),Cebu City,172757,1551,424880,599188,0
2020,Region VII (CENTRAL VISAYAS),Lapu-lapu City,202753,729,154719,358201,0
2020,Region VII (CENTRAL VISAYAS),Mandaue City,57797,23,172820,230640,0
2020,Region VIII (EASTERN VISAYAS),Region VIII (EASTERN VISAYAS),7994,86,225887,233967,1
2020,Region VIII (EASTERN VISAYAS),Biliran,0,0,0,0,0
2020,Region VIII (EASTERN VISAYAS),Almeria,0,0,0,0,0
2020,Region VIII (EASTERN VISAYAS),Caibiran,0,0,0,0,0
2020,Region VIII (EASTERN VISAYAS),Cabucgayan,0,0,0,0,0
2020,Region VIII (EASTERN VISAYAS),Culaba,0,0,0,0,0
2020,Region VIII (EASTERN VISAYAS),Kawayan,0,0,0,0,0
2020,Region VIII (EASTERN VISAYAS),Maripipi,0,0,0,0,0
2020,Region VIII (EASTERN VISAYAS),Naval,0,0,0,0,0
2020,Region VIII (EASTERN VISAYAS),Eastern Samar,43,0,11910,11953,0
2020,Region VIII (EASTERN VISAYAS),Borongan City,43,0,11910,11953,0
2020,Region VIII (EASTERN VISAYAS),Can-Avid,0,0,0,0,0
2020,Region VIII (EASTERN VISAYAS),Gen. McArthur,0,0,0,0,0
2020,Region VIII (EASTERN VISAYAS),Guiuan,0,0,0,0,0
2020,Region VIII (EASTERN VISAYAS),Llorente,0,0,0,0,0
2020,Region VIII (EASTERN VISAYAS),Quinapondan,0,0,0,0,0
2020,Region VIII (EASTERN VISAYAS),Taft,0,0,0,0,0
2020,Region VIII (EASTERN VISAYAS),Leyte,0,0,0,0,0
2020,Region VIII (EASTERN VISAYAS),Abuyog,0,0,0,0,0
2020,Region VIII (EASTERN VISAYAS),Alburera,0,0,0,0,0
2020,Region VIII (EASTERN VISAYAS),Bago,0,0,0,0,0
2020,Region VIII (EASTERN VISAYAS),Bato,0,0,0,0,0
2020,Region VIII (EASTERN VISAYAS),Baybay City,0,0,0,0,0
2020,Region VIII (EASTERN VISAYAS),Hilongos,0,0,0,0,0
2020,Region VIII (EASTERN VISAYAS),Inopacan,0,0,0,0,0
2020,Region VIII (EASTERN VISAYAS),Isabel,0,0,0,0,0
2020,Region VIII (EASTERN VISAYAS),Javier,0,0,0,0,0
2020,Region VIII (EASTERN VISAYAS),Kanangga,0,0,0,0,0
2020,Region VIII (EASTERN VISAYAS),Matalom,0,0,0,0,0
2020,Region VIII (EASTERN VISAYAS),McArthur,0,0,0,0,0
2020,Region VIII (EASTERN VISAYAS),Ormoc City,0,0,0,0,0
2020,Region VIII (EASTERN VISAYAS),Palo,0,0,0,0,0
2020,Region VIII (EASTERN VISAYAS),Palompon,0,0,0,0,0
2020,Region VIII (EASTERN VISAYAS),San Isidro,0,0,0,0,0
2020,Region VIII (EASTERN VISAYAS),Tolosa,0,0,0,0,0
2020,Region VIII (EASTERN VISAYAS),Northern Samar,29,0,14471,14500,0
2020,Region VIII (EASTERN VISAYAS),Allen,0,0,0,0,0
2020,Region VIII (EASTERN VISAYAS),Biri,29,0,4176,4205,0
2020,Region VIII (EASTERN VISAYAS),Bobon,0,0,0,0,0
2020,Region VIII (EASTERN VISAYAS),Capul,0,0,0,0,0
2020,Region VIII (EASTERN VISAYAS),Catarman,0,0,0,0,0
2020,Region VIII (EASTERN VISAYAS),Gamay,0,0,0,0,0
2020,Region VIII (EASTERN VISAYAS),Las Navas,0,0,0,0,0
2020,Region VIII (EASTERN VISAYAS),Laoang,0,0,1213,1213,0
2020,Region VIII (EASTERN VISAYAS),Lavezares,0,0,3556,3556,0
2020,Region VIII (EASTERN VISAYAS),Mondragon,0,0,0,0,0
2020,Region VIII (EASTERN VISAYAS),Navar,0,0,0,0,0
2020,Region VIII (EASTERN VISAYAS),Palapag,0,0,0,0,0
2020,Region VIII (EASTERN VISAYAS),San Antonio,0,0,5526,5526,0
2020,Region VIII (EASTERN VISAYAS),San Roque,0,0,0,0,0
2020,Region VIII (EASTERN VISAYAS),Victoria,0,0,0,0,0
2020,Region VIII (EASTERN VISAYAS),Samar,910,0,49370,50280,0
2020,Region VIII (EASTERN VISAYAS),Calbayog City,857,0,22993,23850,0
2020,Region VIII (EASTERN VISAYAS),Catbalogan,53,0,26377,26430,0
2020,Region VIII (EASTERN VISAYAS),Basey,0,0,0,0,0
2020,Region VIII (EASTERN VISAYAS),Marabut,0,0,0,0,0
2020,Region VIII (EASTERN VISAYAS),Paranas,0,0,0,0,0
2020,Region VIII (EASTERN VISAYAS),Southern Leyte,699,0,14801,15500,0
2020,Region VIII (EASTERN VISAYAS),Hinunangan,0,0,0,0,0
2020,Region VIII (EASTERN VISAYAS),Hinundayan,0,0,0,0,0
2020,Region VIII (EASTERN VISAYAS),Liloan,0,0,0,0,0
2020,Region VIII (EASTERN VISAYAS),Limasawa,0,0,0,0,0
2020,Region VIII (EASTERN VISAYAS),Maasin City,699,0,14801,15500,0
2020,Region VIII (EASTERN VISAYAS),Macrohon,0,0,0,0,0
2020,Region VIII (EASTERN VISAYAS),Padre Burgos,0,0,0,0,0
2020,Region VIII (EASTERN VISAYAS),Pintuyan,0,0,0,0,0
2020,Region VIII (EASTERN VISAYAS),San Juan,0,0,0,0,0
2020,Region VIII (EASTERN VISAYAS),Saint Bernard,0,0,0,0,0
2020,Region VIII (EASTERN VISAYAS),Silago,0,0,0,0,0
2020,Region VIII (EASTERN VISAYAS),Sogod,0,0,0,0,0
2020,Region VIII (EASTERN VISAYAS),Tomas Oppus,0,0,0,0,0
2020,Region VIII (EASTERN VISAYAS),Others (Southern Leyte),0,0,0,0,0
2020,Region VIII (EASTERN VISAYAS),Tacloban City,6313,86,135335,141734,0
2020,Region IX (ZAMBOANGA PENINSULA),Region IX (ZAMBOANGA PENINSULA),1387,114,165012,166513,1
2020,Region IX (ZAMBOANGA PENINSULA),Zamboanga del Norte,1149,97,79150,80396,0
2020,Region IX (ZAMBOANGA PENINSULA),Dapitan City,152,50,8977,9179,0
2020,Region IX (ZAMBOANGA PENINSULA),Dipolog City,977,47,66388,67412,0
2020,Region IX (ZAMBOANGA PENINSULA),Others,20,0,3785,3805,0
2020,Region IX (ZAMBOANGA PENINSULA),Zamboanga del Sur,1,11,8920,8932,0
2020,Region IX (ZAMBOANGA PENINSULA),Pagadian City,1,11,7101,7113,0
2020,Region IX (ZAMBOANGA PENINSULA),Others,0,0,1819,1819,0
2020,Region IX (ZAMBOANGA PENINSULA),Zamboanga Sibugay,0,0,11465,11465,0
2020,Region IX (ZAMBOANGA PENINSULA),Isabela City,0,6,23117,23123,0
2020,Region IX (ZAMBOANGA PENINSULA),Zamboanga City,237,0,42360,42597,0
2020,Region X (NORTHERN MINDANAO),Region X (NORTHERN MINDANAO),11381,0,651306,662687,1
2020,Region X (NORTHERN MINDANAO),Bukidnon,161,0,39058,39219,0
2020,Region X (NORTHERN MINDANAO),Malaybalay City,0,0,0,0,0
2020,Region X (NORTHERN MINDANAO),Valencia City,161,0,34402,34563,0
2020,Region X (NORTHERN MINDANAO),Others,0,0,4656,4656,0
2020,Region X (NORTHERN MINDANAO),Camiguin,1166,0,146802,147968,0
2020,Region X (NORTHERN MINDANAO),Lanao del Norte,0,0,6558,6558,0
2020,Region X (NORTHERN MINDANAO),Misamis Occidental,1264,0,111233,112497,0
2020,Region X (NORTHERN MINDANAO),Ozamis City,1186,0,72515,73701,0
2020,Region X (NORTHERN MINDANAO),Tangub City,63,0,5504,5567,0
2020,Region X (NORTHERN MINDANAO),Oroquieta City,15,0,29799,29814,0
2020,Region X (NORTHERN MINDANAO),Others,0,0,3415,3415,0
2020,Region X (NORTHERN MINDANAO),Misamis Oriental,0,0,34498,34498,0
2020,Region X (NORTHERN MINDANAO),Gingoog City,0,0,0,0,0
2020,Region X (NORTHERN MINDANAO),Others,0,0,34498,34498,0
2020,Region X (NORTHERN MINDANAO),Cagayan de Oro City,8048,0,243877,251925,0
2020,Region X (NORTHERN MINDANAO),Iligan City,742,0,69280,70022,0
2020,Region XI (DAVAO REGION),Region XI (DAVAO REGION),33350,7266,1350744,1391360,1
2020,Region XI (DAVAO REGION),Davao De Oro (ComVal),0,0,459050,459050,0
2020,Region XI (DAVAO REGION),Davao del Norte,2119,0,81315,83434,0
2020,Region XI (DAVAO REGION),Island Garden City of Samal,0,0,0,0,0
2020,Region XI (DAVAO REGION),Kapalong,0,0,0,0,0
2020,Region XI (DAVAO REGION),New Corella,0,0,0,0,0
2020,Region XI (DAVAO REGION),Panabo City,0,0,0,0,0
2020,Region XI (DAVAO REGION),Tagum City,0,0,0,0,0
2020,Region XI (DAVAO REGION),Others,2119,0,81315,83434,0
2020,Region XI (DAVAO REGION),Davao del Sur,20,0,104595,104615,0
2020,Region XI (DAVAO REGION),Davao Occcidental,0,0,0,0,0
2020,Region XI (DAVAO REGION),Davao Oriental,885,0,125342,126227,0
2020,Region XI (DAVAO REGION),Davao City,30326,7266,580442,618034,0
2020,Region XII (SOCCSSARGEN),Region XII (SOCCSSARGEN),3218,0,438933,442151,1
2020,Region XII (SOCCSSARGEN),North Cotabato,0,0,39724,39724,0
2020,Region XII (SOCCSSARGEN),Kidapawan City,0,0,34682,34682,0
2020,Region XII (SOCCSSARGEN),Others (Cotabato Province),0,0,5042,5042,0
2020,Region XII (SOCCSSARGEN),Sarangani,118,0,38466,38584,0
2020,Region XII (SOCCSSARGEN),South Cotabato,457,0,236775,237232,0
2020,Region XII (SOCCSSARGEN),Koronadal City,401,0,202091,202492,0
2020,Region XII (SOCCSSARGEN),Others,56,0,34684,34740,0
2020,Region XII (SOCCSSARGEN),Sultan Kudarat,0,0,2327,2327,0
2020,Region XII (SOCCSSARGEN),Tacurong City,0,0,0,0,0
2020,Region XII (SOCCSSARGEN),Others,0,0,2327,2327,0
2020,Region XII (SOCCSSARGEN),Cotabato City,0,0,0,0,0
2020,Region XII (SOCCSSARGEN),General Santos City,2643,0,121641,124284,0
2020,Region XIII (CARAGA),Region XIII (CARAGA),22569,141,273948,296658,1
2020,Region XIII (CARAGA),Agusan del Norte,24,0,25872,25896,0
2020,Region XIII (CARAGA),Cabadbaran City,24,0,18281,18305,0
2020,Region XIII (CARAGA),Others,0,0,7591,7591,0
2020,Region XIII (CARAGA),Agusan del Sur,369,3,28550,28922,0
2020,Region XIII (CARAGA),Bayugan,369,0,11499,11868,0
2020,Region XIII (CARAGA),Others,0,3,17051,17054,0
2020,Region XIII (CARAGA),Dinagat Islands,151,0,12607,12758,0
2020,Region XIII (CARAGA),Surigao del Norte,20286,39,99173,119498,0
2020,Region XIII (CARAGA),Siargao Islands,0,0,0,0,0
2020,Region XIII (CARAGA),Surigao City,2244,0,49492,51736,0
2020,Region XIII (CARAGA),Others,18042,39,49681,67762,0
2020,Region XIII (CARAGA),Surigao del Sur,343,0,47327,47670,0
2020,Region XIII (CARAGA),Bislig City,140,0,1473,1613,0
2020,Region XIII (CARAGA),Tandag City,69,0,19913,19982,0
2020,Region XIII (CARAGA),Others,134,0,25941,26075,0
2020,Region XIII (CARAGA),Butuan City,1396,99,60419,61914,0
2020,GRAND TOTAL,GRAND TOTAL,1721697,81727,10069908,11873332,1
2020,GRAND TOTAL,of Data: Accommodation Establishments as submitted,0,0,0,0,0
2020,GRAND TOTAL,"by: Statistics, Economic Analysis and Information",0,0,0,0,0
2020,GRAND TOTAL,"Office of Tourism Development Planning, Research and",0,0,0,0,0
2021,NCR (National Capital Region),NCR (National Capital Region),218630,136292,1973851,2328773,1
2021,NCR (National Capital Region),Caloocan City,0,0,0,0,0
2021,NCR (National Capital Region),Las Piñas City,0,0,0,0,0
2021,NCR (National Capital Region),Makati City,70300,40287,496067,606654,0
2021,NCR (National Capital Region),Malabon City,0,0,0,0,0
2021,NCR (National Capital Region),Mandaluyong City,6136,40400,65719,112255,0
2021,NCR (National Capital Region),Manila,25039,0,262039,287078,0
2021,NCR (National Capital Region),Marikina City,0,0,0,0,0
2021,NCR (National Capital Region),Muntinlupa City,21962,18364,234915,275241,0
2021,NCR (National Capital Region),Navotas City,0,0,0,0,0
2021,NCR (National Capital Region),Parañaque City,31370,631,313951,345952,0
2021,NCR (National Capital Region),Pasay City,15275,44,242037,257356,0
2021,NCR (National Capital Region),Pasig City,10977,3525,110909,125411,0
2021,NCR (National Capital Region),Quezon City,31468,16219,201347,249034,0
2021,NCR (National Capital Region),San Juan City,0,0,0,0,0
2021,NCR (National Capital Region),Taguig City,6103,16822,46867,69792,0
2021,NCR (National Capital Region),Valenzuela City,0,0,0,0,0
2021,NCR (National Capital Region),Pateros,0,0,0,0,0
2021,CAR (Cordillera Administrative Region),CAR (Cordillera Administrative Region),372,1,417720,418093,1
2021,CAR (Cordillera Administrative Region),Abra,0,0,725,725,0
2021,CAR (Cordillera Administrative Region),Apayao,0,0,2945,2945,0
2021,CAR (Cordillera Administrative Region),Benguet,0,0,2587,2587,0
2021,CAR (Cordillera Administrative Region),Ifugao,0,0,2514,2514,0
2021,CAR (Cordillera Administrative Region),Kalinga,63,0,138941,139004,0
2021,CAR (Cordillera Administrative Region),Mountain Province,33,0,2805,2838,0
2021,CAR (Cordillera Administrative Region),Baguio City,276,1,267203,267480,0
2021,Region I (ILOCOS REGION),Region I (ILOCOS REGION),523,0,321862,322385,1
2021,Region I (ILOCOS REGION),Ilocos Norte,0,0,0,0,0
2021,Region I (ILOCOS REGION),Bangui,0,0,0,0,0
2021,Region I (ILOCOS REGION),Batac,0,0,0,0,0
2021,Region I (ILOCOS REGION),Burgos,0,0,0,0,0
2021,Region I (ILOCOS REGION),Currimao,0,0,0,0,0
2021,Region I (ILOCOS REGION),Laoag City,0,0,0,0,0
2021,Region I (ILOCOS REGION),Pagudpud,0,0,0,0,0
2021,Region I (ILOCOS REGION),Paoay,0,0,0,0,0
2021,Region I (ILOCOS REGION),Pasuquin,0,0,0,0,0
2021,Region I (ILOCOS REGION),San Nicolas,0,0,0,0,0
2021,Region I (ILOCOS REGION),Sarat,0,0,0,0,0
2021,Region I (ILOCOS REGION),Ilocos Sur,69,0,4414,4483,0
2021,Region I (ILOCOS REGION),Bantay,0,0,0,0,0
2021,Region I (ILOCOS REGION),Candon City,0,0,0,0,0
2021,Region I (ILOCOS REGION),Sinait,0,0,0,0,0
2021,Region I (ILOCOS REGION),Vigan City,69,0,4414,4483,0
2021,Region I (ILOCOS REGION),La Union,378,0,112340,112718,0
2021,Region I (ILOCOS REGION),Agoo,0,0,6135,6135,0
2021,Region I (ILOCOS REGION),Aringay,0,0,3881,3881,0
2021,Region I (ILOCOS REGION),Bacnotan,0,0,4347,4347,0
2021,Region I (ILOCOS REGION),Baloaon,0,0,3388,3388,0
2021,Region I (ILOCOS REGION),Bangar,0,0,4237,4237,0
2021,Region I (ILOCOS REGION),Bauang,12,0,25744,25756,0
2021,Region I (ILOCOS REGION),Caba,0,0,3947,3947,0
2021,Region I (ILOCOS REGION),Luna,0,0,240,240,0
2021,Region I (ILOCOS REGION),Naguilian,0,0,0,0,0
2021,Region I (ILOCOS REGION),Pugo,0,0,0,0,0
2021,Region I (ILOCOS REGION),Rosario,0,0,2227,2227,0
2021,Region I (ILOCOS REGION),San Fernando City,322,0,25018,25340,0
2021,Region I (ILOCOS REGION),San Juan,44,0,31272,31316,0
2021,Region I (ILOCOS REGION),Santol,0,0,0,0,0
2021,Region I (ILOCOS REGION),Sto. Tomas,0,0,348,348,0
2021,Region I (ILOCOS REGION),Sudipen,0,0,991,991,0
2021,Region I (ILOCOS REGION),Tubao,0,0,565,565,0
2021,Region I (ILOCOS REGION),Pangasinan,76,0,205108,205184,0
2021,Region I (ILOCOS REGION),Agno,0,0,21713,21713,0
2021,Region I (ILOCOS REGION),Alaminos,0,0,1388,1388,0
2021,Region I (ILOCOS REGION),Anda,4,0,14836,14840,0
2021,Region I (ILOCOS REGION),Balungao,0,0,51,51,0
2021,Region I (ILOCOS REGION),Basista,0,0,549,549,0
2021,Region I (ILOCOS REGION),Bautista,19,0,279,298,0
2021,Region I (ILOCOS REGION),Binmaley,8,0,3643,3651,0
2021,Region I (ILOCOS REGION),Bolinao,24,0,59521,59545,0
2021,Region I (ILOCOS REGION),Bugallion,0,0,0,0,0
2021,Region I (ILOCOS REGION),Burgos,6,0,6299,6305,0
2021,Region I (ILOCOS REGION),Calasiao,0,0,0,0,0
2021,Region I (ILOCOS REGION),Dagupan City,0,0,6988,6988,0
2021,Region I (ILOCOS REGION),Dasol,0,0,35006,35006,0
2021,Region I (ILOCOS REGION),Labrador,0,0,0,0,0
2021,Region I (ILOCOS REGION),Lingayen,15,0,9579,9594,0
2021,Region I (ILOCOS REGION),San Carlos City,0,0,0,0,0
2021,Region I (ILOCOS REGION),San Fabian,0,0,38850,38850,0
2021,Region I (ILOCOS REGION),Sta. Maria,0,0,0,0,0
2021,Region I (ILOCOS REGION),Tayug,0,0,2376,2376,0
2021,Region I (ILOCOS REGION),Urdaneta City,0,0,4030,4030,0
2021,Region I (ILOCOS REGION),Villasis,0,0,0,0,0
2021,Region II (CAGAYAN VALLEY),Region II (CAGAYAN VALLEY),572,0,173714,174286,1
2021,Region II (CAGAYAN VALLEY),Batanes,0,0,0,0,0
2021,Region II (CAGAYAN VALLEY),Cagayan,0,0,1487,1487,0
2021,Region II (CAGAYAN VALLEY),Tuguegarao City,0,0,0,0,0
2021,Region II (CAGAYAN VALLEY),Claveria,0,0,1487,1487,0
2021,Region II (CAGAYAN VALLEY),Others,0,0,0,0,0
2021,Region II (CAGAYAN VALLEY),Isabela,502,0,126226,126728,0
2021,Region II (CAGAYAN VALLEY),Cauayan City,502,0,55148,55650,0
2021,Region II (CAGAYAN VALLEY),Ilagan City,0,0,11646,11646,0
2021,Region II (CAGAYAN VALLEY),Santiago City,0,0,13966,13966,0
2021,Region II (CAGAYAN VALLEY),Burgos,0,0,2256,2256,0
2021,Region II (CAGAYAN VALLEY),Cabagan,0,0,202,202,0
2021,Region II (CAGAYAN VALLEY),Cabatuan,0,0,1629,1629,0
2021,Region II (CAGAYAN VALLEY),Cordon,0,0,8966,8966,0
2021,Region II (CAGAYAN VALLEY),Dinapigue,0,0,443,443,0
2021,Region II (CAGAYAN VALLEY),Divilacan,0,0,10,10,0
2021,Region II (CAGAYAN VALLEY),Echague,0,0,2460,2460,0
2021,Region II (CAGAYAN VALLEY),Gamu,0,0,2751,2751,0
2021,Region II (CAGAYAN VALLEY),Maconacon,0,0,1046,1046,0
2021,Region II (CAGAYAN VALLEY),Palanan,0,0,391,391,0
2021,Region II (CAGAYAN VALLEY),Ramon,0,0,45,45,0
2021,Region II (CAGAYAN VALLEY),Reina Mercedes,0,0,1066,1066,0
2021,Region II (CAGAYAN VALLEY),Roxas,0,0,9923,9923,0
2021,Region II (CAGAYAN VALLEY),San Mateo,0,0,2199,2199,0
2021,Region II (CAGAYAN VALLEY),Tumauini,0,0,12079,12079,0
2021,Region II (CAGAYAN VALLEY),Nueva Vizcaya,70,0,45117,45187,0
2021,Region II (CAGAYAN VALLEY),Aritao,0,0,25,25,0
2021,Region II (CAGAYAN VALLEY),Bagabag,0,0,216,216,0
2021,Region II (CAGAYAN VALLEY),Bambang,0,0,3892,3892,0
2021,Region II (CAGAYAN VALLEY),Bayombong,0,0,5824,5824,0
2021,Region II (CAGAYAN VALLEY),Diadi,0,0,278,278,0
2021,Region II (CAGAYAN VALLEY),Solano,70,0,34882,34952,0
2021,Region II (CAGAYAN VALLEY),Quirino,0,0,884,884,0
2021,Region II (CAGAYAN VALLEY),Cabarroguis,0,0,884,884,0
2021,Region III (CENTRAL LUZON),Region III (CENTRAL LUZON),131815,23391,1905758,2060964,1
2021,Region III (CENTRAL LUZON),Aurora,0,0,42783,42783,0
2021,Region III (CENTRAL LUZON),Bataan,3820,0,97934,101754,0
2021,Region III (CENTRAL LUZON),Bulacan,0,0,133788,133788,0
2021,Region III (CENTRAL LUZON),Nueva Ecija,2504,0,95499,98003,0
2021,Region III (CENTRAL LUZON),Pampanga,119420,0,709834,829254,0
2021,Region III (CENTRAL LUZON),Clark,119402,0,520951,640353,0
2021,Region III (CENTRAL LUZON),San Fernando City,0,0,0,0,0
2021,Region III (CENTRAL LUZON),Others,18,0,188883,188901,0
2021,Region III (CENTRAL LUZON),Tarlac,159,10900,27083,38142,0
2021,Region III (CENTRAL LUZON),Zambales,3340,0,109029,112369,0
2021,Region III (CENTRAL LUZON),SBMA,2572,12491,689808,704871,0
2021,Region III (CENTRAL LUZON),Angeles City,0,0,0,0,0
2021,Region III (CENTRAL LUZON),Olongapo City,0,0,0,0,0
2021,Region IV-A CALABARZON,Region IV-A CALABARZON,16662,5795,1953419,1975876,1
2021,Region IV-A CALABARZON,Batangas,11620,0,904880,916500,0
2021,Region IV-A CALABARZON,Alitagtag,0,0,9608,9608,0
2021,Region IV-A CALABARZON,Balayan,0,0,2781,2781,0
2021,Region IV-A CALABARZON,Balete,0,0,10136,10136,0
2021,Region IV-A CALABARZON,Batangas City,153,0,57826,57979,0
2021,Region IV-A CALABARZON,Bauan,0,0,31875,31875,0
2021,Region IV-A CALABARZON,Calatagan,0,0,17286,17286,0
2021,Region IV-A CALABARZON,Cuenca,0,0,419,419,0
2021,Region IV-A CALABARZON,Ibaan,0,0,0,0,0
2021,Region IV-A CALABARZON,Laurel,57,0,8212,8269,0
2021,Region IV-A CALABARZON,Lemery,0,0,53835,53835,0
2021,Region IV-A CALABARZON,Lian,0,0,199624,199624,0
2021,Region IV-A CALABARZON,Lipa City,3286,0,68538,71824,0
2021,Region IV-A CALABARZON,Lobo,0,0,61027,61027,0
2021,Region IV-A CALABARZON,Mabini,0,0,16812,16812,0
2021,Region IV-A CALABARZON,Malvar,1986,0,14073,16059,0
2021,Region IV-A CALABARZON,Mataas na Kahoy,0,0,11136,11136,0
2021,Region IV-A CALABARZON,Nasugbu,307,0,65088,65395,0
2021,Region IV-A CALABARZON,Rosario,0,0,1279,1279,0
2021,Region IV-A CALABARZON,San Jose,0,0,18364,18364,0
2021,Region IV-A CALABARZON,San Juan,25,0,233073,233098,0
2021,Region IV-A CALABARZON,San Pascual,0,0,7027,7027,0
2021,Region IV-A CALABARZON,Santo Tomas,5590,0,13662,19252,0
2021,Region IV-A CALABARZON,Taal,0,0,0,0,0
2021,Region IV-A CALABARZON,Talisay,0,0,0,0,0
2021,Region IV-A CALABARZON,Tanauan,216,0,3199,3415,0
2021,Region IV-A CALABARZON,Tingloy,0,0,0,0,0
2021,Region IV-A CALABARZON,Cavite,4,0,137495,137499,0
2021,Region IV-A CALABARZON,Alfonso,0,0,3084,3084,0
2021,Region IV-A CALABARZON,Amadeo,0,0,1144,1144,0
2021,Region IV-A CALABARZON,Carmona,0,0,508,508,0
2021,Region IV-A CALABARZON,Cavite City,0,0,0,0,0
2021,Region IV-A CALABARZON,City of Bacoor,0,0,0,0,0
2021,Region IV-A CALABARZON,City of Dasmariñas,0,0,2595,2595,0
2021,Region IV-A CALABARZON,General Trias City,0,0,3080,3080,0
2021,Region IV-A CALABARZON,Indang,0,0,1699,1699,0
2021,Region IV-A CALABARZON,Kawit,0,0,316,316,0
2021,Region IV-A CALABARZON,Mendez,0,0,0,0,0
2021,Region IV-A CALABARZON,Naic,0,0,8575,8575,0
2021,Region IV-A CALABARZON,Silang,0,0,2077,2077,0
2021,Region IV-A CALABARZON,Tagaytay,0,0,108852,108852,0
2021,Region IV-A CALABARZON,Tanza,0,0,2744,2744,0
2021,Region IV-A CALABARZON,Trece Martires,4,0,2821,2825,0
2021,Region IV-A CALABARZON,Laguna,4780,5795,73418,83993,0
2021,Region IV-A CALABARZON,Calamba City,59,0,31646,31705,0
2021,Region IV-A CALABARZON,Calauan,0,0,0,0,0
2021,Region IV-A CALABARZON,Cavinti,271,0,18737,19008,0
2021,Region IV-A CALABARZON,Los Baños,0,0,0,0,0
2021,Region IV-A CALABARZON,Lumban,0,0,2792,2792,0
2021,Region IV-A CALABARZON,Majayjay,0,0,0,0,0
2021,Region IV-A CALABARZON,Nagcarlan,0,0,429,429,0
2021,Region IV-A CALABARZON,Pakil,0,0,0,0,0
2021,Region IV-A CALABARZON,Rizal,0,0,0,0,0
2021,Region IV-A CALABARZON,San Pablo,0,0,0,0,0
2021,Region IV-A CALABARZON,Santa Cruz,0,0,0,0,0
2021,Region IV-A CALABARZON,Sta. Rosa City,4450,5795,19814,30059,0
2021,Region IV-A CALABARZON,Victoria,0,0,0,0,0
2021,Region IV-A CALABARZON,Quezon,0,0,517753,517753,0
2021,Region IV-A CALABARZON,Agdangan,0,0,0,0,0
2021,Region IV-A CALABARZON,Alabat,0,0,0,0,0
2021,Region IV-A CALABARZON,Atimonan,0,0,8731,8731,0
2021,Region IV-A CALABARZON,Buenavista,0,0,253,253,0
2021,Region IV-A CALABARZON,Burdeos,0,0,0,0,0
2021,Region IV-A CALABARZON,Calauag,0,0,0,0,0
2021,Region IV-A CALABARZON,Catanauan,0,0,0,0,0
2021,Region IV-A CALABARZON,Candelaria,0,0,794,794,0
2021,Region IV-A CALABARZON,Dolores,0,0,2515,2515,0
2021,Region IV-A CALABARZON,Gen. Luna,0,0,0,0,0
2021,Region IV-A CALABARZON,Gen. Nakar,0,0,5617,5617,0
2021,Region IV-A CALABARZON,Guinayangan,0,0,0,0,0
2021,Region IV-A CALABARZON,Gumaca,0,0,0,0,0
2021,Region IV-A CALABARZON,Infanta,0,0,7706,7706,0
2021,Region IV-A CALABARZON,Jomalig,0,0,133,133,0
2021,Region IV-A CALABARZON,Lopez,0,0,8931,8931,0
2021,Region IV-A CALABARZON,Lucban,0,0,92268,92268,0
2021,Region IV-A CALABARZON,Lucena City,0,0,111573,111573,0
2021,Region IV-A CALABARZON,Macalelon,0,0,0,0,0
2021,Region IV-A CALABARZON,Malunay,0,0,0,0,0
2021,Region IV-A CALABARZON,Mauban,0,0,13615,13615,0
2021,Region IV-A CALABARZON,Padre Burgos,0,0,0,0,0
2021,Region IV-A CALABARZON,Pagbilao,0,0,0,0,0
2021,Region IV-A CALABARZON,Panukulan,0,0,0,0,0
2021,Region IV-A CALABARZON,Patnanungan,0,0,0,0,0
2021,Region IV-A CALABARZON,Perez,0,0,146,146,0
2021,Region IV-A CALABARZON,Plaridel,0,0,0,0,0
2021,Region IV-A CALABARZON,Polillo,0,0,0,0,0
2021,Region IV-A CALABARZON,Quezon,0,0,2072,2072,0
2021,Region IV-A CALABARZON,Real,0,0,52281,52281,0
2021,Region IV-A CALABARZON,Sampaloc,0,0,0,0,0
2021,Region IV-A CALABARZON,San Andres,0,0,0,0,0
2021,Region IV-A CALABARZON,San Antonio,0,0,0,0,0
2021,Region IV-A CALABARZON,San Francisco,0,0,0,0,0
2021,Region IV-A CALABARZON,Sariaya,0,0,28126,28126,0
2021,Region IV-A CALABARZON,Tagkawayan,0,0,3897,3897,0
2021,Region IV-A CALABARZON,Tayabas,0,0,151797,151797,0
2021,Region IV-A CALABARZON,Tiaong,0,0,5561,5561,0
2021,Region IV-A CALABARZON,Unisan,0,0,21737,21737,0
2021,Region IV-A CALABARZON,Rizal,258,0,319873,320131,0
2021,Region IV-A CALABARZON,Antipolo City,0,0,35594,35594,0
2021,Region IV-A CALABARZON,Angono,0,0,0,0,0
2021,Region IV-A CALABARZON,Baras,0,0,0,0,0
2021,Region IV-A CALABARZON,Binangonan,0,0,0,0,0
2021,Region IV-A CALABARZON,Cainta,0,0,310,310,0
2021,Region IV-A CALABARZON,Cardona,0,0,0,0,0
2021,Region IV-A CALABARZON,Jalajala,0,0,0,0,0
2021,Region IV-A CALABARZON,Morong,0,0,0,0,0
2021,Region IV-A CALABARZON,Pililia,0,0,0,0,0
2021,Region IV-A CALABARZON,Rodriguez,2,0,86459,86461,0
2021,Region IV-A CALABARZON,San Mateo,0,0,0,0,0
2021,Region IV-A CALABARZON,Tanay,0,0,178852,178852,0
2021,Region IV-A CALABARZON,Taytay,256,0,18658,18914,0
2021,Region IV-A CALABARZON,Teresa,0,0,0,0,0
2021,Region IV-B MIMAROPA,Region IV-B MIMAROPA,15240,0,174015,189255,1
2021,Region IV-B MIMAROPA,Marinduque,1,0,3122,3123,0
2021,Region IV-B MIMAROPA,Boac,0,0,1708,1708,0
2021,Region IV-B MIMAROPA,Buenavista,0,0,0,0,0
2021,Region IV-B MIMAROPA,Gasan,0,0,0,0,0
2021,Region IV-B MIMAROPA,Mogpog,0,0,0,0,0
2021,Region IV-B MIMAROPA,Sta. Cruz,0,0,0,0,0
2021,Region IV-B MIMAROPA,Torrijos,1,0,1414,1415,0
2021,Region IV-B MIMAROPA,Occidental Mindoro,308,0,53093,53401,0
2021,Region IV-B MIMAROPA,Abra de Ilog,0,0,0,0,0
2021,Region IV-B MIMAROPA,Calintaan,6,0,1781,1787,0
2021,Region IV-B MIMAROPA,Looc,0,0,0,0,0
2021,Region IV-B MIMAROPA,Lubang,50,0,5394,5444,0
2021,Region IV-B MIMAROPA,Magsaysay,18,0,1857,1875,0
2021,Region IV-B MIMAROPA,Mamburao,24,0,2308,2332,0
2021,Region IV-B MIMAROPA,Puluan,0,0,2405,2405,0
2021,Region IV-B MIMAROPA,Rizal,6,0,1041,1047,0
2021,Region IV-B MIMAROPA,Sablayan,44,0,13435,13479,0
2021,Region IV-B MIMAROPA,San Jose,160,0,24872,25032,0
2021,Region IV-B MIMAROPA,Santa Cruz,0,0,0,0,0
2021,Region IV-B MIMAROPA,Oriental Mindoro,3976,0,66400,70376,0
2021,Region IV-B MIMAROPA,Baco,0,0,0,0,0
2021,Region IV-B MIMAROPA,Bansud,0,0,0,0,0
2021,Region IV-B MIMAROPA,Bongabong,0,0,1412,1412,0
2021,Region IV-B MIMAROPA,Bulalacao,51,0,16231,16282,0
2021,Region IV-B MIMAROPA,Calapan City,181,0,9304,9485,0
2021,Region IV-B MIMAROPA,Gloria,2,0,331,333,0
2021,Region IV-B MIMAROPA,Mansalay,9,0,175,184,0
2021,Region IV-B MIMAROPA,Naujan,47,0,5474,5521,0
2021,Region IV-B MIMAROPA,Pinamalayan,259,0,9354,9613,0
2021,Region IV-B MIMAROPA,Pola,0,0,0,0,0
2021,Region IV-B MIMAROPA,Puerto Galera,3418,0,17655,21073,0
2021,Region IV-B MIMAROPA,Roxas,5,0,3808,3813,0
2021,Region IV-B MIMAROPA,San Teodoro,0,0,958,958,0
2021,Region IV-B MIMAROPA,Socorro,2,0,1324,1326,0
2021,Region IV-B MIMAROPA,Victoria,2,0,374,376,0
2021,Region IV-B MIMAROPA,Palawan,10940,0,49986,60926,0
2021,Region IV-B MIMAROPA,Aborlan,0,0,0,0,0
2021,Region IV-B MIMAROPA,Araceli,0,0,0,0,0
2021,Region IV-B MIMAROPA,Balabac,0,0,0,0,0
2021,Region IV-B MIMAROPA,Bataraza,0,0,0,0,0
2021,Region IV-B MIMAROPA,Busuanga,1262,0,620,1882,0
2021,Region IV-B MIMAROPA,Brooke's Point,27,0,10670,10697,0
2021,Region IV-B MIMAROPA,Cagayancillo,0,0,0,0,0
2021,Region IV-B MIMAROPA,Coron,539,0,4180,4719,0
2021,Region IV-B MIMAROPA,Cuyo,0,0,0,0,0
2021,Region IV-B MIMAROPA,Culion,303,0,3823,4126,0
2021,Region IV-B MIMAROPA,Dumaran,0,0,0,0,0
2021,Region IV-B MIMAROPA,El Nido,8405,0,19731,28136,0
2021,Region IV-B MIMAROPA,Espanola,0,0,0,0,0
2021,Region IV-B MIMAROPA,Linapacan,0,0,68,68,0
2021,Region IV-B MIMAROPA,Magsaysay,0,0,0,0,0
2021,Region IV-B MIMAROPA,Narra,13,0,2441,2454,0
2021,Region IV-B MIMAROPA,Quezon,0,0,0,0,0
2021,Region IV-B MIMAROPA,Rizal,0,0,0,0,0
2021,Region IV-B MIMAROPA,Roxas,0,0,0,0,0
2021,Region IV-B MIMAROPA,San Vicente,9,0,1277,1286,0
2021,Region IV-B MIMAROPA,Taytay,382,0,7176,7558,0
2021,Region IV-B MIMAROPA,Romblon,15,0,1326,1341,0
2021,Region IV-B MIMAROPA,Alcantara,0,0,0,0,0
2021,Region IV-B MIMAROPA,Calatrava,0,0,0,0,0
2021,Region IV-B MIMAROPA,Ferrol,0,0,0,0,0
2021,Region IV-B MIMAROPA,Magdiwang,0,0,0,0,0
2021,Region IV-B MIMAROPA,Odiongan,0,0,13,13,0
2021,Region IV-B MIMAROPA,Romblon,0,0,0,0,0
2021,Region IV-B MIMAROPA,San Agustin,0,0,0,0,0
2021,Region IV-B MIMAROPA,San Andres,0,0,0,0,0
2021,Region IV-B MIMAROPA,San Fernando,0,0,0,0,0
2021,Region IV-B MIMAROPA,San Jose,15,0,1313,1328,0
2021,Region IV-B MIMAROPA,Santa Maria,0,0,0,0,0
2021,Region IV-B MIMAROPA,Others,0,0,0,0,0
2021,Region IV-B MIMAROPA,Puerto Princesa City,0,0,88,88,0
2021,Region V (BICOL REGION),Region V (BICOL REGION),1409,1537,806521,809467,1
2021,Region V (BICOL REGION),Albay,1231,354,403832,405417,0
2021,Region V (BICOL REGION),Legazpi City,288,0,97292,97580,0
2021,Region V (BICOL REGION),Bacacay,37,0,13296,13333,0
2021,Region V (BICOL REGION),Camalig,0,0,734,734,0
2021,Region V (BICOL REGION),Daraga,1,0,11005,11006,0
2021,Region V (BICOL REGION),Guinobatan,5,0,8312,8317,0
2021,Region V (BICOL REGION),Jovellar,0,0,2640,2640,0
2021,Region V (BICOL REGION),Libon,0,0,7461,7461,0
2021,Region V (BICOL REGION),Ligao City,832,0,68509,69341,0
2021,Region V (BICOL REGION),Malilipot,0,0,8225,8225,0
2021,Region V (BICOL REGION),Malinao,0,0,290,290,0
2021,Region V (BICOL REGION),Manito,0,0,9257,9257,0
2021,Region V (BICOL REGION),Oas,46,0,53344,53390,0
2021,Region V (BICOL REGION),Pio Duran,5,0,50848,50853,0
2021,Region V (BICOL REGION),Polangui,0,354,4617,4971,0
2021,Region V (BICOL REGION),Rapu Rapu,0,0,635,635,0
2021,Region V (BICOL REGION),Sto. Domingo,12,0,23281,23293,0
2021,Region V (BICOL REGION),Tabaco City,0,0,39327,39327,0
2021,Region V (BICOL REGION),Tiwi,5,0,4759,4764,0
2021,Region V (BICOL REGION),Camarines Norte,144,1183,171786,173113,0
2021,Region V (BICOL REGION),Basud,0,0,2163,2163,0
2021,Region V (BICOL REGION),Capalonga,0,0,7772,7772,0
2021,Region V (BICOL REGION),Daet,0,235,66890,67125,0
2021,Region V (BICOL REGION),Jose Panganiban,0,0,21075,21075,0
2021,Region V (BICOL REGION),Labo,60,0,7242,7302,0
2021,Region V (BICOL REGION),Mercedes,0,0,16433,16433,0
2021,Region V (BICOL REGION),Paracale,0,0,13561,13561,0
2021,Region V (BICOL REGION),San Lorenzo Ruiz,0,0,473,473,0
2021,Region V (BICOL REGION),San Vicente,0,0,56,56,0
2021,Region V (BICOL REGION),Sta. Elena,0,0,2940,2940,0
2021,Region V (BICOL REGION),Talisay,0,0,2450,2450,0
2021,Region V (BICOL REGION),Vinzons,84,948,30731,31763,0
2021,Region V (BICOL REGION),Camarines Sur,9,0,23011,23020,0
2021,Region V (BICOL REGION),Iriga City,0,0,20316,20316,0
2021,Region V (BICOL REGION),Naga City,0,0,0,0,0
2021,Region V (BICOL REGION),Caramoan,9,0,2695,2704,0
2021,Region V (BICOL REGION),Others,0,0,0,0,0
2021,Region V (BICOL REGION),Catanduanes,0,0,60953,60953,0
2021,Region V (BICOL REGION),Bagamanoc,0,0,735,735,0
2021,Region V (BICOL REGION),Bato,0,0,0,0,0
2021,Region V (BICOL REGION),Baras,0,0,497,497,0
2021,Region V (BICOL REGION),Caramoran,0,0,0,0,0
2021,Region V (BICOL REGION),Gigmoto,0,0,126,126,0
2021,Region V (BICOL REGION),Pandan,0,0,1101,1101,0
2021,Region V (BICOL REGION),Panganiban,0,0,94,94,0
2021,Region V (BICOL REGION),San Andres,0,0,6758,6758,0
2021,Region V (BICOL REGION),San Miguel,0,0,0,0,0
2021,Region V (BICOL REGION),Viga,0,0,416,416,0
2021,Region V (BICOL REGION),Virac,0,0,51226,51226,0
2021,Region V (BICOL REGION),Masbate Province,0,0,75777,75777,0
2021,Region V (BICOL REGION),Aroroy,0,0,2426,2426,0
2021,Region V (BICOL REGION),Baleno,0,0,0,0,0
2021,Region V (BICOL REGION),Balud,0,0,32066,32066,0
2021,Region V (BICOL REGION),Batuan,0,0,533,533,0
2021,Region V (BICOL REGION),Cataingan,0,0,0,0,0
2021,Region V (BICOL REGION),Cawayan,0,0,0,0,0
2021,Region V (BICOL REGION),Claveria,0,0,1455,1455,0
2021,Region V (BICOL REGION),Dimasalang,0,0,0,0,0
2021,Region V (BICOL REGION),Esperanza,0,0,1173,1173,0
2021,Region V (BICOL REGION),Mandaon,0,0,0,0,0
2021,Region V (BICOL REGION),Milagros,0,0,994,994,0
2021,Region V (BICOL REGION),Mobo,0,0,683,683,0
2021,Region V (BICOL REGION),Monreal,0,0,103,103,0
2021,Region V (BICOL REGION),Palanas,0,0,300,300,0
2021,Region V (BICOL REGION),Pio V. Corpus,0,0,18150,18150,0
2021,Region V (BICOL REGION),Placer,0,0,5041,5041,0
2021,Region V (BICOL REGION),San Fernando,0,0,0,0,0
2021,Region V (BICOL REGION),San Jacinto,0,0,5235,5235,0
2021,Region V (BICOL REGION),San Pascual,0,0,7618,7618,0
2021,Region V (BICOL REGION),Masbate City,0,0,21677,21677,0
2021,Region V (BICOL REGION),Sorsogon Province,0,0,967,967,0
2021,Region V (BICOL REGION),Sorsogon City,25,0,48518,48543,0
2021,Region VI (WESTERN VISAYAS),Region VI (WESTERN VISAYAS),19458,18,1147977,1167453,1
2021,Region VI (WESTERN VISAYAS),Aklan,0,0,330622,330622,0
2021,Region VI (WESTERN VISAYAS),Altavas,0,0,0,0,0
2021,Region VI (WESTERN VISAYAS),Balete,0,0,0,0,0
2021,Region VI (WESTERN VISAYAS),Banga,0,0,0,0,0
2021,Region VI (WESTERN VISAYAS),Batan,0,0,0,0,0
2021,Region VI (WESTERN VISAYAS),Boracay,0,0,330622,330622,0
2021,Region VI (WESTERN VISAYAS),Buruanga,0,0,0,0,0
2021,Region VI (WESTERN VISAYAS),Kalibo,0,0,0,0,0
2021,Region VI (WESTERN VISAYAS),Ibajay,0,0,0,0,0
2021,Region VI (WESTERN VISAYAS),Lezo,0,0,0,0,0
2021,Region VI (WESTERN VISAYAS),Libacao,0,0,0,0,0
2021,Region VI (WESTERN VISAYAS),Madalag,0,0,0,0,0
2021,Region VI (WESTERN VISAYAS),Makato,0,0,0,0,0
2021,Region VI (WESTERN VISAYAS),Malinao,0,0,0,0,0
2021,Region VI (WESTERN VISAYAS),Nabas,0,0,0,0,0
2021,Region VI (WESTERN VISAYAS),New Washington,0,0,0,0,0
2021,Region VI (WESTERN VISAYAS),Numancia,0,0,0,0,0
2021,Region VI (WESTERN VISAYAS),Tangalan,0,0,0,0,0
2021,Region VI (WESTERN VISAYAS),Antique,1,0,22662,22663,0
2021,Region VI (WESTERN VISAYAS),Anini-y,1,0,457,458,0
2021,Region VI (WESTERN VISAYAS),Belison,0,0,187,187,0
2021,Region VI (WESTERN VISAYAS),Bugasong,0,0,0,0,0
2021,Region VI (WESTERN VISAYAS),Caluya,0,0,6611,6611,0
2021,Region VI (WESTERN VISAYAS),Culasi,0,0,996,996,0
2021,Region VI (WESTERN VISAYAS),Hamtic,0,0,1000,1000,0
2021,Region VI (WESTERN VISAYAS),Laua-an,0,0,0,0,0
2021,Region VI (WESTERN VISAYAS),Libertad,0,0,1055,1055,0
2021,Region VI (WESTERN VISAYAS),Pandan,0,0,4179,4179,0
2021,Region VI (WESTERN VISAYAS),Patnongon,0,0,0,0,0
2021,Region VI (WESTERN VISAYAS),San Remegio,0,0,427,427,0
2021,Region VI (WESTERN VISAYAS),Sebaste,0,0,0,0,0
2021,Region VI (WESTERN VISAYAS),San Jose,0,0,5336,5336,0
2021,Region VI (WESTERN VISAYAS),Sibalom,0,0,485,485,0
2021,Region VI (WESTERN VISAYAS),Tibiao,0,0,801,801,0
2021,Region VI (WESTERN VISAYAS),Tobias Fornier,0,0,508,508,0
2021,Region VI (WESTERN VISAYAS),Valderrama,0,0,620,620,0
2021,Region VI (WESTERN VISAYAS),Capiz,23,9,62945,62977,0
2021,Region VI (WESTERN VISAYAS),Cuartero,0,0,0,0,0
2021,Region VI (WESTERN VISAYAS),Dao,0,0,36,36,0
2021,Region VI (WESTERN VISAYAS),Dumalag,0,0,0,0,0
2021,Region VI (WESTERN VISAYAS),Dumarao,0,0,687,687,0
2021,Region VI (WESTERN VISAYAS),Ivisan,0,0,0,0,0
2021,Region VI (WESTERN VISAYAS),Jamindan,0,0,366,366,0
2021,Region VI (WESTERN VISAYAS),Maayon,0,0,0,0,0
2021,Region VI (WESTERN VISAYAS),Mambusao,0,0,1527,1527,0
2021,Region VI (WESTERN VISAYAS),Panay,0,0,2485,2485,0
2021,Region VI (WESTERN VISAYAS),Panitan,0,0,0,0,0
2021,Region VI (WESTERN VISAYAS),Pilar,0,0,360,360,0
2021,Region VI (WESTERN VISAYAS),Pontevedra,0,0,4862,4862,0
2021,Region VI (WESTERN VISAYAS),Pres. Roxas,0,0,0,0,0
2021,Region VI (WESTERN VISAYAS),Roxas City,23,9,49992,50024,0
2021,Region VI (WESTERN VISAYAS),Sapian,0,0,1828,1828,0
2021,Region VI (WESTERN VISAYAS),Sigma,0,0,802,802,0
2021,Region VI (WESTERN VISAYAS),Tapaz,0,0,0,0,0
2021,Region VI (WESTERN VISAYAS),Guimaras,3,0,23921,23924,0
2021,Region VI (WESTERN VISAYAS),Buenavista,0,0,1122,1122,0
2021,Region VI (WESTERN VISAYAS),Jordan,0,0,9862,9862,0
2021,Region VI (WESTERN VISAYAS),Nueva Valencia,0,0,10633,10633,0
2021,Region VI (WESTERN VISAYAS),San Lorenzo,3,0,1821,1824,0
2021,Region VI (WESTERN VISAYAS),Sibunag,0,0,483,483,0
2021,Region VI (WESTERN VISAYAS),Iloilo Province,39,9,56146,56194,0
2021,Region VI (WESTERN VISAYAS),Ajuy,0,0,0,0,0
2021,Region VI (WESTERN VISAYAS),Alimodian,0,0,1750,1750,0
2021,Region VI (WESTERN VISAYAS),Badiangan,0,0,230,230,0
2021,Region VI (WESTERN VISAYAS),Balasan,0,0,625,625,0
2021,Region VI (WESTERN VISAYAS),Banate,0,0,0,0,0
2021,Region VI (WESTERN VISAYAS),Barotac Nuevo,0,0,566,566,0
2021,Region VI (WESTERN VISAYAS),Barotac Viejo,0,0,0,0,0
2021,Region VI (WESTERN VISAYAS),Batad,0,0,0,0,0
2021,Region VI (WESTERN VISAYAS),Bingawan,0,0,0,0,0
2021,Region VI (WESTERN VISAYAS),Cabatuan,0,0,67,67,0
2021,Region VI (WESTERN VISAYAS),Calinog,0,0,0,0,0
2021,Region VI (WESTERN VISAYAS),Carles,0,0,2428,2428,0
2021,Region VI (WESTERN VISAYAS),Concepcion,0,0,14040,14040,0
2021,Region VI (WESTERN VISAYAS),Dingle,0,0,0,0,0
2021,Region VI (WESTERN VISAYAS),Duenas,0,0,801,801,0
2021,Region VI (WESTERN VISAYAS),Dumangas,0,0,0,0,0
2021,Region VI (WESTERN VISAYAS),Estancia,0,0,0,0,0
2021,Region VI (WESTERN VISAYAS),Guimbal,0,0,2286,2286,0
2021,Region VI (WESTERN VISAYAS),Igbaras,0,0,0,0,0
2021,Region VI (WESTERN VISAYAS),Janiuay,0,0,1500,1500,0
2021,Region VI (WESTERN VISAYAS),Lambunao,0,0,1736,1736,0
2021,Region VI (WESTERN VISAYAS),Leganes,30,6,4832,4868,0
2021,Region VI (WESTERN VISAYAS),Lemery,0,0,0,0,0
2021,Region VI (WESTERN VISAYAS),Leon,0,0,0,0,0
2021,Region VI (WESTERN VISAYAS),Maasin,0,0,0,0,0
2021,Region VI (WESTERN VISAYAS),Miagao,0,0,0,0,0
2021,Region VI (WESTERN VISAYAS),Mina,0,0,0,0,0
2021,Region VI (WESTERN VISAYAS),New Lucena,0,0,3374,3374,0
2021,Region VI (WESTERN VISAYAS),Oton,0,0,99,99,0
2021,Region VI (WESTERN VISAYAS),Passi,0,0,1352,1352,0
2021,Region VI (WESTERN VISAYAS),Pavia,2,3,366,371,0
2021,Region VI (WESTERN VISAYAS),Pototan,0,0,350,350,0
2021,Region VI (WESTERN VISAYAS),San Dionisio,0,0,0,0,0
2021,Region VI (WESTERN VISAYAS),San Enrique,0,0,0,0,0
2021,Region VI (WESTERN VISAYAS),San Joaquin,7,0,14121,14128,0
2021,Region VI (WESTERN VISAYAS),San Miguel,0,0,0,0,0
2021,Region VI (WESTERN VISAYAS),Sara,0,0,392,392,0
2021,Region VI (WESTERN VISAYAS),Sta. Barbara,0,0,0,0,0
2021,Region VI (WESTERN VISAYAS),Tigbauan,0,0,5094,5094,0
2021,Region VI (WESTERN VISAYAS),Tubungan,0,0,0,0,0
2021,Region VI (WESTERN VISAYAS),Zarraga,0,0,137,137,0
2021,Region VI (WESTERN VISAYAS),Negros Occidental,632,0,310945,311577,0
2021,Region VI (WESTERN VISAYAS),Bago,0,0,0,0,0
2021,Region VI (WESTERN VISAYAS),Binalbagan,0,0,0,0,0
2021,Region VI (WESTERN VISAYAS),Cadiz,117,0,17945,18062,0
2021,Region VI (WESTERN VISAYAS),Calatrava,0,0,3033,3033,0
2021,Region VI (WESTERN VISAYAS),Candoni,0,0,0,0,0
2021,Region VI (WESTERN VISAYAS),Cauayan,67,0,11754,11821,0
2021,Region VI (WESTERN VISAYAS),DS Benedicto,0,0,0,0,0
2021,Region VI (WESTERN VISAYAS),Escalante,0,0,0,0,0
2021,Region VI (WESTERN VISAYAS),Himamaylan,0,0,2172,2172,0
2021,Region VI (WESTERN VISAYAS),Hinigaran,2,0,8168,8170,0
2021,Region VI (WESTERN VISAYAS),Hinobaan,0,0,0,0,0
2021,Region VI (WESTERN VISAYAS),Kabankalan,8,0,42384,42392,0
2021,Region VI (WESTERN VISAYAS),La Carlota,24,0,5553,5577,0
2021,Region VI (WESTERN VISAYAS),La Castellana,0,0,0,0,0
2021,Region VI (WESTERN VISAYAS),Manapla,14,0,4027,4041,0
2021,Region VI (WESTERN VISAYAS),Moises Padilla,0,0,0,0,0
2021,Region VI (WESTERN VISAYAS),Murcia,0,0,0,0,0
2021,Region VI (WESTERN VISAYAS),Pulupandan,0,0,0,0,0
2021,Region VI (WESTERN VISAYAS),Sagay,0,0,12569,12569,0
2021,Region VI (WESTERN VISAYAS),San Carlos,155,0,51851,52006,0
2021,Region VI (WESTERN VISAYAS),San Enrique,0,0,3608,3608,0
2021,Region VI (WESTERN VISAYAS),Silay,4,0,15231,15235,0
2021,Region VI (WESTERN VISAYAS),Sipalay,211,0,102401,102612,0
2021,Region VI (WESTERN VISAYAS),Talisay,30,0,16211,16241,0
2021,Region VI (WESTERN VISAYAS),Victorias,0,0,14038,14038,0
2021,Region VI (WESTERN VISAYAS),Bacolod City,2787,0,144795,147582,0
2021,Region VI (WESTERN VISAYAS),Iloilo City,15973,0,195941,211914,0
2021,Region VII (CENTRAL VISAYAS),Region VII (CENTRAL VISAYAS),52388,772,1129791,1182951,1
2021,Region VII (CENTRAL VISAYAS),Bohol,1099,28,178654,179781,0
2021,Region VII (CENTRAL VISAYAS),Alicia,0,0,0,0,0
2021,Region VII (CENTRAL VISAYAS),Anda,0,0,5637,5637,0
2021,Region VII (CENTRAL VISAYAS),Antequera,0,0,0,0,0
2021,Region VII (CENTRAL VISAYAS),Baclayon,0,0,0,0,0
2021,Region VII (CENTRAL VISAYAS),Batuan,0,0,0,0,0
2021,Region VII (CENTRAL VISAYAS),Bien Unido,0,0,445,445,0
2021,Region VII (CENTRAL VISAYAS),Bilar,0,0,0,0,0
2021,Region VII (CENTRAL VISAYAS),Buenavista,0,0,0,0,0
2021,Region VII (CENTRAL VISAYAS),Calape,0,10,1248,1258,0
2021,Region VII (CENTRAL VISAYAS),Candijay,0,0,0,0,0
2021,Region VII (CENTRAL VISAYAS),Carmen,0,0,1944,1944,0
2021,Region VII (CENTRAL VISAYAS),Catigbian,0,0,0,0,0
2021,Region VII (CENTRAL VISAYAS),Danao,0,0,0,0,0
2021,Region VII (CENTRAL VISAYAS),Dauis,14,0,6226,6240,0
2021,Region VII (CENTRAL VISAYAS),Dimiao,0,0,0,0,0
2021,Region VII (CENTRAL VISAYAS),Garcia Hernandez,0,0,0,0,0
2021,Region VII (CENTRAL VISAYAS),Getafe,0,0,0,0,0
2021,Region VII (CENTRAL VISAYAS),Guindulman,0,0,0,0,0
2021,Region VII (CENTRAL VISAYAS),Inabanga,0,0,0,0,0
2021,Region VII (CENTRAL VISAYAS),Jagna,25,0,1811,1836,0
2021,Region VII (CENTRAL VISAYAS),Lila,0,0,0,0,0
2021,Region VII (CENTRAL VISAYAS),Loay,0,0,0,0,0
2021,Region VII (CENTRAL VISAYAS),Loon,0,0,0,0,0
2021,Region VII (CENTRAL VISAYAS),Loboc,0,0,0,0,0
2021,Region VII (CENTRAL VISAYAS),Maribojoc,0,0,1907,1907,0
2021,Region VII (CENTRAL VISAYAS),Panglao,813,0,90701,91514,0
2021,Region VII (CENTRAL VISAYAS),Sagbayan,0,0,0,0,0
2021,Region VII (CENTRAL VISAYAS),San Isidro,0,0,0,0,0
2021,Region VII (CENTRAL VISAYAS),Sikatuna,0,0,204,204,0
2021,Region VII (CENTRAL VISAYAS),Tagbilaran,247,18,50183,50448,0
2021,Region VII (CENTRAL VISAYAS),Talibon,0,0,3747,3747,0
2021,Region VII (CENTRAL VISAYAS),Tubigon,0,0,3739,3739,0
2021,Region VII (CENTRAL VISAYAS),Ubay,0,0,10862,10862,0
2021,Region VII (CENTRAL VISAYAS),Valencia,0,0,0,0,0
2021,Region VII (CENTRAL VISAYAS),Cebu,3757,0,383727,387484,0
2021,Region VII (CENTRAL VISAYAS),Alcoy,0,0,0,0,0
2021,Region VII (CENTRAL VISAYAS),Alcantara,0,0,0,0,0
2021,Region VII (CENTRAL VISAYAS),Alegria,0,0,0,0,0
2021,Region VII (CENTRAL VISAYAS),Aloguinsan,0,0,4050,4050,0
2021,Region VII (CENTRAL VISAYAS),Argao,0,0,12613,12613,0
2021,Region VII (CENTRAL VISAYAS),Asturias,0,0,8009,8009,0
2021,Region VII (CENTRAL VISAYAS),Badian,0,0,0,0,0
2021,Region VII (CENTRAL VISAYAS),Balamban,38,0,10239,10277,0
2021,Region VII (CENTRAL VISAYAS),Bantayan,0,0,7407,7407,0
2021,Region VII (CENTRAL VISAYAS),Barili,0,0,3137,3137,0
2021,Region VII (CENTRAL VISAYAS),Bogo City,0,0,9708,9708,0
2021,Region VII (CENTRAL VISAYAS),Borbon,0,0,0,0,0
2021,Region VII (CENTRAL VISAYAS),Boljoon,0,0,0,0,0
2021,Region VII (CENTRAL VISAYAS),Carcar,0,0,0,0,0
2021,Region VII (CENTRAL VISAYAS),Carmen,0,0,0,0,0
2021,Region VII (CENTRAL VISAYAS),Catmon,0,0,0,0,0
2021,Region VII (CENTRAL VISAYAS),City of Naga,0,0,0,0,0
2021,Region VII (CENTRAL VISAYAS),Cordova,59,0,44333,44392,0
2021,Region VII (CENTRAL VISAYAS),Daanbantayan,7,0,31573,31580,0
2021,Region VII (CENTRAL VISAYAS),Dalaguete,52,0,21167,21219,0
2021,Region VII (CENTRAL VISAYAS),Danao City,2602,0,34044,36646,0
2021,Region VII (CENTRAL VISAYAS),Ginatilan,0,0,0,0,0
2021,Region VII (CENTRAL VISAYAS),Madridejos,0,0,0,0,0
2021,Region VII (CENTRAL VISAYAS),Medellin,0,0,0,0,0
2021,Region VII (CENTRAL VISAYAS),Minglanilla,0,0,0,0,0
2021,Region VII (CENTRAL VISAYAS),Moalboal,135,0,40921,41056,0
2021,Region VII (CENTRAL VISAYAS),Oslob,401,0,35614,36015,0
2021,Region VII (CENTRAL VISAYAS),Pilar,0,0,0,0,0
2021,Region VII (CENTRAL VISAYAS),Pinamungahan,1,0,17033,17034,0
2021,Region VII (CENTRAL VISAYAS),Poro,1,0,920,921,0
2021,Region VII (CENTRAL VISAYAS),Ronda,0,0,622,622,0
2021,Region VII (CENTRAL VISAYAS),Samboan,0,0,0,0,0
2021,Region VII (CENTRAL VISAYAS),San Fernando,0,0,0,0,0
2021,Region VII (CENTRAL VISAYAS),San Francisco,0,0,5001,5001,0
2021,Region VII (CENTRAL VISAYAS),San Remegio,0,0,0,0,0
2021,Region VII (CENTRAL VISAYAS),Santander,0,0,0,0,0
2021,Region VII (CENTRAL VISAYAS),Santa Fe,236,0,70407,70643,0
2021,Region VII (CENTRAL VISAYAS),Sibonga,0,0,0,0,0
2021,Region VII (CENTRAL VISAYAS),Sogod,0,0,1958,1958,0
2021,Region VII (CENTRAL VISAYAS),Tabogon,0,0,3271,3271,0
2021,Region VII (CENTRAL VISAYAS),Talisay,0,0,0,0,0
2021,Region VII (CENTRAL VISAYAS),Toledo City,225,0,14421,14646,0
2021,Region VII (CENTRAL VISAYAS),Tuburan,0,0,7069,7069,0
2021,Region VII (CENTRAL VISAYAS),Tudela,0,0,210,210,0
2021,Region VII (CENTRAL VISAYAS),Negros Oriental,798,473,90309,91580,0
2021,Region VII (CENTRAL VISAYAS),Amlan,11,0,3518,3529,0
2021,Region VII (CENTRAL VISAYAS),Bacong,0,0,0,0,0
2021,Region VII (CENTRAL VISAYAS),Bais,0,0,846,846,0
2021,Region VII (CENTRAL VISAYAS),Basay,0,0,0,0,0
2021,Region VII (CENTRAL VISAYAS),Bayawan,16,0,7821,7837,0
2021,Region VII (CENTRAL VISAYAS),Canlaon,2,0,1548,1550,0
2021,Region VII (CENTRAL VISAYAS),Dauin,421,0,12730,13151,0
2021,Region VII (CENTRAL VISAYAS),Dumaguete,153,473,41225,41851,0
2021,Region VII (CENTRAL VISAYAS),Guijulngan,0,0,4247,4247,0
2021,Region VII (CENTRAL VISAYAS),La Libertad,0,0,0,0,0
2021,Region VII (CENTRAL VISAYAS),Jimalaud,0,0,0,0,0
2021,Region VII (CENTRAL VISAYAS),Mabinay,0,0,6463,6463,0
2021,Region VII (CENTRAL VISAYAS),Manjuyod,0,0,0,0,0
2021,Region VII (CENTRAL VISAYAS),San Jose,0,0,0,0,0
2021,Region VII (CENTRAL VISAYAS),Siaton,116,0,2171,2287,0
2021,Region VII (CENTRAL VISAYAS),Sibulan,0,0,343,343,0
2021,Region VII (CENTRAL VISAYAS),Tanjay,0,0,799,799,0
2021,Region VII (CENTRAL VISAYAS),Valencia,79,0,8598,8677,0
2021,Region VII (CENTRAL VISAYAS),Zamboanguita,0,0,0,0,0
2021,Region VII (CENTRAL VISAYAS),Siquijor,123,0,8894,9017,0
2021,Region VII (CENTRAL VISAYAS),E. Villanueva,0,0,68,68,0
2021,Region VII (CENTRAL VISAYAS),Larena,0,0,204,204,0
2021,Region VII (CENTRAL VISAYAS),Lazi,0,0,628,628,0
2021,Region VII (CENTRAL VISAYAS),Maria,0,0,352,352,0
2021,Region VII (CENTRAL VISAYAS),San Juan,118,0,5984,6102,0
2021,Region VII (CENTRAL VISAYAS),Siquijor,5,0,1658,1663,0
2021,Region VII (CENTRAL VISAYAS),Cebu City,10672,0,208497,219169,0
2021,Region VII (CENTRAL VISAYAS),Lapu-lapu City,5727,270,176880,182877,0
2021,Region VII (CENTRAL VISAYAS),Mandaue City,30212,1,82830,113043,0
2021,Region VIII (EASTERN VISAYAS),Region VIII (EASTERN VISAYAS),18836,2,185005,203843,1
2021,Region VIII (EASTERN VISAYAS),Biliran,0,0,0,0,0
2021,Region VIII (EASTERN VISAYAS),Almeria,0,0,0,0,0
2021,Region VIII (EASTERN VISAYAS),Caibiran,0,0,0,0,0
2021,Region VIII (EASTERN VISAYAS),Cabucgayan,0,0,0,0,0
2021,Region VIII (EASTERN VISAYAS),Culaba,0,0,0,0,0
2021,Region VIII (EASTERN VISAYAS),Kawayan,0,0,0,0,0
2021,Region VIII (EASTERN VISAYAS),Maripipi,0,0,0,0,0
2021,Region VIII (EASTERN VISAYAS),Naval,0,0,0,0,0
2021,Region VIII (EASTERN VISAYAS),Eastern Samar,0,0,0,0,0
2021,Region VIII (EASTERN VISAYAS),Borongan City,0,0,0,0,0
2021,Region VIII (EASTERN VISAYAS),Can-Avid,0,0,0,0,0
2021,Region VIII (EASTERN VISAYAS),Gen. McArthur,0,0,0,0,0
2021,Region VIII (EASTERN VISAYAS),Guiuan,0,0,0,0,0
2021,Region VIII (EASTERN VISAYAS),Llorente,0,0,0,0,0
2021,Region VIII (EASTERN VISAYAS),Quinapondan,0,0,0,0,0
2021,Region VIII (EASTERN VISAYAS),Taft,0,0,0,0,0
2021,Region VIII (EASTERN VISAYAS),Leyte,0,0,0,0,0
2021,Region VIII (EASTERN VISAYAS),Abuyog,0,0,0,0,0
2021,Region VIII (EASTERN VISAYAS),Alburera,0,0,0,0,0
2021,Region VIII (EASTERN VISAYAS),Bago,0,0,0,0,0
2021,Region VIII (EASTERN VISAYAS),Bato,0,0,0,0,0
2021,Region VIII (EASTERN VISAYAS),Baybay City,0,0,0,0,0
2021,Region VIII (EASTERN VISAYAS),Hilongos,0,0,0,0,0
2021,Region VIII (EASTERN VISAYAS),Inopacan,0,0,0,0,0
2021,Region VIII (EASTERN VISAYAS),Isabel,0,0,0,0,0
2021,Region VIII (EASTERN VISAYAS),Javier,0,0,0,0,0
2021,Region VIII (EASTERN VISAYAS),Kanangga,0,0,0,0,0
2021,Region VIII (EASTERN VISAYAS),Matalom,0,0,0,0,0
2021,Region VIII (EASTERN VISAYAS),McArthur,0,0,0,0,0
2021,Region VIII (EASTERN VISAYAS),Ormoc City,0,0,0,0,0
2021,Region VIII (EASTERN VISAYAS),Palo,0,0,0,0,0
2021,Region VIII (EASTERN VISAYAS),Palompon,0,0,0,0,0
2021,Region VIII (EASTERN VISAYAS),San Isidro,0,0,0,0,0
2021,Region VIII (EASTERN VISAYAS),Tolosa,0,0,0,0,0
2021,Region VIII (EASTERN VISAYAS),Northern Samar,0,0,0,0,0
2021,Region VIII (EASTERN VISAYAS),Allen,0,0,0,0,0
2021,Region VIII (EASTERN VISAYAS),Biri,0,0,0,0,0
2021,Region VIII (EASTERN VISAYAS),Bobon,0,0,0,0,0
2021,Region VIII (EASTERN VISAYAS),Capul,0,0,0,0,0
2021,Region VIII (EASTERN VISAYAS),Catarman,0,0,0,0,0
2021,Region VIII (EASTERN VISAYAS),Gamay,0,0,0,0,0
2021,Region VIII (EASTERN VISAYAS),Las Navas,0,0,0,0,0
2021,Region VIII (EASTERN VISAYAS),Laoang,0,0,0,0,0
2021,Region VIII (EASTERN VISAYAS),Lavezares,0,0,0,0,0
2021,Region VIII (EASTERN VISAYAS),Mondragon,0,0,0,0,0
2021,Region VIII (EASTERN VISAYAS),Navar,0,0,0,0,0
2021,Region VIII (EASTERN VISAYAS),Palapag,0,0,0,0,0
2021,Region VIII (EASTERN VISAYAS),San Antonio,0,0,0,0,0
2021,Region VIII (EASTERN VISAYAS),San Roque,0,0,0,0,0
2021,Region VIII (EASTERN VISAYAS),Victoria,0,0,0,0,0
2021,Region VIII (EASTERN VISAYAS),Samar,0,0,0,0,0
2021,Region VIII (EASTERN VISAYAS),Calbayog City,0,0,0,0,0
2021,Region VIII (EASTERN VISAYAS),Catbalogan,0,0,0,0,0
2021,Region VIII (EASTERN VISAYAS),Basey,0,0,0,0,0
2021,Region VIII (EASTERN VISAYAS),Marabut,0,0,0,0,0
2021,Region VIII (EASTERN VISAYAS),Paranas,0,0,0,0,0
2021,Region VIII (EASTERN VISAYAS),Southern Leyte,0,0,0,0,0
2021,Region VIII (EASTERN VISAYAS),Hinunangan,0,0,0,0,0
2021,Region VIII (EASTERN VISAYAS),Hinundayan,0,0,0,0,0
2021,Region VIII (EASTERN VISAYAS),Liloan,0,0,0,0,0
2021,Region VIII (EASTERN VISAYAS),Limasawa,0,0,0,0,0
2021,Region VIII (EASTERN VISAYAS),Maasin City,0,0,0,0,0
2021,Region VIII (EASTERN VISAYAS),Macrohon,0,0,0,0,0
2021,Region VIII (EASTERN VISAYAS),Padre Burgos,0,0,0,0,0
2021,Region VIII (EASTERN VISAYAS),Pintuyan,0,0,0,0,0
2021,Region VIII (EASTERN VISAYAS),San Juan,0,0,0,0,0
2021,Region VIII (EASTERN VISAYAS),Saint Bernard,0,0,0,0,0
2021,Region VIII (EASTERN VISAYAS),Silago,0,0,0,0,0
2021,Region VIII (EASTERN VISAYAS),Sogod,0,0,0,0,0
2021,Region VIII (EASTERN VISAYAS),Tomas Oppus,0,0,0,0,0
2021,Region VIII (EASTERN VISAYAS),Others (Southern Leyte),0,0,0,0,0
2021,Region VIII (EASTERN VISAYAS),Tacloban City,18836,2,185005,203843,0
2021,Region IX (ZAMBOANGA PENINSULA),Region IX (ZAMBOANGA PENINSULA),880,0,474833,475713,1
2021,Region IX (ZAMBOANGA PENINSULA),Zamboanga del Norte,729,0,228127,228856,0
2021,Region IX (ZAMBOANGA PENINSULA),Dapitan City,5,0,19241,19246,0
2021,Region IX (ZAMBOANGA PENINSULA),Dipolog City,92,0,92226,92318,0
2021,Region IX (ZAMBOANGA PENINSULA),Others,632,0,116660,117292,0
2021,Region IX (ZAMBOANGA PENINSULA),Zamboanga del Sur,7,0,0,7,0
2021,Region IX (ZAMBOANGA PENINSULA),Pagadian City,7,0,0,7,0
2021,Region IX (ZAMBOANGA PENINSULA),Others,0,0,0,0,0
2021,Region IX (ZAMBOANGA PENINSULA),Zamboanga Sibugay,22,0,60462,60484,0
2021,Region IX (ZAMBOANGA PENINSULA),Isabela City,0,0,15155,15155,0
2021,Region IX (ZAMBOANGA PENINSULA),Zamboanga City,122,0,171089,171211,0
2021,Region X (NORTHERN MINDANAO),Region X (NORTHERN MINDANAO),1066,0,320886,321952,1
2021,Region X (NORTHERN MINDANAO),Bukidnon,59,0,47622,47681,0
2021,Region X (NORTHERN MINDANAO),Malaybalay City,0,0,0,0,0
2021,Region X (NORTHERN MINDANAO),Valencia City,59,0,47622,47681,0
2021,Region X (NORTHERN MINDANAO),Others,0,0,0,0,0
2021,Region X (NORTHERN MINDANAO),Camiguin,0,0,0,0,0
2021,Region X (NORTHERN MINDANAO),Lanao del Norte,0,0,13680,13680,0
2021,Region X (NORTHERN MINDANAO),Misamis Occidental,1,0,4155,4156,0
2021,Region X (NORTHERN MINDANAO),Ozamis City,0,0,0,0,0
2021,Region X (NORTHERN MINDANAO),Tangub City,1,0,4155,4156,0
2021,Region X (NORTHERN MINDANAO),Oroquieta City,0,0,0,0,0
2021,Region X (NORTHERN MINDANAO),Misamis Oriental,120,0,18942,19062,0
2021,Region X (NORTHERN MINDANAO),Gingoog City,0,0,14609,14609,0
2021,Region X (NORTHERN MINDANAO),Others,120,0,4333,4453,0
2021,Region X (NORTHERN MINDANAO),Cagayan de Oro City,886,0,125293,126179,0
2021,Region X (NORTHERN MINDANAO),Iligan City,0,0,111194,111194,0
2021,Region XI (DAVAO REGION),Region XI (DAVAO REGION),8728,1091,1296961,1306780,1
2021,Region XI (DAVAO REGION),Davao De Oro (ComVal),0,0,223393,223393,0
2021,Region XI (DAVAO REGION),Davao Del Norte,159,0,354330,354489,0
2021,Region XI (DAVAO REGION),Davao del Sur,195,0,97731,97926,0
2021,Region XI (DAVAO REGION),Davao Occcidental,0,0,0,0,0
2021,Region XI (DAVAO REGION),Davao Oriental,205,0,326425,326630,0
2021,Region XI (DAVAO REGION),Davao City,8169,1091,295082,304342,0
2021,Region XII (SOCCSSARGEN),Region XII (SOCCSSARGEN),447,1,670899,671347,1
2021,Region XII (SOCCSSARGEN),North Cotabato,0,0,122311,122311,0
2021,Region XII (SOCCSSARGEN),Kidapawan City,0,0,68893,68893,0
2021,Region XII (SOCCSSARGEN),Others (Cotabato Province),0,0,53418,53418,0
2021,Region XII (SOCCSSARGEN),Sarangani,1,1,169770,169772,0
2021,Region XII (SOCCSSARGEN),South Cotabato,6,0,189402,189408,0
2021,Region XII (SOCCSSARGEN),Koronadal City,4,0,113736,113740,0
2021,Region XII (SOCCSSARGEN),Others,2,0,75666,75668,0
2021,Region XII (SOCCSSARGEN),Sultan Kudarat,0,0,16895,16895,0
2021,Region XII (SOCCSSARGEN),Tacurong City,0,0,11400,11400,0
2021,Region XII (SOCCSSARGEN),Others,0,0,5495,5495,0
2021,Region XII (SOCCSSARGEN),Cotabato City,0,0,0,0,0
2021,Region XII (SOCCSSARGEN),General Santos City,440,0,172521,172961,0
2021,Region XIII (CARAGA),Region XIII (CARAGA),1562,0,375879,377441,1
2021,Region XIII (CARAGA),Agusan del Norte,0,0,153477,153477,0
2021,Region XIII (CARAGA),Cabadbaran City,0,0,28970,28970,0
2021,Region XIII (CARAGA),Others,0,0,124507,124507,0
2021,Region XIII (CARAGA),Agusan del Sur,18,0,42281,42299,0
2021,Region XIII (CARAGA),Bayugan,0,0,5584,5584,0
2021,Region XIII (CARAGA),Others,18,0,36697,36715,0
2021,Region XIII (CARAGA),Dinagat Islands,0,0,1091,1091,0
2021,Region XIII (CARAGA),Surigao del Norte,1447,0,83415,84862,0
2021,Region XIII (CARAGA),Siargao Islands,0,0,0,0,0
2021,Region XIII (CARAGA),Surigao City,713,0,55862,56575,0
2021,Region XIII (CARAGA),Others,734,0,27553,28287,0
2021,Region XIII (CARAGA),Surigao del Sur,2,0,44639,44641,0
2021,Region XIII (CARAGA),Bislig City,0,0,843,843,0
2021,Region XIII (CARAGA),Tandag City,2,0,31074,31076,0
2021,Region XIII (CARAGA),Others,0,0,12722,12722,0
2021,Region XIII (CARAGA),Butuan City,95,0,50976,51071,0
2021,GRAND TOTAL,GRAND TOTAL,488588,168900,13329091,13986579,1
2022,NCR (National Capital Region),NCR (National Capital Region),1087326,73738,3546539,4707603,1
2022,NCR (National Capital Region),City of Caloocan,0,0,0,0,0
2022,NCR (National Capital Region),City of Las Piñas,680,0,11202,11882,0
2022,NCR (National Capital Region),City of Makati,208206,8878,347335,564419,0
2022,NCR (National Capital Region),City of Malabon,0,0,0,0,0
2022,NCR (National Capital Region),City of Mandaluyong,39369,0,92706,132075,0
2022,NCR (National Capital Region),City of Manila,92688,1213,548169,642070,0
2022,NCR (National Capital Region),City of Marikina,0,0,0,0,0
2022,NCR (National Capital Region),City of Muntinlupa,38845,75,184168,223088,0
2022,NCR (National Capital Region),City of Navotas,0,0,0,0,0
2022,NCR (National Capital Region),City of Parañaque,163133,60538,769840,993511,0
2022,NCR (National Capital Region),Pasay City,351326,0,897692,1249018,0
2022,NCR (National Capital Region),City of Pasig,48189,1925,213100,263214,0
2022,NCR (National Capital Region),Quezon City,68649,438,377529,446616,0
2022,NCR (National Capital Region),City of San Juan,4435,0,15500,19935,0
2022,NCR (National Capital Region),City of Taguig,71806,671,85018,157495,0
2022,NCR (National Capital Region),City of Valenzuela,0,0,4280,4280,0
2022,NCR (National Capital Region),Pateros,0,0,0,0,0
2022,CAR (Cordillera Administrative Region),CAR (Cordillera Administrative Region),9169,163,1275574,1284906,1
2022,CAR (Cordillera Administrative Region),Abra,0,0,1511,1511,0
2022,CAR (Cordillera Administrative Region),Apayao,34,0,1876,1910,0
2022,CAR (Cordillera Administrative Region),Benguet,74,0,14391,14465,0
2022,CAR (Cordillera Administrative Region),Ifugao,4350,34,14807,19191,0
2022,CAR (Cordillera Administrative Region),Kalinga,978,129,142319,143426,0
2022,CAR (Cordillera Administrative Region),Mountain Province,1422,0,60672,62094,0
2022,CAR (Cordillera Administrative Region),Baguio City,2311,0,1039998,1042309,0
2022,Region I (ILOCOS REGION),Region I (ILOCOS REGION),7059,315,1337011,1344385,1
2022,Region I (ILOCOS REGION),Ilocos Norte,0,0,155584,155584,0
2022,Region I (ILOCOS REGION),Bangui,0,0,0,0,0
2022,Region I (ILOCOS REGION),Batac,0,0,0,0,0
2022,Region I (ILOCOS REGION),Burgos,0,0,0,0,0
2022,Region I (ILOCOS REGION),Currimao,0,0,0,0,0
2022,Region I (ILOCOS REGION),Laoag City,0,0,0,0,0
2022,Region I (ILOCOS REGION),Pagudpud,0,0,0,0,0
2022,Region I (ILOCOS REGION),Paoay,0,0,0,0,0
2022,Region I (ILOCOS REGION),Pasuquin,0,0,0,0,0
2022,Region I (ILOCOS REGION),San Nicolas,0,0,0,0,0
2022,Region I (ILOCOS REGION),Sarat,0,0,0,0,0
2022,Region I (ILOCOS REGION),Others,0,0,155584,155584,0
2022,Region I (ILOCOS REGION),Ilocos Sur,1991,0,91713,93704,0
2022,Region I (ILOCOS REGION),Bantay,0,0,0,0,0
2022,Region I (ILOCOS REGION),Candon City,0,0,0,0,0
2022,Region I (ILOCOS REGION),Sinait,0,0,0,0,0
2022,Region I (ILOCOS REGION),Vigan City,0,0,0,0,0
2022,Region I (ILOCOS REGION),Others,1991,0,91713,93704,0
2022,Region I (ILOCOS REGION),La Union,3946,315,488378,492639,0
2022,Region I (ILOCOS REGION),Agoo,0,0,17610,17610,0
2022,Region I (ILOCOS REGION),Aringay,10,0,33722,33732,0
2022,Region I (ILOCOS REGION),Bacnotan,0,0,7901,7901,0
2022,Region I (ILOCOS REGION),Baloaon,0,0,6853,6853,0
2022,Region I (ILOCOS REGION),Bangar,10,0,14512,14522,0
2022,Region I (ILOCOS REGION),Bauang,246,0,79623,79869,0
2022,Region I (ILOCOS REGION),Caba,56,0,21155,21211,0
2022,Region I (ILOCOS REGION),Luna,11,0,2928,2939,0
2022,Region I (ILOCOS REGION),Naguilian,0,0,0,0,0
2022,Region I (ILOCOS REGION),Pugo,0,0,1447,1447,0
2022,Region I (ILOCOS REGION),Rosario,0,0,7792,7792,0
2022,Region I (ILOCOS REGION),San Fernando City,3411,289,148811,152511,0
2022,Region I (ILOCOS REGION),JANUARY,0,0,0,0,0
2022,Region I (ILOCOS REGION),San Juan,182,26,139432,139640,0
2022,Region I (ILOCOS REGION),Santol,0,0,0,1010,0
2022,Region I (ILOCOS REGION),Sto. Tomas,0,0,8,32832,0
2022,Region I (ILOCOS REGION),Sudipen,20,0,4324,4344,0
2022,Region I (ILOCOS REGION),Tubao,0,0,1426,1426,0
2022,Region I (ILOCOS REGION),Pangasinan,1122,0,601336,602458,0
2022,Region I (ILOCOS REGION),Agno,9,0,7920,7929,0
2022,Region I (ILOCOS REGION),Alaminos,27,0,6895,6922,0
2022,Region I (ILOCOS REGION),Alcala,0,0,4268,4268,0
2022,Region I (ILOCOS REGION),Anda,11,0,11788,11799,0
2022,Region I (ILOCOS REGION),Balungao,0,0,3962,3962,0
2022,Region I (ILOCOS REGION),Basista,7,0,1874,1881,0
2022,Region I (ILOCOS REGION),Bautista,0,0,0,1111,0
2022,Region I (ILOCOS REGION),Binmaley,0,0,3845,3845,0
2022,Region I (ILOCOS REGION),Bolinao,432,0,180973,181405,0
2022,Region I (ILOCOS REGION),Bugallion,342,0,120325,120667,0
2022,Region I (ILOCOS REGION),Burgos,10,0,28513,28523,0
2022,Region I (ILOCOS REGION),Calasiao,0,0,0,0,0
2022,Region I (ILOCOS REGION),Dagupan City,0,0,0,0,0
2022,Region I (ILOCOS REGION),Dasol,17,0,58672,58689,0
2022,Region I (ILOCOS REGION),Labrador,264,0,6143,6407,0
2022,Region I (ILOCOS REGION),Lingayen,0,0,22408,22408,0
2022,Region I (ILOCOS REGION),Malasiqui,0,0,20951,20951,0
2022,Region I (ILOCOS REGION),Mangatarem,0,0,2796,2796,0
2022,Region I (ILOCOS REGION),San Carlos City,0,0,0,0,0
2022,Region I (ILOCOS REGION),San Fabian,3,0,60782,60785,0
2022,Region I (ILOCOS REGION),Sta. Barbara,0,0,5056,5056,0
2022,Region I (ILOCOS REGION),Sta. Maria,0,0,2047,2047,0
2022,Region I (ILOCOS REGION),Tayug,0,0,4362,4362,0
2022,Region I (ILOCOS REGION),Urdaneta City,0,0,6179,6179,0
2022,Region I (ILOCOS REGION),Villasis,0,0,41566,41566,0
2022,Region II (CAGAYAN VALLEY),Region II (CAGAYAN VALLEY),7551,1,535806,543358,1
2022,Region II (CAGAYAN VALLEY),Batanes,285,0,2358,2643,0
2022,Region II (CAGAYAN VALLEY),Cagayan,1707,0,174527,176234,0
2022,Region II (CAGAYAN VALLEY),Tuguegarao City,0,0,11673,11673,0
2022,Region II (CAGAYAN VALLEY),Aparri,39,0,2326,2365,0
2022,Region II (CAGAYAN VALLEY),Baggao,0,0,2,58258,0
2022,Region II (CAGAYAN VALLEY),Buguey,0,0,1245,1245,0
2022,Region II (CAGAYAN VALLEY),Calayan,0,0,2,9209,0
2022,Region II (CAGAYAN VALLEY),Claveria,0,0,3,47347,0
2022,Region II (CAGAYAN VALLEY),Enrile,0,0,0,0,0
2022,Region II (CAGAYAN VALLEY),Gattaran,0,0,0,0,0
2022,Region II (CAGAYAN VALLEY),Gonzaga,0,0,18780,18780,0
2022,Region II (CAGAYAN VALLEY),Iguig,0,0,0,0,0
2022,Region II (CAGAYAN VALLEY),Lallo,0,0,0,0,0
2022,Region II (CAGAYAN VALLEY),Lasam,0,0,0,0,0
2022,Region II (CAGAYAN VALLEY),Pamplona,0,0,0,0,0
2022,Region II (CAGAYAN VALLEY),Penablanca,0,0,0,0,0
2022,Region II (CAGAYAN VALLEY),Piat,0,0,0,0,0
2022,Region II (CAGAYAN VALLEY),Rizal,0,0,0,0,0
2022,Region II (CAGAYAN VALLEY),Sanchez Mira,0,0,0,0,0
2022,Region II (CAGAYAN VALLEY),Sta. Ana,1668,0,138754,140422,0
2022,Region II (CAGAYAN VALLEY),Santa Praxedes,0,0,9,35935,0
2022,Region II (CAGAYAN VALLEY),Santa Teresita,0,0,0,0,0
2022,Region II (CAGAYAN VALLEY),Santo Nino,0,0,0,0,0
2022,Region II (CAGAYAN VALLEY),Solana,0,0,0,0,0
2022,Region II (CAGAYAN VALLEY),Tuao,0,0,0,0,0
2022,Region II (CAGAYAN VALLEY),Others,0,0,0,0,0
2022,Region II (CAGAYAN VALLEY),Isabela,5187,0,266371,271558,0
2022,Region II (CAGAYAN VALLEY),JANUARY,0,0,0,0,0
2022,Region II (CAGAYAN VALLEY),Cauayan City,4255,0,70257,74512,0
2022,Region II (CAGAYAN VALLEY),Ilagan City,0,0,17525,17525,0
2022,Region II (CAGAYAN VALLEY),Santiago City,932,0,67998,68930,0
2022,Region II (CAGAYAN VALLEY),Burgos,0,0,9,64964,0
2022,Region II (CAGAYAN VALLEY),Cabagan,0,0,0,0,0
2022,Region II (CAGAYAN VALLEY),Cabatuan,0,0,3981,3981,0
2022,Region II (CAGAYAN VALLEY),Cordon,0,0,1,77177,0
2022,Region II (CAGAYAN VALLEY),Dinapigue,0,0,1131,1131,0
2022,Region II (CAGAYAN VALLEY),Divilacan,0,0,3,94394,0
2022,Region II (CAGAYAN VALLEY),Echague,0,0,2999,2999,0
2022,Region II (CAGAYAN VALLEY),Gamu,0,0,13084,13084,0
2022,Region II (CAGAYAN VALLEY),Maconacon,0,0,4271,4271,0
2022,Region II (CAGAYAN VALLEY),Palanan,0,0,2,46246,0
2022,Region II (CAGAYAN VALLEY),Ramon,0,0,0,0,0
2022,Region II (CAGAYAN VALLEY),Reina Mercedes,0,0,1059,1059,0
2022,Region II (CAGAYAN VALLEY),Roxas,0,0,12899,12899,0
2022,Region II (CAGAYAN VALLEY),San Mateo,0,0,55100,55100,0
2022,Region II (CAGAYAN VALLEY),Tumauini,0,0,14286,14286,0
2022,Region II (CAGAYAN VALLEY),Nueva Vizcaya,372,1,90286,90659,0
2022,Region II (CAGAYAN VALLEY),Alfonso Castaneda,0,0,0,0,0
2022,Region II (CAGAYAN VALLEY),Ambaguio,0,0,0,0,0
2022,Region II (CAGAYAN VALLEY),Aritao,66,0,4401,4467,0
2022,Region II (CAGAYAN VALLEY),Bagabag,0,0,2,53253,0
2022,Region II (CAGAYAN VALLEY),Bambang,90,1,6444,6535,0
2022,Region II (CAGAYAN VALLEY),Bayombong,7,0,14631,14638,0
2022,Region II (CAGAYAN VALLEY),Diadi,0,0,7824,7824,0
2022,Region II (CAGAYAN VALLEY),Dupax del Sur,0,0,0,0,0
2022,Region II (CAGAYAN VALLEY),Dupax del Norte,0,0,0,0,0
2022,Region II (CAGAYAN VALLEY),Kasibu,0,0,0,0,0
2022,Region II (CAGAYAN VALLEY),Kayapa,0,0,0,0,0
2022,Region II (CAGAYAN VALLEY),Quezon,0,0,0,0,0
2022,Region II (CAGAYAN VALLEY),Santa Fe,0,0,1,85185,0
2022,Region II (CAGAYAN VALLEY),Solano,209,0,56548,56757,0
2022,Region II (CAGAYAN VALLEY),Villaverde,0,0,0,0,0
2022,Region II (CAGAYAN VALLEY),Quirino,0,0,2264,2264,0
2022,Region II (CAGAYAN VALLEY),Cabarroguis,0,0,1318,1318,0
2022,Region II (CAGAYAN VALLEY),Diffun,0,0,9,46946,0
2022,Region II (CAGAYAN VALLEY),Maddela,0,0,0,0,0
2022,Region II (CAGAYAN VALLEY),Nagtipunan,0,0,0,0,0
2022,Region II (CAGAYAN VALLEY),Saguday,0,0,0,0,0
2022,Region II (CAGAYAN VALLEY),Aglipay,0,0,0,0,0
2022,Region III (CENTRAL LUZON),Region III (CENTRAL LUZON),266606,7,3660246,3926859,1
2022,Region III (CENTRAL LUZON),Aurora,0,0,515739,515739,0
2022,Region III (CENTRAL LUZON),Bataan,4911,7,242872,247790,0
2022,Region III (CENTRAL LUZON),Bulacan,0,0,190364,190364,0
2022,Region III (CENTRAL LUZON),Nueva Ecija,4052,0,124000,128052,0
2022,Region III (CENTRAL LUZON),Pampanga,226788,0,897402,1124190,0
2022,Region III (CENTRAL LUZON),Clark,208554,0,717818,926372,0
2022,Region III (CENTRAL LUZON),San Fernando City,0,0,0,0,0
2022,Region III (CENTRAL LUZON),Others,18234,0,179584,197818,0
2022,Region III (CENTRAL LUZON),Tarlac,526,0,55869,56395,0
2022,Region III (CENTRAL LUZON),Zambales,22843,0,722779,745622,0
2022,Region III (CENTRAL LUZON),SBMA,7486,0,911221,918707,0
2022,Region III (CENTRAL LUZON),Angeles City,0,0,0,0,0
2022,Region III (CENTRAL LUZON),Olongapo City,0,0,0,0,0
2022,Region IV-A CALABARZON,Region IV-A CALABARZON,102148,1334,5982948,6086430,1
2022,Region IV-A CALABARZON,Batangas,22612,0,2279290,2301902,0
2022,Region IV-A CALABARZON,Agoncillo,0,0,2253,2253,0
2022,Region IV-A CALABARZON,JANUARY,0,0,0,0,0
2022,Region IV-A CALABARZON,Alitagtag,0,0,5055,5055,0
2022,Region IV-A CALABARZON,Balayan,0,0,14640,14640,0
2022,Region IV-A CALABARZON,Balete,355,0,6013,6368,0
2022,Region IV-A CALABARZON,Batangas City,2267,0,105700,107967,0
2022,Region IV-A CALABARZON,Bauan,0,0,85297,85297,0
2022,Region IV-A CALABARZON,Calatagan,0,0,45630,45630,0
2022,Region IV-A CALABARZON,Cuenca,0,0,8159,8159,0
2022,Region IV-A CALABARZON,Ibaan,25,0,3002,3027,0
2022,Region IV-A CALABARZON,Laurel,26,0,11963,11989,0
2022,Region IV-A CALABARZON,Lemery,0,0,100977,100977,0
2022,Region IV-A CALABARZON,Lian,0,0,589234,589234,0
2022,Region IV-A CALABARZON,Lipa City,3128,0,64235,67363,0
2022,Region IV-A CALABARZON,Lobo,0,0,132862,132862,0
2022,Region IV-A CALABARZON,Mabini,0,0,41299,41299,0
2022,Region IV-A CALABARZON,Malvar,6545,0,28502,35047,0
2022,Region IV-A CALABARZON,Mataas na Kahoy,0,0,18327,18327,0
2022,Region IV-A CALABARZON,Nasugbu,0,0,268022,268022,0
2022,Region IV-A CALABARZON,Padre Garcia,150,0,2,92442,0
2022,Region IV-A CALABARZON,Rosario,0,0,4861,4861,0
2022,Region IV-A CALABARZON,San Jose,0,0,1076,1076,0
2022,Region IV-A CALABARZON,San Juan,0,0,688569,688569,0
2022,Region IV-A CALABARZON,San Pascual,0,0,0,0,0
2022,Region IV-A CALABARZON,Santo Tomas,10114,0,15300,25414,0
2022,Region IV-A CALABARZON,Taal,0,0,0,0,0
2022,Region IV-A CALABARZON,Talisay,0,0,30760,30760,0
2022,Region IV-A CALABARZON,Tanauan,2,0,7262,7264,0
2022,Region IV-A CALABARZON,Tingloy,0,0,0,0,0
2022,Region IV-A CALABARZON,Cavite,3996,0,640909,644905,0
2022,Region IV-A CALABARZON,Alfonso,0,0,13633,13633,0
2022,Region IV-A CALABARZON,Amadeo,0,0,6249,6249,0
2022,Region IV-A CALABARZON,Carmona,273,0,4763,5036,0
2022,Region IV-A CALABARZON,Cavite City,0,0,0,0,0
2022,Region IV-A CALABARZON,City of Bacoor,0,0,0,0,0
2022,Region IV-A CALABARZON,City of Dasmariñas,0,0,0,8989,0
2022,Region IV-A CALABARZON,City of Imus,0,0,7,68768,0
2022,Region IV-A CALABARZON,General Trias City,226,0,56727,56953,0
2022,Region IV-A CALABARZON,General Emilio Aguinaldo (Bailen),0,0,2324,2324,0
2022,Region IV-A CALABARZON,Indang,0,0,3036,3036,0
2022,Region IV-A CALABARZON,Kawit,0,0,1893,1893,0
2022,Region IV-A CALABARZON,Mendez,0,0,0,0,0
2022,Region IV-A CALABARZON,Naic,0,0,24026,24026,0
2022,Region IV-A CALABARZON,Rosario,2365,0,4600,6965,0
2022,Region IV-A CALABARZON,Silang,1132,0,22562,23694,0
2022,Region IV-A CALABARZON,Tagaytay,0,0,436508,436508,0
2022,Region IV-A CALABARZON,Tanza,0,0,63731,63731,0
2022,Region IV-A CALABARZON,Trece Martires,0,0,0,0,0
2022,Region IV-A CALABARZON,Laguna,42203,1334,340748,384285,0
2022,Region IV-A CALABARZON,Calamba City,1127,0,132099,133226,0
2022,Region IV-A CALABARZON,Calauan,0,0,0,0,0
2022,Region IV-A CALABARZON,Cavinti,158,0,23310,23468,0
2022,Region IV-A CALABARZON,Los Baños,44,0,29106,29150,0
2022,Region IV-A CALABARZON,Lumban,684,0,43117,43801,0
2022,Region IV-A CALABARZON,Majayjay,0,0,6448,6448,0
2022,Region IV-A CALABARZON,Nagcarlan,0,0,0,0,0
2022,Region IV-A CALABARZON,Pakil,0,0,1,78178,0
2022,Region IV-A CALABARZON,Rizal,2,0,13762,13764,0
2022,Region IV-A CALABARZON,San Pablo,0,0,0,0,0
2022,Region IV-A CALABARZON,Santa Cruz,0,0,0,0,0
2022,Region IV-A CALABARZON,Sta. Rosa City,40188,1334,92728,134250,0
2022,Region IV-A CALABARZON,Victoria,0,0,0,0,0
2022,Region IV-A CALABARZON,Quezon,162,0,1186207,1186369,0
2022,Region IV-A CALABARZON,Agdangan,0,0,0,0,0
2022,Region IV-A CALABARZON,Alabat,1,0,9,71972,0
2022,Region IV-A CALABARZON,Atimonan,73,0,12555,12628,0
2022,Region IV-A CALABARZON,Buenavista,0,0,1176,1176,0
2022,Region IV-A CALABARZON,Burdeos,0,0,0,8080,0
2022,Region IV-A CALABARZON,Calauag,0,0,0,0,0
2022,Region IV-A CALABARZON,Catanauan,0,0,52798,52798,0
2022,Region IV-A CALABARZON,Candelaria,0,0,2831,2831,0
2022,Region IV-A CALABARZON,Dolores,0,0,13650,13650,0
2022,Region IV-A CALABARZON,Gen. Luna,0,0,0,0,0
2022,Region IV-A CALABARZON,Gen. Nakar,0,0,15692,15692,0
2022,Region IV-A CALABARZON,Guinayangan,0,0,0,0,0
2022,Region IV-A CALABARZON,Gumaca,0,0,8,56856,0
2022,Region IV-A CALABARZON,Infanta,0,0,28290,28290,0
2022,Region IV-A CALABARZON,Jomalig,18,0,4757,4775,0
2022,Region IV-A CALABARZON,Lopez,0,0,0,0,0
2022,Region IV-A CALABARZON,Lucban,0,0,297902,297902,0
2022,Region IV-A CALABARZON,Lucena City,25,0,175408,175433,0
2022,Region IV-A CALABARZON,Macalelon,0,0,4,91491,0
2022,Region IV-A CALABARZON,Malunay,0,0,1069,1069,0
2022,Region IV-A CALABARZON,Mauban,0,0,43987,43987,0
2022,Region IV-A CALABARZON,Padre Burgos,0,0,0,0,0
2022,Region IV-A CALABARZON,Pagbilao,0,0,0,0,0
2022,Region IV-A CALABARZON,Panukulan,0,0,0,0,0
2022,Region IV-A CALABARZON,Patnanungan,0,0,1180,1180,0
2022,Region IV-A CALABARZON,Perez,0,0,4,19419,0
2022,Region IV-A CALABARZON,Plaridel,0,0,1028,1028,0
2022,Region IV-A CALABARZON,Polillo,0,0,5046,5046,0
2022,Region IV-A CALABARZON,Quezon,0,0,1406,1406,0
2022,Region IV-A CALABARZON,Real,0,0,85404,85404,0
2022,Region IV-A CALABARZON,Sampaloc,0,0,0,0,0
2022,Region IV-A CALABARZON,San Andres,0,0,0,0,0
2022,Region IV-A CALABARZON,San Antonio,0,0,12305,12305,0
2022,Region IV-A CALABARZON,San Francisco,0,0,0,0,0
2022,Region IV-A CALABARZON,Sariaya,45,0,213834,213879,0
2022,Region IV-A CALABARZON,Tagkawayan,0,0,35650,35650,0
2022,Region IV-A CALABARZON,Tayabas,0,0,146005,146005,0
2022,Region IV-A CALABARZON,Tiaong,0,0,0,0,0
2022,Region IV-A CALABARZON,Unisan,0,0,31417,31417,0
2022,Region IV-A CALABARZON,Rizal,33175,0,1535794,1568969,0
2022,Region IV-A CALABARZON,Antipolo City,32888,0,428451,461339,0
2022,Region IV-A CALABARZON,Angono,0,0,0,0,0
2022,Region IV-A CALABARZON,Baras,0,0,0,0,0
2022,Region IV-A CALABARZON,Binangonan,0,0,47979,47979,0
2022,Region IV-A CALABARZON,Cainta,0,0,3,10310,0
2022,Region IV-A CALABARZON,Cardona,0,0,0,0,0
2022,Region IV-A CALABARZON,Jalajala,0,0,0,0,0
2022,Region IV-A CALABARZON,Morong,0,0,0,0,0
2022,Region IV-A CALABARZON,Pililia,0,0,0,0,0
2022,Region IV-A CALABARZON,Rodriguez,31,0,688557,688588,0
2022,Region IV-A CALABARZON,San Mateo,0,0,0,0,0
2022,Region IV-A CALABARZON,Tanay,0,0,354111,354111,0
2022,Region IV-A CALABARZON,Taytay,256,0,16386,16642,0
2022,Region IV-A CALABARZON,Teresa,0,0,0,0,0
2022,Region IV-B MIMAROPA,Region IV-B MIMAROPA,203118,0,957868,1160986,1
2022,Region IV-B MIMAROPA,Marinduque,667,0,25653,26320,0
2022,Region IV-B MIMAROPA,Boac,470,0,19095,19565,0
2022,Region IV-B MIMAROPA,JANUARY,0,0,0,0,0
2022,Region IV-B MIMAROPA,Buenavista,0,0,0,0,0
2022,Region IV-B MIMAROPA,Gasan,0,0,0,0,0
2022,Region IV-B MIMAROPA,Mogpog,9,0,0,4150,0
2022,Region IV-B MIMAROPA,Sta. Cruz,60,0,8,48908,0
2022,Region IV-B MIMAROPA,Torrijos,128,0,5669,5797,0
2022,Region IV-B MIMAROPA,Occidental Mindoro,1596,0,74145,75741,0
2022,Region IV-B MIMAROPA,Abra de Ilog,0,0,0,0,0
2022,Region IV-B MIMAROPA,Calintaan,0,0,0,0,0
2022,Region IV-B MIMAROPA,Looc,0,0,0,0,0
2022,Region IV-B MIMAROPA,Lubang,26,0,7213,7239,0
2022,Region IV-B MIMAROPA,Magsaysay,0,0,1,86186,0
2022,Region IV-B MIMAROPA,Mamburao,53,0,10619,10672,0
2022,Region IV-B MIMAROPA,Puluan,2,0,2313,2315,0
2022,Region IV-B MIMAROPA,Rizal,46,0,6569,6615,0
2022,Region IV-B MIMAROPA,Sablayan,694,0,17326,18020,0
2022,Region IV-B MIMAROPA,San Jose,775,0,29919,30694,0
2022,Region IV-B MIMAROPA,Santa Cruz,0,0,0,0,0
2022,Region IV-B MIMAROPA,Oriental Mindoro,11323,0,222525,233848,0
2022,Region IV-B MIMAROPA,Baco,0,0,1,70170,0
2022,Region IV-B MIMAROPA,Bansud,9,0,1199,1208,0
2022,Region IV-B MIMAROPA,Bongabong,0,0,1340,1340,0
2022,Region IV-B MIMAROPA,Bulalacao,47,0,30293,30340,0
2022,Region IV-B MIMAROPA,Calapan City,572,0,55123,55695,0
2022,Region IV-B MIMAROPA,Gloria,28,0,16772,16800,0
2022,Region IV-B MIMAROPA,Mansalay,95,0,12408,12503,0
2022,Region IV-B MIMAROPA,Naujan,54,0,5121,5175,0
2022,Region IV-B MIMAROPA,Pinamalayan,163,0,20034,20197,0
2022,Region IV-B MIMAROPA,Pola,0,0,0,0,0
2022,Region IV-B MIMAROPA,Puerto Galera,7417,0,48777,56194,0
2022,Region IV-B MIMAROPA,Roxas,26,0,10668,10694,0
2022,Region IV-B MIMAROPA,San Teodoro,0,0,9019,9019,0
2022,Region IV-B MIMAROPA,Socorro,2912,0,4254,7166,0
2022,Region IV-B MIMAROPA,Victoria,0,0,7347,7347,0
2022,Region IV-B MIMAROPA,Palawan,144617,0,364356,508973,0
2022,Region IV-B MIMAROPA,Aborlan,83,0,6,77760,0
2022,Region IV-B MIMAROPA,Araceli,18,0,7,69787,0
2022,Region IV-B MIMAROPA,Balabac,91,0,1615,1706,0
2022,Region IV-B MIMAROPA,Bataraza,74,0,11808,11882,0
2022,Region IV-B MIMAROPA,Busuanga,2515,0,5795,8310,0
2022,Region IV-B MIMAROPA,Brooke's Point,108,0,20866,20974,0
2022,Region IV-B MIMAROPA,Cagayancillo,0,0,0,0,0
2022,Region IV-B MIMAROPA,Coron,36189,0,69087,105276,0
2022,Region IV-B MIMAROPA,Cuyo,8,0,5,42550,0
2022,Region IV-B MIMAROPA,Culion,1780,0,8565,10345,0
2022,Region IV-B MIMAROPA,Dumaran,0,0,0,0,0
2022,Region IV-B MIMAROPA,El Nido,83146,0,201423,284569,0
2022,Region IV-B MIMAROPA,Espanola,0,0,0,0,0
2022,Region IV-B MIMAROPA,Linapacan,4596,0,1,324728,0
2022,Region IV-B MIMAROPA,Magsaysay,0,0,0,0,0
2022,Region IV-B MIMAROPA,Narra,4705,0,17558,22263,0
2022,Region IV-B MIMAROPA,Quezon,210,0,3426,3636,0
2022,Region IV-B MIMAROPA,Rizal,62,0,0,42104,0
2022,Region IV-B MIMAROPA,Roxas,160,0,3460,3620,0
2022,Region IV-B MIMAROPA,San Vicente,10316,0,10919,21235,0
2022,Region IV-B MIMAROPA,Sofronio Espanola,9,0,0,1928,0
2022,Region IV-B MIMAROPA,Taytay,547,0,7653,8200,0
2022,Region IV-B MIMAROPA,Romblon,426,0,10834,11260,0
2022,Region IV-B MIMAROPA,Alcantara,0,0,0,0,0
2022,Region IV-B MIMAROPA,Calatrava,0,0,0,0,0
2022,Region IV-B MIMAROPA,Ferrol,3,0,0,4043,0
2022,Region IV-B MIMAROPA,Magdiwang,0,0,0,0,0
2022,Region IV-B MIMAROPA,Odiongan,89,0,4206,4295,0
2022,Region IV-B MIMAROPA,Romblon,104,0,3291,3395,0
2022,Region IV-B MIMAROPA,San Agustin,0,0,0,0,0
2022,Region IV-B MIMAROPA,San Andres,0,0,0,0,0
2022,Region IV-B MIMAROPA,San Fernando,0,0,4,64464,0
2022,Region IV-B MIMAROPA,San Jose,230,0,2833,3063,0
2022,Region IV-B MIMAROPA,Santa Maria,0,0,0,0,0
2022,Region IV-B MIMAROPA,Others,0,0,0,0,0
2022,Region IV-B MIMAROPA,Puerto Princesa City,44489,0,260355,304844,0
2022,Region V (BICOL REGION),Region V (BICOL REGION),63269,1537,4755399,4820205,1
2022,Region V (BICOL REGION),Albay,3839,354,755039,759232,0
2022,Region V (BICOL REGION),Legazpi City,2478,0,264627,267105,0
2022,Region V (BICOL REGION),Bacacay,37,0,8026,8063,0
2022,Region V (BICOL REGION),Camalig,0,0,31572,31572,0
2022,Region V (BICOL REGION),Daraga,0,0,48117,48117,0
2022,Region V (BICOL REGION),Guinobatan,5,0,17478,17483,0
2022,Region V (BICOL REGION),Jovellar,94,0,16052,16146,0
2022,Region V (BICOL REGION),Libon,0,0,11401,11401,0
2022,Region V (BICOL REGION),Ligao City,833,0,153912,154745,0
2022,Region V (BICOL REGION),Malilipot,0,0,19891,19891,0
2022,Region V (BICOL REGION),Malinao,0,0,0,0,0
2022,Region V (BICOL REGION),Manito,0,0,37903,37903,0
2022,Region V (BICOL REGION),Oas,379,0,36962,37341,0
2022,Region V (BICOL REGION),Pio Duran,5,0,29254,29259,0
2022,Region V (BICOL REGION),Polangui,0,354,11127,11481,0
2022,Region V (BICOL REGION),Rapu Rapu,0,0,0,0,0
2022,Region V (BICOL REGION),Sto. Domingo,2,0,23264,23266,0
2022,Region V (BICOL REGION),Tabaco City,1,0,44483,44484,0
2022,Region V (BICOL REGION),Tiwi,5,0,9,70975,0
2022,Region V (BICOL REGION),Camarines Norte,119,1183,718554,719856,0
2022,Region V (BICOL REGION),Basud,0,0,5003,5003,0
2022,Region V (BICOL REGION),Capalonga,0,0,36359,36359,0
2022,Region V (BICOL REGION),Daet,0,235,286823,287058,0
2022,Region V (BICOL REGION),Jose Panganiban,0,0,72062,72062,0
2022,Region V (BICOL REGION),Labo,35,0,32891,32926,0
2022,Region V (BICOL REGION),Mercedes,0,0,83440,83440,0
2022,Region V (BICOL REGION),Paracale,0,0,39249,39249,0
2022,Region V (BICOL REGION),San Lorenzo Ruiz,0,0,2214,2214,0
2022,Region V (BICOL REGION),San Vicente,0,0,4,42442,0
2022,Region V (BICOL REGION),Sta. Elena,0,0,19945,19945,0
2022,Region V (BICOL REGION),Talisay,0,0,9848,9848,0
2022,Region V (BICOL REGION),Vinzons,84,948,130278,131310,0
2022,Region V (BICOL REGION),Camarines Sur,56521,0,2098824,2155345,0
2022,Region V (BICOL REGION),Iriga City,0,0,96351,96351,0
2022,Region V (BICOL REGION),Naga City,56129,0,1947575,2003704,0
2022,Region V (BICOL REGION),Caramoan,392,0,23635,24027,0
2022,Region V (BICOL REGION),Nabua,0,0,2941,2941,0
2022,Region V (BICOL REGION),Pamplona,0,0,7912,7912,0
2022,Region V (BICOL REGION),Pasacao,0,0,20256,20256,0
2022,Region V (BICOL REGION),Ragay,0,0,1,54154,0
2022,Region V (BICOL REGION),Others,0,0,0,0,0
2022,Region V (BICOL REGION),Catanduanes,0,0,138339,138339,0
2022,Region V (BICOL REGION),Bagamanoc,0,0,3795,3795,0
2022,Region V (BICOL REGION),Bato,0,0,6373,6373,0
2022,Region V (BICOL REGION),Baras,0,0,8341,8341,0
2022,Region V (BICOL REGION),Caramoran,0,0,2,37237,0
2022,Region V (BICOL REGION),JANUARY,0,0,0,0,0
2022,Region V (BICOL REGION),Gigmoto,0,0,1844,1844,0
2022,Region V (BICOL REGION),Pandan,0,0,15396,15396,0
2022,Region V (BICOL REGION),Panganiban,0,0,5854,5854,0
2022,Region V (BICOL REGION),San Andres,0,0,9233,9233,0
2022,Region V (BICOL REGION),San Miguel,0,0,3824,3824,0
2022,Region V (BICOL REGION),Viga,0,0,7162,7162,0
2022,Region V (BICOL REGION),Virac,0,0,76280,76280,0
2022,Region V (BICOL REGION),Masbate Province,4,0,213667,213671,0
2022,Region V (BICOL REGION),Aroroy,4,0,19768,19772,0
2022,Region V (BICOL REGION),Baleno,0,0,2906,2906,0
2022,Region V (BICOL REGION),Balud,0,0,27751,27751,0
2022,Region V (BICOL REGION),Batuan,0,0,3290,3290,0
2022,Region V (BICOL REGION),Cataingan,0,0,0,0,0
2022,Region V (BICOL REGION),Cawayan,0,0,0,0,0
2022,Region V (BICOL REGION),Claveria,0,0,0,0,0
2022,Region V (BICOL REGION),Dimasalang,0,0,0,0,0
2022,Region V (BICOL REGION),Esperanza,0,0,4784,4784,0
2022,Region V (BICOL REGION),Mandaon,0,0,6036,6036,0
2022,Region V (BICOL REGION),Milagros,0,0,2,81281,0
2022,Region V (BICOL REGION),Mobo,0,0,3,87387,0
2022,Region V (BICOL REGION),Monreal,0,0,5673,5673,0
2022,Region V (BICOL REGION),Palanas,0,0,0,0,0
2022,Region V (BICOL REGION),Pio V. Corpus,0,0,0,0,0
2022,Region V (BICOL REGION),Placer,0,0,28351,28351,0
2022,Region V (BICOL REGION),San Fernando,0,0,0,0,0
2022,Region V (BICOL REGION),San Jacinto,0,0,36168,36168,0
2022,Region V (BICOL REGION),San Pascual,0,0,74044,74044,0
2022,Region V (BICOL REGION),Uson,0,0,4228,4228,0
2022,Region V (BICOL REGION),Masbate City,681,0,97546,98227,0
2022,Region V (BICOL REGION),Sorsogon Province,1613,0,591128,592741,0
2022,Region V (BICOL REGION),Barcelona,0,0,9877,9877,0
2022,Region V (BICOL REGION),Bulan,0,0,0,0,0
2022,Region V (BICOL REGION),Bulusan,0,0,79733,79733,0
2022,Region V (BICOL REGION),Casiguran,0,0,21962,21962,0
2022,Region V (BICOL REGION),Castilla,0,0,8675,8675,0
2022,Region V (BICOL REGION),Donsol,1613,0,3597,5210,0
2022,Region V (BICOL REGION),Gubat,0,0,50346,50346,0
2022,Region V (BICOL REGION),Irosin,0,0,358365,358365,0
2022,Region V (BICOL REGION),Jubat,0,0,9808,9808,0
2022,Region V (BICOL REGION),Magallanes,0,0,29656,29656,0
2022,Region V (BICOL REGION),Matnog,0,0,1510,1510,0
2022,Region V (BICOL REGION),Pilar,0,0,0,0,0
2022,Region V (BICOL REGION),Prieto Diaz,0,0,6479,6479,0
2022,Region V (BICOL REGION),Sta. Magdalena,0,0,11120,11120,0
2022,Region V (BICOL REGION),Sorsogon City,492,0,142302,142794,0
2022,Region VI (WESTERN VISAYAS),Region VI (WESTERN VISAYAS),196863,40072,4045584,4282519,1
2022,Region VI (WESTERN VISAYAS),Aklan,132687,38826,1588079,1759592,0
2022,Region VI (WESTERN VISAYAS),Altavas,0,0,0,0,0
2022,Region VI (WESTERN VISAYAS),Balete,0,0,0,0,0
2022,Region VI (WESTERN VISAYAS),Banga,0,0,0,0,0
2022,Region VI (WESTERN VISAYAS),Batan,0,0,0,0,0
2022,Region VI (WESTERN VISAYAS),Boracay,132687,38826,1588079,1759592,0
2022,Region VI (WESTERN VISAYAS),Buruanga,0,0,0,0,0
2022,Region VI (WESTERN VISAYAS),Kalibo,0,0,0,0,0
2022,Region VI (WESTERN VISAYAS),Ibajay,0,0,0,0,0
2022,Region VI (WESTERN VISAYAS),Lezo,0,0,0,0,0
2022,Region VI (WESTERN VISAYAS),Libacao,0,0,0,0,0
2022,Region VI (WESTERN VISAYAS),Madalag,0,0,0,0,0
2022,Region VI (WESTERN VISAYAS),Makato,0,0,0,0,0
2022,Region VI (WESTERN VISAYAS),JANUARY,0,0,0,0,0
2022,Region VI (WESTERN VISAYAS),Malinao,0,0,0,0,0
2022,Region VI (WESTERN VISAYAS),Nabas,0,0,0,0,0
2022,Region VI (WESTERN VISAYAS),New Washington,0,0,0,0,0
2022,Region VI (WESTERN VISAYAS),Numancia,0,0,0,0,0
2022,Region VI (WESTERN VISAYAS),Tangalan,0,0,0,0,0
2022,Region VI (WESTERN VISAYAS),Antique,6369,0,70000,76369,0
2022,Region VI (WESTERN VISAYAS),Anini-y,1,0,1404,1405,0
2022,Region VI (WESTERN VISAYAS),Barbaza,0,0,2,53253,0
2022,Region VI (WESTERN VISAYAS),Belison,0,0,2,75275,0
2022,Region VI (WESTERN VISAYAS),Bugasong,0,0,0,0,0
2022,Region VI (WESTERN VISAYAS),Caluya,1,0,7086,7087,0
2022,Region VI (WESTERN VISAYAS),Culasi,0,0,3318,3318,0
2022,Region VI (WESTERN VISAYAS),Hamtic,0,0,2095,2095,0
2022,Region VI (WESTERN VISAYAS),Laua-an,0,0,3,55355,0
2022,Region VI (WESTERN VISAYAS),Libertad,0,0,7,45745,0
2022,Region VI (WESTERN VISAYAS),Pandan,6365,0,24177,30542,0
2022,Region VI (WESTERN VISAYAS),Patnongon,1,0,2204,2205,0
2022,Region VI (WESTERN VISAYAS),San Remegio,0,0,2107,2107,0
2022,Region VI (WESTERN VISAYAS),Sebaste,0,0,4,68468,0
2022,Region VI (WESTERN VISAYAS),San Jose,0,0,20172,20172,0
2022,Region VI (WESTERN VISAYAS),Sibalom,0,0,3,28328,0
2022,Region VI (WESTERN VISAYAS),Tibiao,0,0,4267,4267,0
2022,Region VI (WESTERN VISAYAS),Tobias Fornier,0,0,2,40240,0
2022,Region VI (WESTERN VISAYAS),Valderrama,1,0,5,6507,0
2022,Region VI (WESTERN VISAYAS),Capiz,1110,588,167968,169666,0
2022,Region VI (WESTERN VISAYAS),Cuartero,0,0,0,6666,0
2022,Region VI (WESTERN VISAYAS),Dao,0,0,2180,2180,0
2022,Region VI (WESTERN VISAYAS),Dumalag,0,0,5,43543,0
2022,Region VI (WESTERN VISAYAS),Dumarao,0,0,7364,7364,0
2022,Region VI (WESTERN VISAYAS),Ivisan,5,0,5,11516,0
2022,Region VI (WESTERN VISAYAS),Jamindan,1,0,9,4905,0
2022,Region VI (WESTERN VISAYAS),Maayon,0,0,0,0,0
2022,Region VI (WESTERN VISAYAS),Mambusao,0,0,1236,1236,0
2022,Region VI (WESTERN VISAYAS),Panay,0,0,5029,5029,0
2022,Region VI (WESTERN VISAYAS),Panitan,0,0,0,0,0
2022,Region VI (WESTERN VISAYAS),Pilar,0,0,2249,2249,0
2022,Region VI (WESTERN VISAYAS),Pontevedra,0,0,35290,35290,0
2022,Region VI (WESTERN VISAYAS),Pres. Roxas,0,0,0,0,0
2022,Region VI (WESTERN VISAYAS),Roxas City,1100,488,109190,110778,0
2022,Region VI (WESTERN VISAYAS),Sapian,4,100,1129,1233,0
2022,Region VI (WESTERN VISAYAS),Sigma,0,0,2277,2277,0
2022,Region VI (WESTERN VISAYAS),Tapaz,0,0,0,0,0
2022,Region VI (WESTERN VISAYAS),Guimaras,278,0,106563,106841,0
2022,Region VI (WESTERN VISAYAS),Buenavista,0,0,3524,3524,0
2022,Region VI (WESTERN VISAYAS),Jordan,9,0,15261,15270,0
2022,Region VI (WESTERN VISAYAS),Nueva Valencia,216,0,74603,74819,0
2022,Region VI (WESTERN VISAYAS),San Lorenzo,51,0,12768,12819,0
2022,Region VI (WESTERN VISAYAS),Sibunag,2,0,4,7409,0
2022,Region VI (WESTERN VISAYAS),Iloilo Province,2589,658,285799,289046,0
2022,Region VI (WESTERN VISAYAS),Ajuy,3,0,8054,8057,0
2022,Region VI (WESTERN VISAYAS),Alimodian,52,146,5075,5273,0
2022,Region VI (WESTERN VISAYAS),Badiangan,0,0,3441,3441,0
2022,Region VI (WESTERN VISAYAS),Balasan,3,0,3,95398,0
2022,Region VI (WESTERN VISAYAS),Banate,0,0,0,0,0
2022,Region VI (WESTERN VISAYAS),Barotac Nuevo,1,0,1724,1725,0
2022,Region VI (WESTERN VISAYAS),Barotac Viejo,0,0,1977,1977,0
2022,Region VI (WESTERN VISAYAS),Batad,0,0,0,0,0
2022,Region VI (WESTERN VISAYAS),Bingawan,0,0,0,0,0
2022,Region VI (WESTERN VISAYAS),Cabatuan,606,0,6012,6618,0
2022,Region VI (WESTERN VISAYAS),Calinog,0,0,3641,3641,0
2022,Region VI (WESTERN VISAYAS),Carles,852,299,102451,103602,0
2022,Region VI (WESTERN VISAYAS),Concepcion,14,0,14027,14041,0
2022,Region VI (WESTERN VISAYAS),Dingle,0,0,0,0,0
2022,Region VI (WESTERN VISAYAS),Duenas,11,0,1908,1919,0
2022,Region VI (WESTERN VISAYAS),Dumangas,0,0,6,39639,0
2022,Region VI (WESTERN VISAYAS),Estancia,13,0,23997,24010,0
2022,Region VI (WESTERN VISAYAS),Guimbal,0,0,13970,13970,0
2022,Region VI (WESTERN VISAYAS),Igbaras,1,0,9,73974,0
2022,Region VI (WESTERN VISAYAS),Janiuay,132,101,4847,5080,0
2022,Region VI (WESTERN VISAYAS),Lambunao,0,0,5401,5401,0
2022,Region VI (WESTERN VISAYAS),Leganes,55,0,8983,9038,0
2022,Region VI (WESTERN VISAYAS),Lemery,0,0,0,0,0
2022,Region VI (WESTERN VISAYAS),Leon,2,0,3690,3692,0
2022,Region VI (WESTERN VISAYAS),Maasin,0,0,0,0,0
2022,Region VI (WESTERN VISAYAS),Miagao,12,31,8,94937,0
2022,Region VI (WESTERN VISAYAS),Mina,0,0,0,0,0
2022,Region VI (WESTERN VISAYAS),New Lucena,0,0,6060,6060,0
2022,Region VI (WESTERN VISAYAS),Oton,291,0,1099,1390,0
2022,Region VI (WESTERN VISAYAS),Passi,1,42,19047,19090,0
2022,Region VI (WESTERN VISAYAS),Pavia,168,0,1129,1297,0
2022,Region VI (WESTERN VISAYAS),Pototan,3,0,1412,1415,0
2022,Region VI (WESTERN VISAYAS),San Dionisio,20,26,1862,1908,0
2022,Region VI (WESTERN VISAYAS),San Enrique,0,0,7,78778,0
2022,Region VI (WESTERN VISAYAS),San Joaquin,90,9,21126,21225,0
2022,Region VI (WESTERN VISAYAS),San Miguel,0,0,0,0,0
2022,Region VI (WESTERN VISAYAS),Sara,2,0,7,75777,0
2022,Region VI (WESTERN VISAYAS),Sta. Barbara,9,0,3914,3923,0
2022,Region VI (WESTERN VISAYAS),Tigbauan,248,4,15919,16171,0
2022,Region VI (WESTERN VISAYAS),Tubungan,0,0,3,97397,0
2022,Region VI (WESTERN VISAYAS),Zarraga,0,0,1,82182,0
2022,Region VI (WESTERN VISAYAS),Negros Occidental,4760,0,505262,510022,0
2022,Region VI (WESTERN VISAYAS),Bago,0,0,3620,3620,0
2022,Region VI (WESTERN VISAYAS),Binalbagan,20,0,1497,1517,0
2022,Region VI (WESTERN VISAYAS),Cadiz,1210,0,29478,30688,0
2022,Region VI (WESTERN VISAYAS),Calatrava,0,0,3522,3522,0
2022,Region VI (WESTERN VISAYAS),Candoni,0,0,0,0,0
2022,Region VI (WESTERN VISAYAS),Cauayan,0,0,13030,13030,0
2022,Region VI (WESTERN VISAYAS),DS Benedicto,0,0,0,0,0
2022,Region VI (WESTERN VISAYAS),Escalante,0,0,18972,18972,0
2022,Region VI (WESTERN VISAYAS),Himamaylan,0,0,6,93693,0
2022,Region VI (WESTERN VISAYAS),Hinigaran,0,0,8608,8608,0
2022,Region VI (WESTERN VISAYAS),Hinobaan,0,0,0,0,0
2022,Region VI (WESTERN VISAYAS),Kabankalan,467,0,65845,66312,0
2022,Region VI (WESTERN VISAYAS),La Carlota,0,0,12391,12391,0
2022,Region VI (WESTERN VISAYAS),La Castellana,0,0,5867,5867,0
2022,Region VI (WESTERN VISAYAS),Manapla,87,0,12821,12908,0
2022,Region VI (WESTERN VISAYAS),Moises Padilla,3,0,8496,8499,0
2022,Region VI (WESTERN VISAYAS),Murcia,1509,0,12889,14398,0
2022,Region VI (WESTERN VISAYAS),Pulupandan,0,0,0,0,0
2022,Region VI (WESTERN VISAYAS),Sagay,4,0,24889,24893,0
2022,Region VI (WESTERN VISAYAS),San Carlos,355,0,88166,88521,0
2022,Region VI (WESTERN VISAYAS),San Enrique,0,0,2342,2342,0
2022,Region VI (WESTERN VISAYAS),Silay,29,0,36612,36641,0
2022,Region VI (WESTERN VISAYAS),Sipalay,1021,0,116014,117035,0
2022,Region VI (WESTERN VISAYAS),Talisay,54,0,21754,21808,0
2022,Region VI (WESTERN VISAYAS),Victorias,1,0,17756,17757,0
2022,Region VI (WESTERN VISAYAS),Bacolod City,30987,0,587695,618682,0
2022,Region VI (WESTERN VISAYAS),Iloilo City,18083,0,734218,752301,0
2022,Region VII (CENTRAL VISAYAS),Region VII (CENTRAL VISAYAS),600501,3141,2990665,3594307,1
2022,Region VII (CENTRAL VISAYAS),Bohol,32310,125,503368,535803,0
2022,Region VII (CENTRAL VISAYAS),Alicia,0,0,0,0,0
2022,Region VII (CENTRAL VISAYAS),Anda,2960,0,15477,18437,0
2022,Region VII (CENTRAL VISAYAS),Antequera,0,0,0,0,0
2022,Region VII (CENTRAL VISAYAS),Baclayon,126,0,1395,1521,0
2022,Region VII (CENTRAL VISAYAS),Batuan,0,0,0,0,0
2022,Region VII (CENTRAL VISAYAS),Bien Unido,0,0,0,8989,0
2022,Region VII (CENTRAL VISAYAS),Bilar,0,0,0,0,0
2022,Region VII (CENTRAL VISAYAS),Buenavista,0,0,0,0,0
2022,Region VII (CENTRAL VISAYAS),Calape,241,3,2624,2868,0
2022,Region VII (CENTRAL VISAYAS),Candijay,4,0,2313,2317,0
2022,Region VII (CENTRAL VISAYAS),Carmen,207,0,3127,3334,0
2022,Region VII (CENTRAL VISAYAS),Catigbian,0,0,0,0,0
2022,Region VII (CENTRAL VISAYAS),Danao,0,0,0,0,0
2022,Region VII (CENTRAL VISAYAS),Dauis,2220,15,18273,20508,0
2022,Region VII (CENTRAL VISAYAS),Dimiao,0,0,0,0,0
2022,Region VII (CENTRAL VISAYAS),Garcia Hernandez,0,0,0,0,0
2022,Region VII (CENTRAL VISAYAS),Getafe,0,0,0,0,0
2022,Region VII (CENTRAL VISAYAS),Guindulman,0,0,0,0,0
2022,Region VII (CENTRAL VISAYAS),Inabanga,0,0,0,0,0
2022,Region VII (CENTRAL VISAYAS),Jagna,17,0,3859,3876,0
2022,Region VII (CENTRAL VISAYAS),Lila,0,0,0,0,0
2022,Region VII (CENTRAL VISAYAS),Loay,0,0,0,0,0
2022,Region VII (CENTRAL VISAYAS),Loon,69,0,1317,1386,0
2022,Region VII (CENTRAL VISAYAS),Loboc,0,0,0,0,0
2022,Region VII (CENTRAL VISAYAS),Mabini,12,0,2,1213,0
2022,Region VII (CENTRAL VISAYAS),Maribojoc,0,0,1925,1925,0
2022,Region VII (CENTRAL VISAYAS),Panglao,23003,0,293451,316454,0
2022,Region VII (CENTRAL VISAYAS),Sagbayan,0,0,0,0,0
2022,Region VII (CENTRAL VISAYAS),San Isidro,0,0,0,0,0
2022,Region VII (CENTRAL VISAYAS),Sikatuna,0,0,1027,1027,0
2022,Region VII (CENTRAL VISAYAS),Tagbilaran,3366,107,127240,130713,0
2022,Region VII (CENTRAL VISAYAS),Talibon,14,0,9497,9511,0
2022,Region VII (CENTRAL VISAYAS),Tubigon,71,0,4703,4774,0
2022,Region VII (CENTRAL VISAYAS),Ubay,0,0,16850,16850,0
2022,Region VII (CENTRAL VISAYAS),Valencia,0,0,0,0,0
2022,Region VII (CENTRAL VISAYAS),Cebu,51878,44,685241,737163,0
2022,Region VII (CENTRAL VISAYAS),Alcoy,0,0,12036,12036,0
2022,Region VII (CENTRAL VISAYAS),Alcantara,0,0,0,0,0
2022,Region VII (CENTRAL VISAYAS),Alegria,0,0,0,0,0
2022,Region VII (CENTRAL VISAYAS),Aloguinsan,0,0,6309,6309,0
2022,Region VII (CENTRAL VISAYAS),Argao,19,0,6012,6031,0
2022,Region VII (CENTRAL VISAYAS),Asturias,3,0,11020,11023,0
2022,Region VII (CENTRAL VISAYAS),Badian,452,0,23180,23632,0
2022,Region VII (CENTRAL VISAYAS),Balamban,213,0,18388,18601,0
2022,Region VII (CENTRAL VISAYAS),Bantayan,12,0,10962,10974,0
2022,Region VII (CENTRAL VISAYAS),Barili,46,0,13152,13198,0
2022,Region VII (CENTRAL VISAYAS),Bogo City,67,0,35848,35915,0
2022,Region VII (CENTRAL VISAYAS),Borbon,0,0,0,0,0
2022,Region VII (CENTRAL VISAYAS),Boljoon,62,0,4,87549,0
2022,Region VII (CENTRAL VISAYAS),Carcar,0,0,0,0,0
2022,Region VII (CENTRAL VISAYAS),Carmen,0,0,0,0,0
2022,Region VII (CENTRAL VISAYAS),Catmon,0,0,0,0,0
2022,Region VII (CENTRAL VISAYAS),City of Naga,143,0,9723,9866,0
2022,Region VII (CENTRAL VISAYAS),Cordova,4249,0,18690,22939,0
2022,Region VII (CENTRAL VISAYAS),Daanbantayan,13561,0,93696,107257,0
2022,Region VII (CENTRAL VISAYAS),Dalaguete,62,0,40591,40653,0
2022,Region VII (CENTRAL VISAYAS),Danao City,3084,0,26337,29421,0
2022,Region VII (CENTRAL VISAYAS),JANUARY,0,0,0,0,0
2022,Region VII (CENTRAL VISAYAS),Ginatilan,0,0,0,0,0
2022,Region VII (CENTRAL VISAYAS),Madridejos,15,0,1083,1098,0
2022,Region VII (CENTRAL VISAYAS),Medellin,742,0,12154,12896,0
2022,Region VII (CENTRAL VISAYAS),Minglanilla,0,0,0,0,0
2022,Region VII (CENTRAL VISAYAS),Moalboal,19859,44,80581,100484,0
2022,Region VII (CENTRAL VISAYAS),Oslob,2407,0,38241,40648,0
2022,Region VII (CENTRAL VISAYAS),Pilar,0,0,0,0,0
2022,Region VII (CENTRAL VISAYAS),Pinamungahan,8,0,20567,20575,0
2022,Region VII (CENTRAL VISAYAS),Poro,0,0,0,7575,0
2022,Region VII (CENTRAL VISAYAS),Ronda,1096,0,2755,3851,0
2022,Region VII (CENTRAL VISAYAS),Samboan,0,0,5465,5465,0
2022,Region VII (CENTRAL VISAYAS),San Fernando,0,0,6997,6997,0
2022,Region VII (CENTRAL VISAYAS),San Francisco,0,0,0,0,0
2022,Region VII (CENTRAL VISAYAS),San Remegio,40,0,3743,3783,0
2022,Region VII (CENTRAL VISAYAS),Santander,0,0,0,0,0
2022,Region VII (CENTRAL VISAYAS),Santa Fe,3388,0,131382,134770,0
2022,Region VII (CENTRAL VISAYAS),Sibonga,0,0,0,0,0
2022,Region VII (CENTRAL VISAYAS),Sogod,0,0,2798,2798,0
2022,Region VII (CENTRAL VISAYAS),Tabogon,197,0,3040,3237,0
2022,Region VII (CENTRAL VISAYAS),Talisay,72,0,1687,1759,0
2022,Region VII (CENTRAL VISAYAS),Toledo City,1988,0,33158,35146,0
2022,Region VII (CENTRAL VISAYAS),Tuburan,0,0,13374,13374,0
2022,Region VII (CENTRAL VISAYAS),Tudela,93,0,1710,1803,0
2022,Region VII (CENTRAL VISAYAS),Negros Oriental,9878,102,194184,204164,0
2022,Region VII (CENTRAL VISAYAS),Amlan,415,0,2892,3307,0
2022,Region VII (CENTRAL VISAYAS),Bacong,174,0,2470,2644,0
2022,Region VII (CENTRAL VISAYAS),Bais,0,0,1977,1977,0
2022,Region VII (CENTRAL VISAYAS),Basay,173,4,3235,3412,0
2022,Region VII (CENTRAL VISAYAS),Bayawan,52,0,10115,10167,0
2022,Region VII (CENTRAL VISAYAS),Canlaon,21,0,14029,14050,0
2022,Region VII (CENTRAL VISAYAS),Dauin,4897,0,39329,44226,0
2022,Region VII (CENTRAL VISAYAS),Dumaguete,1416,98,47205,48719,0
2022,Region VII (CENTRAL VISAYAS),Guijulngan,0,0,6226,6226,0
2022,Region VII (CENTRAL VISAYAS),La Libertad,44,0,5629,5673,0
2022,Region VII (CENTRAL VISAYAS),Jimalaud,0,0,0,0,0
2022,Region VII (CENTRAL VISAYAS),Mabinay,166,0,17242,17408,0
2022,Region VII (CENTRAL VISAYAS),Manjuyod,0,0,1298,1298,0
2022,Region VII (CENTRAL VISAYAS),San Jose,297,0,6,24921,0
2022,Region VII (CENTRAL VISAYAS),Santa Catalina,3,0,1166,1169,0
2022,Region VII (CENTRAL VISAYAS),Siaton,270,0,1831,2101,0
2022,Region VII (CENTRAL VISAYAS),Sibulan,66,0,6313,6379,0
2022,Region VII (CENTRAL VISAYAS),Tanjay,1,0,3272,3273,0
2022,Region VII (CENTRAL VISAYAS),Valencia,0,0,20066,20066,0
2022,Region VII (CENTRAL VISAYAS),Zamboanguita,1883,0,9265,11148,0
2022,Region VII (CENTRAL VISAYAS),Siquijor,16937,0,82449,99386,0
2022,Region VII (CENTRAL VISAYAS),E. Villanueva,8,0,2,17225,0
2022,Region VII (CENTRAL VISAYAS),Larena,115,0,6957,7072,0
2022,Region VII (CENTRAL VISAYAS),Lazi,515,0,2815,3330,0
2022,Region VII (CENTRAL VISAYAS),Maria,102,0,1514,1616,0
2022,Region VII (CENTRAL VISAYAS),San Juan,14680,0,53438,68118,0
2022,Region VII (CENTRAL VISAYAS),Siquijor,1517,0,17508,19025,0
2022,Region VII (CENTRAL VISAYAS),Cebu City,221061,922,841520,1063503,0
2022,Region VII (CENTRAL VISAYAS),Lapu-lapu City,209951,1945,372976,584872,0
2022,Region VII (CENTRAL VISAYAS),Mandaue City,58486,3,310927,369416,0
2022,Region VIII (EASTERN VISAYAS),Region VIII (EASTERN VISAYAS),27064,0,1048268,1075332,1
2022,Region VIII (EASTERN VISAYAS),Biliran,14,0,12207,12221,0
2022,Region VIII (EASTERN VISAYAS),Almeria,0,0,8665,8665,0
2022,Region VIII (EASTERN VISAYAS),Caibiran,0,0,0,0,0
2022,Region VIII (EASTERN VISAYAS),Cabucgayan,0,0,0,2626,0
2022,Region VIII (EASTERN VISAYAS),JANUARY,0,0,0,0,0
2022,Region VIII (EASTERN VISAYAS),Culaba,0,0,0,0,0
2022,Region VIII (EASTERN VISAYAS),Kawayan,0,0,0,0,0
2022,Region VIII (EASTERN VISAYAS),Maripipi,14,0,3516,3530,0
2022,Region VIII (EASTERN VISAYAS),Naval,0,0,0,0,0
2022,Region VIII (EASTERN VISAYAS),Eastern Samar,74,0,40211,40285,0
2022,Region VIII (EASTERN VISAYAS),Borongan City,14,0,19197,19211,0
2022,Region VIII (EASTERN VISAYAS),Can-Avid,0,0,0,0,0
2022,Region VIII (EASTERN VISAYAS),Gen. McArthur,0,0,0,0,0
2022,Region VIII (EASTERN VISAYAS),Guiuan,60,0,21014,21074,0
2022,Region VIII (EASTERN VISAYAS),Llorente,0,0,0,0,0
2022,Region VIII (EASTERN VISAYAS),Quinapondan,0,0,0,0,0
2022,Region VIII (EASTERN VISAYAS),Taft,0,0,0,0,0
2022,Region VIII (EASTERN VISAYAS),Leyte,885,0,122195,123080,0
2022,Region VIII (EASTERN VISAYAS),Abuyog,0,0,0,0,0
2022,Region VIII (EASTERN VISAYAS),Alburera,0,0,0,0,0
2022,Region VIII (EASTERN VISAYAS),Bago,0,0,0,0,0
2022,Region VIII (EASTERN VISAYAS),Bato,0,0,0,0,0
2022,Region VIII (EASTERN VISAYAS),Baybay City,0,0,13719,13719,0
2022,Region VIII (EASTERN VISAYAS),Hilongos,0,0,0,0,0
2022,Region VIII (EASTERN VISAYAS),Inopacan,0,0,0,0,0
2022,Region VIII (EASTERN VISAYAS),Isabel,0,0,0,0,0
2022,Region VIII (EASTERN VISAYAS),Javier,0,0,0,0,0
2022,Region VIII (EASTERN VISAYAS),Kanangga,0,0,0,0,0
2022,Region VIII (EASTERN VISAYAS),Matalom,0,0,0,0,0
2022,Region VIII (EASTERN VISAYAS),McArthur,0,0,0,0,0
2022,Region VIII (EASTERN VISAYAS),Ormoc City,304,0,80627,80931,0
2022,Region VIII (EASTERN VISAYAS),Palo,581,0,27849,28430,0
2022,Region VIII (EASTERN VISAYAS),Palompon,0,0,0,0,0
2022,Region VIII (EASTERN VISAYAS),San Isidro,0,0,0,0,0
2022,Region VIII (EASTERN VISAYAS),Tolosa,0,0,0,0,0
2022,Region VIII (EASTERN VISAYAS),Northern Samar,448,0,164764,165212,0
2022,Region VIII (EASTERN VISAYAS),Allen,0,0,22631,22631,0
2022,Region VIII (EASTERN VISAYAS),Biri,28,0,2548,2576,0
2022,Region VIII (EASTERN VISAYAS),Bobon,0,0,0,0,0
2022,Region VIII (EASTERN VISAYAS),Capul,0,0,0,0,0
2022,Region VIII (EASTERN VISAYAS),Catarman,409,0,51329,51738,0
2022,Region VIII (EASTERN VISAYAS),Gamay,0,0,9,80980,0
2022,Region VIII (EASTERN VISAYAS),Las Navas,0,0,0,0,0
2022,Region VIII (EASTERN VISAYAS),Laoang,0,0,2,18218,0
2022,Region VIII (EASTERN VISAYAS),Lavezares,11,0,34184,34195,0
2022,Region VIII (EASTERN VISAYAS),Mondragon,0,0,2471,2471,0
2022,Region VIII (EASTERN VISAYAS),Navar,0,0,0,0,0
2022,Region VIII (EASTERN VISAYAS),Palapag,0,0,6045,6045,0
2022,Region VIII (EASTERN VISAYAS),San Antonio,0,0,21653,21653,0
2022,Region VIII (EASTERN VISAYAS),San Isidro,0,0,4403,4403,0
2022,Region VIII (EASTERN VISAYAS),San Roque,0,0,13852,13852,0
2022,Region VIII (EASTERN VISAYAS),Victoria,0,0,4450,4450,0
2022,Region VIII (EASTERN VISAYAS),Samar,6080,0,268154,274234,0
2022,Region VIII (EASTERN VISAYAS),Calbayog City,990,0,111148,112138,0
2022,Region VIII (EASTERN VISAYAS),Catbalogan,168,0,101011,101179,0
2022,Region VIII (EASTERN VISAYAS),Calbiga,0,0,5,55555,0
2022,Region VIII (EASTERN VISAYAS),Basey,0,0,0,0,0
2022,Region VIII (EASTERN VISAYAS),Marabut,4867,0,54594,59461,0
2022,Region VIII (EASTERN VISAYAS),Paranas,0,0,0,0,0
2022,Region VIII (EASTERN VISAYAS),Zumarraga,55,0,8,46901,0
2022,Region VIII (EASTERN VISAYAS),Southern Leyte,844,0,91113,91957,0
2022,Region VIII (EASTERN VISAYAS),Bontoc,11,0,7,3714,0
2022,Region VIII (EASTERN VISAYAS),Hinunangan,0,0,10738,10738,0
2022,Region VIII (EASTERN VISAYAS),Hinundayan,0,0,0,0,0
2022,Region VIII (EASTERN VISAYAS),Libagon,172,0,8307,8479,0
2022,Region VIII (EASTERN VISAYAS),Liloan,0,0,4785,4785,0
2022,Region VIII (EASTERN VISAYAS),Limasawa,0,0,1874,1874,0
2022,Region VIII (EASTERN VISAYAS),Maasin City,290,0,32508,32798,0
2022,Region VIII (EASTERN VISAYAS),Macrohon,181,0,1526,1707,0
2022,Region VIII (EASTERN VISAYAS),Padre Burgos,126,0,1382,1508,0
2022,Region VIII (EASTERN VISAYAS),Pintuyan,0,0,0,0,0
2022,Region VIII (EASTERN VISAYAS),San Juan,0,0,3,36336,0
2022,Region VIII (EASTERN VISAYAS),Saint Bernard,0,0,2280,2280,0
2022,Region VIII (EASTERN VISAYAS),Silago,0,0,0,0,0
2022,Region VIII (EASTERN VISAYAS),Sogod,64,0,26674,26738,0
2022,Region VIII (EASTERN VISAYAS),Tomas Oppus,0,0,0,0,0
2022,Region VIII (EASTERN VISAYAS),Others (Southern Leyte),0,0,0,0,0
2022,Region VIII (EASTERN VISAYAS),Tacloban City,18719,0,349624,368343,0
2022,Region IX (ZAMBOANGA PENINSULA),Region IX (ZAMBOANGA PENINSULA),1840,0,1139990,1141830,1
2022,Region IX (ZAMBOANGA PENINSULA),Zamboanga del Norte,746,0,298627,299373,0
2022,Region IX (ZAMBOANGA PENINSULA),Dapitan City,22,0,19266,19288,0
2022,Region IX (ZAMBOANGA PENINSULA),Dipolog City,92,0,92130,92222,0
2022,Region IX (ZAMBOANGA PENINSULA),Others,632,0,187231,187863,0
2022,Region IX (ZAMBOANGA PENINSULA),Zamboanga del Sur,16,0,171093,171109,0
2022,Region IX (ZAMBOANGA PENINSULA),Pagadian City,7,0,150088,150095,0
2022,Region IX (ZAMBOANGA PENINSULA),Others,9,0,21005,21014,0
2022,Region IX (ZAMBOANGA PENINSULA),Zamboanga Sibugay,20,0,60462,60482,0
2022,Region IX (ZAMBOANGA PENINSULA),Isabela City,0,0,12440,12440,0
2022,Region IX (ZAMBOANGA PENINSULA),Zamboanga City,1058,0,597368,598426,0
2022,Region X (NORTHERN MINDANAO),Region X (NORTHERN MINDANAO),16211,8,1644708,1660927,1
2022,Region X (NORTHERN MINDANAO),Bukidnon,481,0,338679,339160,0
2022,Region X (NORTHERN MINDANAO),Malaybalay City,190,0,41977,42167,0
2022,Region X (NORTHERN MINDANAO),Valencia City,202,0,173823,174025,0
2022,Region X (NORTHERN MINDANAO),Others,89,0,122879,122968,0
2022,Region X (NORTHERN MINDANAO),Camiguin,5186,0,122673,127859,0
2022,Region X (NORTHERN MINDANAO),Lanao del Norte,86,0,44291,44377,0
2022,Region X (NORTHERN MINDANAO),Misamis Occidental,1576,0,334166,335742,0
2022,Region X (NORTHERN MINDANAO),Ozamis City,1559,0,298304,299863,0
2022,Region X (NORTHERN MINDANAO),Tangub City,0,0,15323,15323,0
2022,Region X (NORTHERN MINDANAO),Oroquieta City,17,0,20539,20556,0
2022,Region X (NORTHERN MINDANAO),Others,0,0,0,0,0
2022,Region X (NORTHERN MINDANAO),Misamis Oriental,921,0,74443,75364,0
2022,Region X (NORTHERN MINDANAO),Gingoog City,122,0,54423,54545,0
2022,Region X (NORTHERN MINDANAO),Others,799,0,20020,20819,0
2022,Region X (NORTHERN MINDANAO),Cagayan de Oro City,5548,8,289880,295436,0
2022,Region X (NORTHERN MINDANAO),Iligan City,2413,0,440576,442989,0
2022,Region XI (DAVAO REGION),Region XI (DAVAO REGION),42669,5899,2104806,2153374,1
2022,Region XI (DAVAO REGION),Davao De Oro (ComVal),775,0,291999,292774,0
2022,Region XI (DAVAO REGION),Davao Del Norte,652,0,479876,480528,0
2022,Region XI (DAVAO REGION),Davao del Sur,6,0,90072,90078,0
2022,Region XI (DAVAO REGION),Davao Occcidental,0,0,0,0,0
2022,Region XI (DAVAO REGION),Davao Oriental,306,0,392419,392725,0
2022,Region XI (DAVAO REGION),Davao City,40930,5899,850440,897269,0
2022,Region XII (SOCCSSARGEN),Region XII (SOCCSSARGEN),4373,3,1434921,1439297,1
2022,Region XII (SOCCSSARGEN),North Cotabato,34,0,213733,213767,0
2022,Region XII (SOCCSSARGEN),Kidapawan City,0,0,143818,143818,0
2022,Region XII (SOCCSSARGEN),Others (Cotabato Province),34,0,69915,69949,0
2022,Region XII (SOCCSSARGEN),Sarangani,65,0,512574,512639,0
2022,Region XII (SOCCSSARGEN),South Cotabato,113,0,209879,209992,0
2022,Region XII (SOCCSSARGEN),Koronadal City,0,0,87739,87739,0
2022,Region XII (SOCCSSARGEN),Others,113,0,122140,122253,0
2022,Region XII (SOCCSSARGEN),Sultan Kudarat,56,0,111718,111774,0
2022,Region XII (SOCCSSARGEN),Tacurong City,0,0,58737,58737,0
2022,Region XII (SOCCSSARGEN),JANUARY,0,0,0,0,0
2022,Region XII (SOCCSSARGEN),Others,56,0,52981,53037,0
2022,Region XII (SOCCSSARGEN),Cotabato City,0,0,0,0,0
2022,Region XII (SOCCSSARGEN),General Santos City,4105,3,387017,391125,0
2022,Region XIII (CARAGA),Region XIII (CARAGA),14207,0,711059,725266,1
2022,Region XIII (CARAGA),Agusan del Norte,1,0,64604,64605,0
2022,Region XIII (CARAGA),Cabadbaran City,1,0,33567,33568,0
2022,Region XIII (CARAGA),Others,0,0,31037,31037,0
2022,Region XIII (CARAGA),Agusan del Sur,206,0,64989,65195,0
2022,Region XIII (CARAGA),Bayugan,47,0,10848,10895,0
2022,Region XIII (CARAGA),Others,159,0,54141,54300,0
2022,Region XIII (CARAGA),Dinagat Islands,41,0,16777,16818,0
2022,Region XIII (CARAGA),Surigao del Norte,12111,0,315187,327298,0
2022,Region XIII (CARAGA),Siargao Islands,0,0,0,0,0
2022,Region XIII (CARAGA),Surigao City,2886,0,140884,143770,0
2022,Region XIII (CARAGA),Others,9225,0,174303,183528,0
2022,Region XIII (CARAGA),Surigao del Sur,63,0,145383,145446,0
2022,Region XIII (CARAGA),Bislig City,7,0,17867,17874,0
2022,Region XIII (CARAGA),Tandag City,56,0,56600,56656,0
2022,Region XIII (CARAGA),Others,0,0,70916,70916,0
2022,Region XIII (CARAGA),Butuan City,1785,0,104119,105904,0
2022,GRAND TOTAL,GRAND TOTAL,2649974,126218,37171392,39947584,1
2023,NCR (National Capital Region),NCR (National Capital Region),2355069,5827,4666549,7027445,1
2023,NCR (National Capital Region),City of Caloocan,0,0,0,0,0
2023,NCR (National Capital Region),City of Las Piñas,596,0,83682,84278,0
2023,NCR (National Capital Region),City of Makati,379835,3862,631713,1015410,0
2023,NCR (National Capital Region),City of Malabon,0,0,0,0,0
2023,NCR (National Capital Region),City of Mandaluyong,63464,0,116203,179667,0
2023,NCR (National Capital Region),City of Manila,269708,747,676488,946943,0
2023,NCR (National Capital Region),City of Marikina,0,0,0,0,0
2023,NCR (National Capital Region),City of Muntinlupa,124650,69,277372,402091,0
2023,NCR (National Capital Region),City of Navotas,0,0,10436,10436,0
2023,NCR (National Capital Region),City of Parañaque,399674,53,689334,1089061,0
2023,NCR (National Capital Region),Pasay City,353536,75,612180,965791,0
2023,NCR (National Capital Region),City of Pasig,146744,0,288579,435323,0
2023,NCR (National Capital Region),Quezon City,316541,438,1103425,1420404,0
2023,NCR (National Capital Region),City of San Juan,3752,0,26868,30620,0
2023,NCR (National Capital Region),City of Taguig,292756,0,109034,401790,0
2023,NCR (National Capital Region),City of Valenzuela,3813,583,41235,45631,0
2023,NCR (National Capital Region),Pateros,0,0,0,0,0
2023,CAR (Cordillera Administrative Region),CAR (Cordillera Administrative Region),29821,775,1654537,1685133,1
2023,CAR (Cordillera Administrative Region),Abra,0,0,0,0,0
2023,CAR (Cordillera Administrative Region),Apayao,0,0,4886,4886,0
2023,CAR (Cordillera Administrative Region),Benguet,498,56,66279,66833,0
2023,CAR (Cordillera Administrative Region),Ifugao,14557,357,27879,42793,0
2023,CAR (Cordillera Administrative Region),Kalinga,1483,362,116627,118472,0
2023,CAR (Cordillera Administrative Region),Mountain Province,4808,0,137411,142219,0
2023,CAR (Cordillera Administrative Region),Baguio City,8475,0,1301455,1309930,0
2023,Region I (ILOCOS REGION),Region I (ILOCOS REGION),43454,500,1785166,1829120,1
2023,Region I (ILOCOS REGION),Ilocos Norte,23926,0,491937,515863,0
2023,Region I (ILOCOS REGION),Badoc,0,0,1210,1210,0
2023,Region I (ILOCOS REGION),Bangui,0,0,0,0,0
2023,Region I (ILOCOS REGION),Batac,275,0,7307,7582,0
2023,Region I (ILOCOS REGION),Burgos,0,0,0,0,0
2023,Region I (ILOCOS REGION),Currimao,0,0,0,0,0
2023,Region I (ILOCOS REGION),Laoag City,10397,0,65092,75489,0
2023,Region I (ILOCOS REGION),Nueva Era,0,0,211,211,0
2023,Region I (ILOCOS REGION),Pagudpud,8797,0,106994,115791,0
2023,Region I (ILOCOS REGION),Paoay,0,0,0,0,0
2023,Region I (ILOCOS REGION),Pasuquin,3424,0,275410,278834,0
2023,Region I (ILOCOS REGION),San Nicolas,1033,0,35713,36746,0
2023,Region I (ILOCOS REGION),Sarat,0,0,0,0,0
2023,Region I (ILOCOS REGION),Others,0,0,0,0,0
2023,Region I (ILOCOS REGION),Ilocos Sur,8470,0,111441,119911,0
2023,Region I (ILOCOS REGION),Bantay,25,0,1711,1736,0
2023,Region I (ILOCOS REGION),Cabugao,48,0,612,660,0
2023,Region I (ILOCOS REGION),Candon City,0,0,12665,12665,0
2023,Region I (ILOCOS REGION),Cervantes,0,0,812,812,0
2023,Region I (ILOCOS REGION),Magsingal,0,0,1129,1129,0
2023,Region I (ILOCOS REGION),San Vicente,96,0,12171,12267,0
2023,Region I (ILOCOS REGION),Santa Catalina,244,0,4555,4799,0
2023,Region I (ILOCOS REGION),Santa Lucia,0,0,4948,4948,0
2023,Region I (ILOCOS REGION),Santa Maria,85,0,2763,2848,0
2023,Region I (ILOCOS REGION),Santiago,2035,0,19147,21182,0
2023,Region I (ILOCOS REGION),Sinait,0,0,0,0,0
2023,Region I (ILOCOS REGION),Vigan City,5937,0,50928,56865,0
2023,Region I (ILOCOS REGION),La Union,5924,500,543909,550333,0
2023,Region I (ILOCOS REGION),Agoo,0,0,27888,27888,0
2023,Region I (ILOCOS REGION),Aringay,15,17,11756,11788,0
2023,Region I (ILOCOS REGION),Bacnotan,0,0,12881,12881,0
2023,Region I (ILOCOS REGION),JANUARY,0,0,0,0,0
2023,Region I (ILOCOS REGION),DISTRIBUTION,0,0,0,0,0
2023,Region I (ILOCOS REGION),Baloaon,0,0,7685,7685,0
2023,Region I (ILOCOS REGION),Bangar,0,0,10982,10982,0
2023,Region I (ILOCOS REGION),Bauang,605,49,100108,100762,0
2023,Region I (ILOCOS REGION),Caba,52,14,17046,17112,0
2023,Region I (ILOCOS REGION),Luna,0,0,8431,8431,0
2023,Region I (ILOCOS REGION),Naguilian,0,0,7978,7978,0
2023,Region I (ILOCOS REGION),Pugo,0,0,4214,4214,0
2023,Region I (ILOCOS REGION),Rosario,0,0,19102,19102,0
2023,Region I (ILOCOS REGION),San Fernando City,1902,114,95710,97726,0
2023,Region I (ILOCOS REGION),San Juan,3350,306,211963,215619,0
2023,Region I (ILOCOS REGION),Santol,0,0,0,0,0
2023,Region I (ILOCOS REGION),Sto. Tomas,0,0,1176,1176,0
2023,Region I (ILOCOS REGION),Sudipen,0,0,3702,3702,0
2023,Region I (ILOCOS REGION),Tubao,0,0,3287,3287,0
2023,Region I (ILOCOS REGION),Pangasinan,5134,0,637879,643013,0
2023,Region I (ILOCOS REGION),Agno,0,0,0,0,0
2023,Region I (ILOCOS REGION),Alaminos,2135,0,79237,81372,0
2023,Region I (ILOCOS REGION),Alcala,1,0,974,975,0
2023,Region I (ILOCOS REGION),Anda,17,0,39530,39547,0
2023,Region I (ILOCOS REGION),Balungao,32,0,4365,4397,0
2023,Region I (ILOCOS REGION),Basista,0,0,0,0,0
2023,Region I (ILOCOS REGION),Bautista,0,0,0,0,0
2023,Region I (ILOCOS REGION),Binmaley,0,0,431,431,0
2023,Region I (ILOCOS REGION),Bolinao,1805,0,210709,212514,0
2023,Region I (ILOCOS REGION),Bugallion,0,0,0,0,0
2023,Region I (ILOCOS REGION),Burgos,62,0,25741,25803,0
2023,Region I (ILOCOS REGION),Calasiao,0,0,226,226,0
2023,Region I (ILOCOS REGION),Dagupan City,0,0,0,0,0
2023,Region I (ILOCOS REGION),Dasol,374,0,114575,114949,0
2023,Region I (ILOCOS REGION),Labrador,614,0,7889,8503,0
2023,Region I (ILOCOS REGION),Lingayen,87,0,25417,25504,0
2023,Region I (ILOCOS REGION),Malasiqui,0,0,0,0,0
2023,Region I (ILOCOS REGION),Mangatarem,0,0,2003,2003,0
2023,Region I (ILOCOS REGION),San Carlos City,0,0,0,0,0
2023,Region I (ILOCOS REGION),San Fabian,4,0,103518,103522,0
2023,Region I (ILOCOS REGION),San Manuel,0,0,9193,9193,0
2023,Region I (ILOCOS REGION),Sta. Barbara,0,0,0,0,0
2023,Region I (ILOCOS REGION),Sta. Maria,1,0,2450,2451,0
2023,Region I (ILOCOS REGION),Tayug,0,0,3358,3358,0
2023,Region I (ILOCOS REGION),Urdaneta City,2,0,7570,7572,0
2023,Region I (ILOCOS REGION),Villasis,0,0,693,693,0
2023,Region II (CAGAYAN VALLEY),Region II (CAGAYAN VALLEY),9297,41,953684,963022,1
2023,Region II (CAGAYAN VALLEY),Batanes,526,0,9608,10134,0
2023,Region II (CAGAYAN VALLEY),Basco,499,0,9167,9666,0
2023,Region II (CAGAYAN VALLEY),Itbayat,18,0,101,119,0
2023,Region II (CAGAYAN VALLEY),Ivana,0,0,6,6,0
2023,Region II (CAGAYAN VALLEY),Mahatao,5,0,6,11,0
2023,Region II (CAGAYAN VALLEY),Sabtang,4,0,328,332,0
2023,Region II (CAGAYAN VALLEY),Uyugan,0,0,0,0,0
2023,Region II (CAGAYAN VALLEY),Cagayan,923,28,271445,272396,0
2023,Region II (CAGAYAN VALLEY),Tuguegarao City,0,0,110742,110742,0
2023,Region II (CAGAYAN VALLEY),Abulug,0,0,1572,1572,0
2023,Region II (CAGAYAN VALLEY),Allacapan,0,0,1477,1477,0
2023,Region II (CAGAYAN VALLEY),Aparri,601,28,15480,16109,0
2023,Region II (CAGAYAN VALLEY),Baggao,0,0,3746,3746,0
2023,Region II (CAGAYAN VALLEY),Ballesteros,0,0,11043,11043,0
2023,Region II (CAGAYAN VALLEY),Buguey,0,0,24912,24912,0
2023,Region II (CAGAYAN VALLEY),Calayan,0,0,1567,1567,0
2023,Region II (CAGAYAN VALLEY),JANUARY,0,0,0,0,0
2023,Region II (CAGAYAN VALLEY),DISTRIBUTION,0,0,0,0,0
2023,Region II (CAGAYAN VALLEY),Camalaniugan,0,0,972,972,0
2023,Region II (CAGAYAN VALLEY),Claveria,0,0,14688,14688,0
2023,Region II (CAGAYAN VALLEY),Enrile,0,0,0,0,0
2023,Region II (CAGAYAN VALLEY),Gattaran,0,0,0,0,0
2023,Region II (CAGAYAN VALLEY),Gonzaga,0,0,23084,23084,0
2023,Region II (CAGAYAN VALLEY),Iguig,0,0,0,0,0
2023,Region II (CAGAYAN VALLEY),Lallo,46,0,26538,26584,0
2023,Region II (CAGAYAN VALLEY),Lasam,0,0,0,0,0
2023,Region II (CAGAYAN VALLEY),Pamplona,0,0,984,984,0
2023,Region II (CAGAYAN VALLEY),Penablanca,0,0,2350,2350,0
2023,Region II (CAGAYAN VALLEY),Piat,0,0,0,0,0
2023,Region II (CAGAYAN VALLEY),Rizal,0,0,232,232,0
2023,Region II (CAGAYAN VALLEY),Sanchez Mira,7,0,5719,5726,0
2023,Region II (CAGAYAN VALLEY),Sta. Ana,267,0,25238,25505,0
2023,Region II (CAGAYAN VALLEY),Santa Praxedes,2,0,1074,1076,0
2023,Region II (CAGAYAN VALLEY),Santa Teresita,0,0,27,27,0
2023,Region II (CAGAYAN VALLEY),Santo Nino,0,0,0,0,0
2023,Region II (CAGAYAN VALLEY),Solana,0,0,0,0,0
2023,Region II (CAGAYAN VALLEY),Tuao,0,0,0,0,0
2023,Region II (CAGAYAN VALLEY),Others,0,0,0,0,0
2023,Region II (CAGAYAN VALLEY),Isabela,6184,0,494609,500793,0
2023,Region II (CAGAYAN VALLEY),Cauayan City,2519,0,90783,93302,0
2023,Region II (CAGAYAN VALLEY),Ilagan City,354,0,38875,39229,0
2023,Region II (CAGAYAN VALLEY),Santiago City,3125,0,140346,143471,0
2023,Region II (CAGAYAN VALLEY),Alicia,107,0,2802,2909,0
2023,Region II (CAGAYAN VALLEY),Burgos,0,0,1075,1075,0
2023,Region II (CAGAYAN VALLEY),Cabagan,0,0,7394,7394,0
2023,Region II (CAGAYAN VALLEY),Cabatuan,0,0,8160,8160,0
2023,Region II (CAGAYAN VALLEY),Cordon,5,0,6485,6490,0
2023,Region II (CAGAYAN VALLEY),Dinapigue,0,0,2468,2468,0
2023,Region II (CAGAYAN VALLEY),Divilacan,1,0,732,733,0
2023,Region II (CAGAYAN VALLEY),Echague,2,0,2042,2044,0
2023,Region II (CAGAYAN VALLEY),Gamu,0,0,14033,14033,0
2023,Region II (CAGAYAN VALLEY),Jones,0,0,5,5,0
2023,Region II (CAGAYAN VALLEY),Maconacon,1,0,1319,1320,0
2023,Region II (CAGAYAN VALLEY),Palanan,5,0,245,250,0
2023,Region II (CAGAYAN VALLEY),Quirino,0,0,19,19,0
2023,Region II (CAGAYAN VALLEY),Ramon,0,0,0,0,0
2023,Region II (CAGAYAN VALLEY),Reina Mercedes,0,0,935,935,0
2023,Region II (CAGAYAN VALLEY),Roxas,11,0,6789,6800,0
2023,Region II (CAGAYAN VALLEY),San Manuel,0,0,72414,72414,0
2023,Region II (CAGAYAN VALLEY),San Mateo,40,0,68688,68728,0
2023,Region II (CAGAYAN VALLEY),Tumauini,14,0,29000,29014,0
2023,Region II (CAGAYAN VALLEY),Nueva Vizcaya,1656,13,172388,174057,0
2023,Region II (CAGAYAN VALLEY),Alfonso Castaneda,0,0,0,0,0
2023,Region II (CAGAYAN VALLEY),Ambaguio,0,0,0,0,0
2023,Region II (CAGAYAN VALLEY),Aritao,138,0,8863,9001,0
2023,Region II (CAGAYAN VALLEY),Bagabag,52,0,817,869,0
2023,Region II (CAGAYAN VALLEY),Bambang,327,13,8663,9003,0
2023,Region II (CAGAYAN VALLEY),Bayombong,224,0,53646,53870,0
2023,Region II (CAGAYAN VALLEY),Diadi,50,0,8188,8238,0
2023,Region II (CAGAYAN VALLEY),Dupax del Sur,0,0,0,0,0
2023,Region II (CAGAYAN VALLEY),Dupax del Norte,0,0,0,0,0
2023,Region II (CAGAYAN VALLEY),Kasibu,0,0,0,0,0
2023,Region II (CAGAYAN VALLEY),Kayapa,0,0,381,381,0
2023,Region II (CAGAYAN VALLEY),Quezon,0,0,0,0,0
2023,Region II (CAGAYAN VALLEY),Santa Fe,11,0,5613,5624,0
2023,Region II (CAGAYAN VALLEY),Solano,854,0,86217,87071,0
2023,Region II (CAGAYAN VALLEY),Villaverde,0,0,0,0,0
2023,Region II (CAGAYAN VALLEY),Quirino,8,0,5634,5642,0
2023,Region II (CAGAYAN VALLEY),Aglipay,0,0,0,0,0
2023,Region II (CAGAYAN VALLEY),Cabarroguis,8,0,2474,2482,0
2023,Region II (CAGAYAN VALLEY),Diffun,0,0,2890,2890,0
2023,Region II (CAGAYAN VALLEY),Maddela,0,0,270,270,0
2023,Region II (CAGAYAN VALLEY),Nagtipunan,0,0,0,0,0
2023,Region II (CAGAYAN VALLEY),Saguday,0,0,0,0,0
2023,Region III (CENTRAL LUZON),Region III (CENTRAL LUZON),642901,2002,4699577,5344480,1
2023,Region III (CENTRAL LUZON),Aurora,0,0,736339,736339,0
2023,Region III (CENTRAL LUZON),Bataan,4075,51,215894,220020,0
2023,Region III (CENTRAL LUZON),Bulacan,5813,933,246313,253059,0
2023,Region III (CENTRAL LUZON),Nueva Ecija,16517,204,250604,267325,0
2023,Region III (CENTRAL LUZON),Pampanga,38140,31,348697,386868,0
2023,Region III (CENTRAL LUZON),San Fernando City,0,0,0,0,0
2023,Region III (CENTRAL LUZON),Others,38140,31,348697,386868,0
2023,Region III (CENTRAL LUZON),Tarlac,3343,284,84738,88365,0
2023,Region III (CENTRAL LUZON),Zambales,8681,420,942718,951819,0
2023,Region III (CENTRAL LUZON),Subic Bay Freeport Zone,9414,0,952261,961675,0
2023,Region III (CENTRAL LUZON),Clark Freeport Zone,488355,0,780664,1269019,0
2023,Region III (CENTRAL LUZON),Angeles City,65021,79,92566,157666,0
2023,Region III (CENTRAL LUZON),Olongapo City,3542,0,48783,52325,0
2023,Region IV-A CALABARZON,Region IV-A CALABARZON,113190,3975,9288101,9405266,1
2023,Region IV-A CALABARZON,Batangas,39644,0,3296088,3335732,0
2023,Region IV-A CALABARZON,Agoncillo,0,0,11103,11103,0
2023,Region IV-A CALABARZON,Alitagtag,0,0,10172,10172,0
2023,Region IV-A CALABARZON,Balayan,0,0,17069,17069,0
2023,Region IV-A CALABARZON,Balete,0,0,3418,3418,0
2023,Region IV-A CALABARZON,Batangas City,13894,0,204282,218176,0
2023,Region IV-A CALABARZON,Bauan,0,0,43674,43674,0
2023,Region IV-A CALABARZON,Calatagan,0,0,333510,333510,0
2023,Region IV-A CALABARZON,Cuenca,0,0,4846,4846,0
2023,Region IV-A CALABARZON,Ibaan,6,0,3594,3600,0
2023,Region IV-A CALABARZON,Laurel,2600,0,75636,78236,0
2023,Region IV-A CALABARZON,Lemery,0,0,3530,3530,0
2023,Region IV-A CALABARZON,Lian,0,0,531218,531218,0
2023,Region IV-A CALABARZON,Lipa City,983,0,70134,71117,0
2023,Region IV-A CALABARZON,Lobo,2838,0,181465,184303,0
2023,Region IV-A CALABARZON,Mabini,0,0,124482,124482,0
2023,Region IV-A CALABARZON,Malvar,12212,0,26876,39088,0
2023,Region IV-A CALABARZON,Mataas na Kahoy,0,0,14882,14882,0
2023,Region IV-A CALABARZON,Nasugbu,0,0,675556,675556,0
2023,Region IV-A CALABARZON,Padre Garcia,0,0,0,0,0
2023,Region IV-A CALABARZON,Rosario,9,0,1066,1075,0
2023,Region IV-A CALABARZON,San Jose,0,0,11392,11392,0
2023,Region IV-A CALABARZON,San Juan,0,0,848659,848659,0
2023,Region IV-A CALABARZON,San Pascual,0,0,780,780,0
2023,Region IV-A CALABARZON,Santa Teresita,0,0,1497,1497,0
2023,Region IV-A CALABARZON,Santo Tomas,7102,0,22677,29779,0
2023,Region IV-A CALABARZON,Taal,0,0,868,868,0
2023,Region IV-A CALABARZON,Talisay,0,0,24254,24254,0
2023,Region IV-A CALABARZON,Tanauan,0,0,10622,10622,0
2023,Region IV-A CALABARZON,Tingloy,0,0,38826,38826,0
2023,Region IV-A CALABARZON,Cavite,18972,0,1322323,1341295,0
2023,Region IV-A CALABARZON,Alfonso,319,0,25825,26144,0
2023,Region IV-A CALABARZON,Amadeo,5,0,10535,10540,0
2023,Region IV-A CALABARZON,Carmona,2337,0,1937,4274,0
2023,Region IV-A CALABARZON,Cavite City,0,0,0,0,0
2023,Region IV-A CALABARZON,JANUARY,0,0,0,0,0
2023,Region IV-A CALABARZON,DISTRIBUTION,0,0,0,0,0
2023,Region IV-A CALABARZON,City of Bacoor,0,0,1383,1383,0
2023,Region IV-A CALABARZON,City of Dasmariñas,0,0,0,0,0
2023,Region IV-A CALABARZON,City of Imus,0,0,0,0,0
2023,Region IV-A CALABARZON,General Trias City,13395,0,70539,83934,0
2023,Region IV-A CALABARZON,General Emilio Aguinaldo (Bailen),0,0,0,0,0
2023,Region IV-A CALABARZON,Imus,0,0,1399,1399,0
2023,Region IV-A CALABARZON,Indang,0,0,7213,7213,0
2023,Region IV-A CALABARZON,Kawit,0,0,0,0,0
2023,Region IV-A CALABARZON,Maragondon,526,0,15377,15903,0
2023,Region IV-A CALABARZON,Mendez,0,0,176,176,0
2023,Region IV-A CALABARZON,Naic,0,0,27367,27367,0
2023,Region IV-A CALABARZON,Noveleta,276,0,1777,2053,0
2023,Region IV-A CALABARZON,Rosario,2035,0,6914,8949,0
2023,Region IV-A CALABARZON,Silang,79,0,69534,69613,0
2023,Region IV-A CALABARZON,Tagaytay,0,0,1002653,1002653,0
2023,Region IV-A CALABARZON,Tanza,0,0,41098,41098,0
2023,Region IV-A CALABARZON,Trece Martires,0,0,38596,38596,0
2023,Region IV-A CALABARZON,Laguna,53841,3969,363421,421231,0
2023,Region IV-A CALABARZON,Bay,0,0,12059,12059,0
2023,Region IV-A CALABARZON,Calamba City,0,0,103503,103503,0
2023,Region IV-A CALABARZON,Calauan,0,0,0,0,0
2023,Region IV-A CALABARZON,Cavinti,153,0,17547,17700,0
2023,Region IV-A CALABARZON,Los Baños,50,0,68211,68261,0
2023,Region IV-A CALABARZON,Lumban,1181,0,33455,34636,0
2023,Region IV-A CALABARZON,Majayjay,39,0,13398,13437,0
2023,Region IV-A CALABARZON,Nagcarlan,0,0,0,0,0
2023,Region IV-A CALABARZON,Pakil,0,0,780,780,0
2023,Region IV-A CALABARZON,Rizal,0,0,73,73,0
2023,Region IV-A CALABARZON,San Pablo,0,0,0,0,0
2023,Region IV-A CALABARZON,Santa Cruz,0,0,0,0,0
2023,Region IV-A CALABARZON,Sta. Rosa City,52418,3969,114395,170782,0
2023,Region IV-A CALABARZON,Victoria,0,0,0,0,0
2023,Region IV-A CALABARZON,Quezon,520,6,1263655,1264181,0
2023,Region IV-A CALABARZON,Agdangan,0,0,7696,7696,0
2023,Region IV-A CALABARZON,Alabat,1,0,1238,1239,0
2023,Region IV-A CALABARZON,Atimonan,73,0,24950,25023,0
2023,Region IV-A CALABARZON,Buenavista,0,0,3270,3270,0
2023,Region IV-A CALABARZON,Burdeos,0,0,0,0,0
2023,Region IV-A CALABARZON,Calauag,0,0,1420,1420,0
2023,Region IV-A CALABARZON,Catanauan,0,0,24073,24073,0
2023,Region IV-A CALABARZON,Candelaria,0,0,10038,10038,0
2023,Region IV-A CALABARZON,Dolores,0,0,250680,250680,0
2023,Region IV-A CALABARZON,Gen. Luna,0,0,17671,17671,0
2023,Region IV-A CALABARZON,Gen. Nakar,0,0,16553,16553,0
2023,Region IV-A CALABARZON,Guinayangan,0,0,239,239,0
2023,Region IV-A CALABARZON,Gumaca,0,0,6773,6773,0
2023,Region IV-A CALABARZON,Infanta,0,0,141385,141385,0
2023,Region IV-A CALABARZON,Jomalig,18,0,9357,9375,0
2023,Region IV-A CALABARZON,Lopez,0,0,0,0,0
2023,Region IV-A CALABARZON,Lucban,0,0,0,0,0
2023,Region IV-A CALABARZON,Lucena City,428,0,98154,98582,0
2023,Region IV-A CALABARZON,Macalelon,0,0,478,478,0
2023,Region IV-A CALABARZON,Malunay,0,0,5269,5269,0
2023,Region IV-A CALABARZON,Mauban,0,0,90399,90399,0
2023,Region IV-A CALABARZON,Padre Burgos,0,0,0,0,0
2023,Region IV-A CALABARZON,Pagbilao,0,0,0,0,0
2023,Region IV-A CALABARZON,Panukulan,0,0,0,0,0
2023,Region IV-A CALABARZON,Patnanungan,0,0,0,0,0
2023,Region IV-A CALABARZON,Perez,0,0,9368,9368,0
2023,Region IV-A CALABARZON,Plaridel,0,0,2893,2893,0
2023,Region IV-A CALABARZON,Polillo,0,0,0,0,0
2023,Region IV-A CALABARZON,Quezon,0,0,0,0,0
2023,Region IV-A CALABARZON,Real,0,0,107943,107943,0
2023,Region IV-A CALABARZON,Sampaloc,0,0,0,0,0
2023,Region IV-A CALABARZON,San Andres,0,0,0,0,0
2023,Region IV-A CALABARZON,San Antonio,0,0,0,0,0
2023,Region IV-A CALABARZON,San Francisco,0,0,0,0,0
2023,Region IV-A CALABARZON,San Narciso,0,0,1124,1124,0
2023,Region IV-A CALABARZON,Sariaya,0,0,0,0,0
2023,Region IV-A CALABARZON,Tagkawayan,0,0,23986,23986,0
2023,Region IV-A CALABARZON,Tayabas,0,0,377559,377559,0
2023,Region IV-A CALABARZON,Tiaong,0,6,3513,3519,0
2023,Region IV-A CALABARZON,Unisan,0,0,27626,27626,0
2023,Region IV-A CALABARZON,Rizal,213,0,3042614,3042827,0
2023,Region IV-A CALABARZON,Antipolo City,0,0,531799,531799,0
2023,Region IV-A CALABARZON,Angono,0,0,0,0,0
2023,Region IV-A CALABARZON,Baras,0,0,0,0,0
2023,Region IV-A CALABARZON,Binangonan,0,0,914,914,0
2023,Region IV-A CALABARZON,Cainta,0,0,1886,1886,0
2023,Region IV-A CALABARZON,Cardona,0,0,0,0,0
2023,Region IV-A CALABARZON,Jalajala,0,0,0,0,0
2023,Region IV-A CALABARZON,Morong,0,0,4918,4918,0
2023,Region IV-A CALABARZON,Pililia,0,0,5421,5421,0
2023,Region IV-A CALABARZON,Rodriguez,68,0,1795478,1795546,0
2023,Region IV-A CALABARZON,San Mateo,0,0,0,0,0
2023,Region IV-A CALABARZON,Tanay,145,0,702198,702343,0
2023,Region IV-A CALABARZON,Taytay,0,0,0,0,0
2023,Region IV-A CALABARZON,Teresa,0,0,0,0,0
2023,Region IV-A CALABARZON,MIMAROPA,780637,11761,1525171,2317569,0
2023,Region IV-A CALABARZON,Marinduque,667,98,50545,51310,0
2023,Region IV-A CALABARZON,Boac,470,97,24165,24732,0
2023,Region IV-A CALABARZON,Buenavista,0,0,0,0,0
2023,Region IV-A CALABARZON,Gasan,0,0,0,0,0
2023,Region IV-A CALABARZON,Mogpog,0,0,2929,2929,0
2023,Region IV-A CALABARZON,Sta. Cruz,47,1,14252,14300,0
2023,Region IV-A CALABARZON,Torrijos,150,0,9199,9349,0
2023,Region IV-A CALABARZON,Occidental Mindoro,3704,91,127126,130921,0
2023,Region IV-A CALABARZON,Abra de Ilog,0,0,13,13,0
2023,Region IV-A CALABARZON,Calintaan,7,0,816,823,0
2023,Region IV-A CALABARZON,Looc,0,0,0,0,0
2023,Region IV-A CALABARZON,Lubang,44,0,11660,11704,0
2023,Region IV-A CALABARZON,Magsaysay,19,0,3596,3615,0
2023,Region IV-A CALABARZON,Mamburao,75,0,7264,7339,0
2023,Region IV-A CALABARZON,Puluan,0,0,0,0,0
2023,Region IV-A CALABARZON,Rizal,87,0,2693,2780,0
2023,Region IV-A CALABARZON,Sablayan,1615,11,14364,15990,0
2023,Region IV-A CALABARZON,San Jose,1831,80,82564,84475,0
2023,Region IV-A CALABARZON,Santa Cruz,26,0,4156,4182,0
2023,Region IV-A CALABARZON,Oriental Mindoro,67327,444,378648,446419,0
2023,Region IV-A CALABARZON,Baco,0,0,81,81,0
2023,Region IV-A CALABARZON,Bansud,0,0,187,187,0
2023,Region IV-A CALABARZON,Bongabong,0,0,0,0,0
2023,Region IV-A CALABARZON,Bulalacao,86,45,40296,40427,0
2023,Region IV-A CALABARZON,Calapan City,1653,276,79241,81170,0
2023,Region IV-A CALABARZON,Gloria,20,0,19256,19276,0
2023,Region IV-A CALABARZON,Mansalay,81,32,11343,11456,0
2023,Region IV-A CALABARZON,Naujan,23,0,1442,1465,0
2023,Region IV-A CALABARZON,Pinamalayan,154,8,36480,36642,0
2023,Region IV-A CALABARZON,Pola,23,0,3080,3103,0
2023,Region IV-A CALABARZON,Puerto Galera,61593,78,153585,215256,0
2023,Region IV-A CALABARZON,Roxas,123,0,14344,14467,0
2023,Region IV-A CALABARZON,San Teodoro,0,0,6514,6514,0
2023,Region IV-A CALABARZON,Socorro,3566,5,4454,8025,0
2023,Region IV-A CALABARZON,Victoria,5,0,8345,8350,0
2023,Region IV-A CALABARZON,Palawan,543872,8266,520587,1072725,0
2023,Region IV-A CALABARZON,Aborlan,705,1,432,1138,0
2023,Region IV-A CALABARZON,Agutaya,0,0,91,91,0
2023,Region IV-A CALABARZON,Araceli,120,0,1068,1188,0
2023,Region IV-A CALABARZON,Balabac,431,0,2444,2875,0
2023,Region IV-A CALABARZON,Bataraza,141,0,8541,8682,0
2023,Region IV-A CALABARZON,Busuanga,8458,33,9943,18434,0
2023,Region IV-A CALABARZON,Brooke's Point,487,30,26747,27264,0
2023,Region IV-A CALABARZON,Cagayancillo,177,0,6,183,0
2023,Region IV-A CALABARZON,Coron,153229,3204,119900,276333,0
2023,Region IV-A CALABARZON,Cuyo,51,2,410,463,0
2023,Region IV-A CALABARZON,Culion,5307,1,12394,17702,0
2023,Region IV-A CALABARZON,Dumaran,17,0,1743,1760,0
2023,Region IV-A CALABARZON,El Nido,283471,4393,262983,550847,0
2023,Region IV-A CALABARZON,Espanola,0,0,0,0,0
2023,Region IV-A CALABARZON,Linapacan,26974,1,811,27786,0
2023,Region IV-A CALABARZON,Magsaysay,0,0,0,0,0
2023,Region IV-A CALABARZON,Narra,572,4,24216,24792,0
2023,Region IV-A CALABARZON,Quezon,0,0,69,69,0
2023,Region IV-A CALABARZON,Rizal,338,0,345,683,0
2023,Region IV-A CALABARZON,Roxas,1369,6,9212,10587,0
2023,Region IV-A CALABARZON,San Vicente,59807,572,25714,86093,0
2023,Region IV-A CALABARZON,Sofronio Espanola,8,0,1101,1109,0
2023,Region IV-A CALABARZON,Taytay,2210,19,12417,14646,0
2023,Region IV-A CALABARZON,Romblon,1402,103,34079,35584,0
2023,Region IV-A CALABARZON,Alcantara,0,0,0,0,0
2023,Region IV-A CALABARZON,Cajidiocan,0,0,87,87,0
2023,Region IV-A CALABARZON,Calatrava,0,0,0,0,0
2023,Region IV-A CALABARZON,Concepcion,0,0,20,20,0
2023,Region IV-A CALABARZON,Corcuera,4,1,234,239,0
2023,Region IV-A CALABARZON,Ferrol,4,1,970,975,0
2023,Region IV-A CALABARZON,Looc,0,0,53,53,0
2023,Region IV-A CALABARZON,Magdiwang,0,0,0,0,0
2023,Region IV-A CALABARZON,Odiongan,78,42,12640,12760,0
2023,Region IV-A CALABARZON,Romblon,640,49,13358,14047,0
2023,Region IV-A CALABARZON,San Agustin,5,0,428,433,0
2023,Region IV-A CALABARZON,San Andres,0,0,5,5,0
2023,Region IV-A CALABARZON,San Fernando,41,0,2254,2295,0
2023,Region IV-A CALABARZON,San Jose,579,8,2795,3382,0
2023,Region IV-A CALABARZON,Santa Fe,51,2,1235,1288,0
2023,Region IV-A CALABARZON,Santa Maria,0,0,0,0,0
2023,Region IV-A CALABARZON,Others,0,0,0,0,0
2023,Region IV-A CALABARZON,Puerto Princesa City,163665,2759,414186,580610,0
2023,Region V (BICOL REGION),Region V (BICOL REGION),78562,1314,4283312,4363188,1
2023,Region V (BICOL REGION),Albay,10825,0,1064416,1075241,0
2023,Region V (BICOL REGION),Legazpi City,7525,0,516238,523763,0
2023,Region V (BICOL REGION),Bacacay,751,0,27290,28041,0
2023,Region V (BICOL REGION),Camalig,53,0,1674,1727,0
2023,Region V (BICOL REGION),Daraga,874,0,52307,53181,0
2023,Region V (BICOL REGION),Guinobatan,119,0,44849,44968,0
2023,Region V (BICOL REGION),Jovellar,185,0,23977,24162,0
2023,Region V (BICOL REGION),Libon,11,0,6205,6216,0
2023,Region V (BICOL REGION),Ligao City,141,0,120608,120749,0
2023,Region V (BICOL REGION),JANUARY,0,0,0,0,0
2023,Region V (BICOL REGION),DISTRIBUTION,0,0,0,0,0
2023,Region V (BICOL REGION),Malilipot,259,0,24111,24370,0
2023,Region V (BICOL REGION),Malinao,67,0,3122,3189,0
2023,Region V (BICOL REGION),Manito,0,0,1735,1735,0
2023,Region V (BICOL REGION),Oas,328,0,36396,36724,0
2023,Region V (BICOL REGION),Pio Duran,5,0,37610,37615,0
2023,Region V (BICOL REGION),Polangui,104,0,7221,7325,0
2023,Region V (BICOL REGION),Rapu Rapu,0,0,0,0,0
2023,Region V (BICOL REGION),Sto. Domingo,264,0,55508,55772,0
2023,Region V (BICOL REGION),Tabaco City,117,0,99467,99584,0
2023,Region V (BICOL REGION),Tiwi,22,0,6098,6120,0
2023,Region V (BICOL REGION),Camarines Norte,889,1183,1276561,1278633,0
2023,Region V (BICOL REGION),Basud,0,0,13452,13452,0
2023,Region V (BICOL REGION),Capalonga,138,0,83317,83455,0
2023,Region V (BICOL REGION),Daet,453,235,464991,465679,0
2023,Region V (BICOL REGION),Jose Panganiban,0,0,114469,114469,0
2023,Region V (BICOL REGION),Labo,75,0,71320,71395,0
2023,Region V (BICOL REGION),Mercedes,5,0,165779,165784,0
2023,Region V (BICOL REGION),Paracale,0,0,98392,98392,0
2023,Region V (BICOL REGION),San Lorenzo Ruiz,0,0,9203,9203,0
2023,Region V (BICOL REGION),San Vicente,0,0,62,62,0
2023,Region V (BICOL REGION),Sta. Elena,0,0,26173,26173,0
2023,Region V (BICOL REGION),Talisay,0,0,20412,20412,0
2023,Region V (BICOL REGION),Vinzons,218,948,208991,210157,0
2023,Region V (BICOL REGION),Camarines Sur,62528,131,1423803,1486462,0
2023,Region V (BICOL REGION),Iriga City,1275,0,12944,14219,0
2023,Region V (BICOL REGION),Naga City,51952,0,982380,1034332,0
2023,Region V (BICOL REGION),Baao,0,0,3735,3735,0
2023,Region V (BICOL REGION),Balatan,33,0,21464,21497,0
2023,Region V (BICOL REGION),Bato,0,0,2650,2650,0
2023,Region V (BICOL REGION),Bombon,0,0,381,381,0
2023,Region V (BICOL REGION),Buhi,0,0,1585,1585,0
2023,Region V (BICOL REGION),Bula,0,0,1060,1060,0
2023,Region V (BICOL REGION),Cabusao,0,0,1426,1426,0
2023,Region V (BICOL REGION),Calabanga,31,0,22007,22038,0
2023,Region V (BICOL REGION),Camaligan,0,0,994,994,0
2023,Region V (BICOL REGION),Canaman,182,0,363,545,0
2023,Region V (BICOL REGION),Caramoan,8582,0,47028,55610,0
2023,Region V (BICOL REGION),Del Gallego,0,0,7234,7234,0
2023,Region V (BICOL REGION),Gainza,0,0,16,16,0
2023,Region V (BICOL REGION),Goa,0,0,603,603,0
2023,Region V (BICOL REGION),Libmanan,27,0,14502,14529,0
2023,Region V (BICOL REGION),Lupi,0,0,2811,2811,0
2023,Region V (BICOL REGION),Magarao,0,0,22259,22259,0
2023,Region V (BICOL REGION),Minalabac,0,0,418,418,0
2023,Region V (BICOL REGION),Nabua,5,0,11894,11899,0
2023,Region V (BICOL REGION),Ocampo,0,0,36,36,0
2023,Region V (BICOL REGION),Pamplona,0,0,1210,1210,0
2023,Region V (BICOL REGION),Pasacao,0,0,117256,117256,0
2023,Region V (BICOL REGION),Pili,441,120,77052,77613,0
2023,Region V (BICOL REGION),Ragay,0,0,13908,13908,0
2023,Region V (BICOL REGION),Sagnay,0,0,3586,3586,0
2023,Region V (BICOL REGION),San Fernando,0,0,4379,4379,0
2023,Region V (BICOL REGION),San Jose,0,0,54,54,0
2023,Region V (BICOL REGION),Sipocot,0,0,248,248,0
2023,Region V (BICOL REGION),Siruma,0,11,21271,21282,0
2023,Region V (BICOL REGION),Tigaon,0,0,4546,4546,0
2023,Region V (BICOL REGION),Tinambac,0,0,22503,22503,0
2023,Region V (BICOL REGION),Others,0,0,0,0,0
2023,Region V (BICOL REGION),Catanduanes,1413,0,127431,128844,0
2023,Region V (BICOL REGION),Bagamanoc,0,0,398,398,0
2023,Region V (BICOL REGION),Bato,0,0,0,0,0
2023,Region V (BICOL REGION),Baras,991,0,16795,17786,0
2023,Region V (BICOL REGION),Caramoran,0,0,1347,1347,0
2023,Region V (BICOL REGION),Gigmoto,31,0,174,205,0
2023,Region V (BICOL REGION),Pandan,4,0,5898,5902,0
2023,Region V (BICOL REGION),Panganiban,0,0,596,596,0
2023,Region V (BICOL REGION),San Andres,0,0,4977,4977,0
2023,Region V (BICOL REGION),San Miguel,1,0,489,490,0
2023,Region V (BICOL REGION),Viga,0,0,2060,2060,0
2023,Region V (BICOL REGION),Virac,386,0,94697,95083,0
2023,Region V (BICOL REGION),Masbate Province,483,0,82312,82795,0
2023,Region V (BICOL REGION),Aroroy,0,0,1953,1953,0
2023,Region V (BICOL REGION),Baleno,0,0,0,0,0
2023,Region V (BICOL REGION),Balud,112,0,54795,54907,0
2023,Region V (BICOL REGION),Batuan,103,0,1490,1593,0
2023,Region V (BICOL REGION),Cataingan,0,0,0,0,0
2023,Region V (BICOL REGION),Cawayan,0,0,0,0,0
2023,Region V (BICOL REGION),Claveria,0,0,1323,1323,0
2023,Region V (BICOL REGION),Dimasalang,0,0,0,0,0
2023,Region V (BICOL REGION),Esperanza,0,0,725,725,0
2023,Region V (BICOL REGION),Mandaon,0,0,0,0,0
2023,Region V (BICOL REGION),Milagros,0,0,0,0,0
2023,Region V (BICOL REGION),Mobo,138,0,460,598,0
2023,Region V (BICOL REGION),Monreal,0,0,0,0,0
2023,Region V (BICOL REGION),Palanas,0,0,0,0,0
2023,Region V (BICOL REGION),Pio V. Corpus,0,0,1132,1132,0
2023,Region V (BICOL REGION),Placer,15,0,5324,5339,0
2023,Region V (BICOL REGION),San Fernando,0,0,0,0,0
2023,Region V (BICOL REGION),San Jacinto,88,0,1116,1204,0
2023,Region V (BICOL REGION),San Pascual,27,0,13994,14021,0
2023,Region V (BICOL REGION),Uson,0,0,0,0,0
2023,Region V (BICOL REGION),Masbate City,720,0,77285,78005,0
2023,Region V (BICOL REGION),Sorsogon Province,122,0,50787,50909,0
2023,Region V (BICOL REGION),Barcelona,0,0,0,0,0
2023,Region V (BICOL REGION),Bulan,67,0,18963,19030,0
2023,Region V (BICOL REGION),Bulusan,6,0,1412,1418,0
2023,Region V (BICOL REGION),Casiguran,0,0,209,209,0
2023,Region V (BICOL REGION),Castilla,0,0,616,616,0
2023,Region V (BICOL REGION),Donsol,0,0,0,0,0
2023,Region V (BICOL REGION),Gubat,2,0,1215,1217,0
2023,Region V (BICOL REGION),Irosin,0,0,3514,3514,0
2023,Region V (BICOL REGION),Jubat,17,0,339,356,0
2023,Region V (BICOL REGION),Magallanes,23,0,365,388,0
2023,Region V (BICOL REGION),Matnog,2,0,1283,1285,0
2023,Region V (BICOL REGION),Pilar,0,0,18464,18464,0
2023,Region V (BICOL REGION),Prieto Diaz,0,0,0,0,0
2023,Region V (BICOL REGION),Sta. Magdalena,5,0,4407,4412,0
2023,Region V (BICOL REGION),Sorsogon City,1582,0,180717,182299,0
2023,Region VI (WESTERN VISAYAS),Region VI (WESTERN VISAYAS),550357,51268,4758433,5360058,1
2023,Region VI (WESTERN VISAYAS),Aklan,428704,39236,1732198,2200138,0
2023,Region VI (WESTERN VISAYAS),Altavas,0,0,0,0,0
2023,Region VI (WESTERN VISAYAS),Balete,0,0,0,0,0
2023,Region VI (WESTERN VISAYAS),Banga,0,0,0,0,0
2023,Region VI (WESTERN VISAYAS),Batan,0,0,0,0,0
2023,Region VI (WESTERN VISAYAS),Boracay (Malay),422201,39196,1659022,2120419,0
2023,Region VI (WESTERN VISAYAS),Buruanga,0,0,0,0,0
2023,Region VI (WESTERN VISAYAS),Kalibo,6503,40,73176,79719,0
2023,Region VI (WESTERN VISAYAS),Ibajay,0,0,0,0,0
2023,Region VI (WESTERN VISAYAS),JANUARY,0,0,0,0,0
2023,Region VI (WESTERN VISAYAS),DISTRIBUTION,0,0,0,0,0
2023,Region VI (WESTERN VISAYAS),Lezo,0,0,0,0,0
2023,Region VI (WESTERN VISAYAS),Libacao,0,0,0,0,0
2023,Region VI (WESTERN VISAYAS),Madalag,0,0,0,0,0
2023,Region VI (WESTERN VISAYAS),Makato,0,0,0,0,0
2023,Region VI (WESTERN VISAYAS),Malinao,0,0,0,0,0
2023,Region VI (WESTERN VISAYAS),Nabas,0,0,0,0,0
2023,Region VI (WESTERN VISAYAS),New Washington,0,0,0,0,0
2023,Region VI (WESTERN VISAYAS),Numancia,0,0,0,0,0
2023,Region VI (WESTERN VISAYAS),Tangalan,0,0,0,0,0
2023,Region VI (WESTERN VISAYAS),Antique,3284,0,146225,149509,0
2023,Region VI (WESTERN VISAYAS),Anini-y,44,0,7880,7924,0
2023,Region VI (WESTERN VISAYAS),Barbaza,0,0,2268,2268,0
2023,Region VI (WESTERN VISAYAS),Belison,0,0,1142,1142,0
2023,Region VI (WESTERN VISAYAS),Bugasong,0,0,323,323,0
2023,Region VI (WESTERN VISAYAS),Caluya,53,0,14497,14550,0
2023,Region VI (WESTERN VISAYAS),Culasi,489,0,9007,9496,0
2023,Region VI (WESTERN VISAYAS),Hamtic,0,0,4050,4050,0
2023,Region VI (WESTERN VISAYAS),Laua-an,0,0,1684,1684,0
2023,Region VI (WESTERN VISAYAS),Libertad,15,0,3557,3572,0
2023,Region VI (WESTERN VISAYAS),Pandan,1913,0,19855,21768,0
2023,Region VI (WESTERN VISAYAS),Patnongon,0,0,5122,5122,0
2023,Region VI (WESTERN VISAYAS),San Remegio,0,0,7256,7256,0
2023,Region VI (WESTERN VISAYAS),Sebaste,0,0,1795,1795,0
2023,Region VI (WESTERN VISAYAS),San Jose,27,0,56312,56339,0
2023,Region VI (WESTERN VISAYAS),Sibalom,0,0,3200,3200,0
2023,Region VI (WESTERN VISAYAS),Tibiao,743,0,7139,7882,0
2023,Region VI (WESTERN VISAYAS),Tobias Fornier,0,0,283,283,0
2023,Region VI (WESTERN VISAYAS),Valderrama,0,0,855,855,0
2023,Region VI (WESTERN VISAYAS),Capiz,2353,2814,191677,196844,0
2023,Region VI (WESTERN VISAYAS),Cuartero,0,0,0,0,0
2023,Region VI (WESTERN VISAYAS),Dao,0,0,5776,5776,0
2023,Region VI (WESTERN VISAYAS),Dumalag,0,0,1891,1891,0
2023,Region VI (WESTERN VISAYAS),Dumarao,56,10,1939,2005,0
2023,Region VI (WESTERN VISAYAS),Ivisan,0,0,915,915,0
2023,Region VI (WESTERN VISAYAS),Jamindan,0,0,1171,1171,0
2023,Region VI (WESTERN VISAYAS),Maayon,0,0,0,0,0
2023,Region VI (WESTERN VISAYAS),Mambusao,0,0,1780,1780,0
2023,Region VI (WESTERN VISAYAS),Panay,0,0,7315,7315,0
2023,Region VI (WESTERN VISAYAS),Panitan,0,0,0,0,0
2023,Region VI (WESTERN VISAYAS),Pilar,47,0,6213,6260,0
2023,Region VI (WESTERN VISAYAS),Pontevedra,0,0,8822,8822,0
2023,Region VI (WESTERN VISAYAS),Pres. Roxas,0,0,0,0,0
2023,Region VI (WESTERN VISAYAS),Roxas City,2243,2730,147132,152105,0
2023,Region VI (WESTERN VISAYAS),Sapian,0,74,5641,5715,0
2023,Region VI (WESTERN VISAYAS),Sigma,7,0,2844,2851,0
2023,Region VI (WESTERN VISAYAS),Tapaz,0,0,238,238,0
2023,Region VI (WESTERN VISAYAS),Guimaras,1072,0,132746,133818,0
2023,Region VI (WESTERN VISAYAS),Buenavista,0,0,7599,7599,0
2023,Region VI (WESTERN VISAYAS),Jordan,42,0,16371,16413,0
2023,Region VI (WESTERN VISAYAS),Nueva Valencia,926,0,97354,98280,0
2023,Region VI (WESTERN VISAYAS),San Lorenzo,84,0,10268,10352,0
2023,Region VI (WESTERN VISAYAS),Sibunag,20,0,1154,1174,0
2023,Region VI (WESTERN VISAYAS),Iloilo Province,13989,8217,296329,318535,0
2023,Region VI (WESTERN VISAYAS),Ajuy,0,0,7755,7755,0
2023,Region VI (WESTERN VISAYAS),Alimodian,9,134,4967,5110,0
2023,Region VI (WESTERN VISAYAS),Anilao,0,0,3495,3495,0
2023,Region VI (WESTERN VISAYAS),Badiangan,0,0,15257,15257,0
2023,Region VI (WESTERN VISAYAS),Balasan,0,0,0,0,0
2023,Region VI (WESTERN VISAYAS),Banate,0,0,0,0,0
2023,Region VI (WESTERN VISAYAS),Barotac Nuevo,29,10,3222,3261,0
2023,Region VI (WESTERN VISAYAS),Barotac Viejo,11,0,727,738,0
2023,Region VI (WESTERN VISAYAS),Batad,0,0,0,0,0
2023,Region VI (WESTERN VISAYAS),Bingawan,0,0,0,0,0
2023,Region VI (WESTERN VISAYAS),Cabatuan,0,0,0,0,0
2023,Region VI (WESTERN VISAYAS),Calinog,40,0,499,539,0
2023,Region VI (WESTERN VISAYAS),Carles,6245,7344,57001,70590,0
2023,Region VI (WESTERN VISAYAS),Concepcion,212,9,15106,15327,0
2023,Region VI (WESTERN VISAYAS),Dingle,0,0,0,0,0
2023,Region VI (WESTERN VISAYAS),Duenas,746,298,5723,6767,0
2023,Region VI (WESTERN VISAYAS),Dumangas,10,0,3104,3114,0
2023,Region VI (WESTERN VISAYAS),Estancia,4433,13,31428,35874,0
2023,Region VI (WESTERN VISAYAS),Guimbal,16,0,25942,25958,0
2023,Region VI (WESTERN VISAYAS),Igbaras,15,3,1365,1383,0
2023,Region VI (WESTERN VISAYAS),Janiuay,208,145,10205,10558,0
2023,Region VI (WESTERN VISAYAS),Lambunao,0,0,3831,3831,0
2023,Region VI (WESTERN VISAYAS),Leganes,0,0,0,0,0
2023,Region VI (WESTERN VISAYAS),Lemery,0,0,0,0,0
2023,Region VI (WESTERN VISAYAS),Leon,4,0,4098,4102,0
2023,Region VI (WESTERN VISAYAS),Maasin,0,0,5811,5811,0
2023,Region VI (WESTERN VISAYAS),Miagao,0,0,1613,1613,0
2023,Region VI (WESTERN VISAYAS),Mina,33,0,154,187,0
2023,Region VI (WESTERN VISAYAS),New Lucena,33,78,5319,5430,0
2023,Region VI (WESTERN VISAYAS),Oton,353,0,4796,5149,0
2023,Region VI (WESTERN VISAYAS),Passi,205,31,19637,19873,0
2023,Region VI (WESTERN VISAYAS),Pavia,229,0,1301,1530,0
2023,Region VI (WESTERN VISAYAS),Pototan,0,0,294,294,0
2023,Region VI (WESTERN VISAYAS),San Dionisio,0,0,0,0,0
2023,Region VI (WESTERN VISAYAS),San Enrique,0,0,0,0,0
2023,Region VI (WESTERN VISAYAS),San Joaquin,135,112,18060,18307,0
2023,Region VI (WESTERN VISAYAS),San Miguel,817,40,13328,14185,0
2023,Region VI (WESTERN VISAYAS),Sara,53,0,3008,3061,0
2023,Region VI (WESTERN VISAYAS),Sta. Barbara,61,0,5239,5300,0
2023,Region VI (WESTERN VISAYAS),Tigbauan,87,0,22679,22766,0
2023,Region VI (WESTERN VISAYAS),Tubungan,5,0,574,579,0
2023,Region VI (WESTERN VISAYAS),Zarraga,0,0,791,791,0
2023,Region VI (WESTERN VISAYAS),Negros Occidental,10933,0,683082,694015,0
2023,Region VI (WESTERN VISAYAS),Bago,0,0,7499,7499,0
2023,Region VI (WESTERN VISAYAS),Binalbagan,40,0,6317,6357,0
2023,Region VI (WESTERN VISAYAS),Cadiz,2010,0,31858,33868,0
2023,Region VI (WESTERN VISAYAS),Calatrava,0,0,3411,3411,0
2023,Region VI (WESTERN VISAYAS),Candoni,0,0,0,0,0
2023,Region VI (WESTERN VISAYAS),Cauayan,0,0,18356,18356,0
2023,Region VI (WESTERN VISAYAS),DS Benedicto,0,0,0,0,0
2023,Region VI (WESTERN VISAYAS),Escalante,0,0,21393,21393,0
2023,Region VI (WESTERN VISAYAS),Himamaylan,35,0,6249,6284,0
2023,Region VI (WESTERN VISAYAS),Hinigaran,0,0,18992,18992,0
2023,Region VI (WESTERN VISAYAS),Hinobaan,197,0,5727,5924,0
2023,Region VI (WESTERN VISAYAS),Kabankalan,733,0,76498,77231,0
2023,Region VI (WESTERN VISAYAS),La Carlota,178,0,13427,13605,0
2023,Region VI (WESTERN VISAYAS),La Castellana,1825,0,0,1825,0
2023,Region VI (WESTERN VISAYAS),Manapla,63,0,12597,12660,0
2023,Region VI (WESTERN VISAYAS),Moises Padilla,0,0,0,0,0
2023,Region VI (WESTERN VISAYAS),Murcia,259,0,27543,27802,0
2023,Region VI (WESTERN VISAYAS),Pulupandan,0,0,0,0,0
2023,Region VI (WESTERN VISAYAS),Sagay,0,0,27009,27009,0
2023,Region VI (WESTERN VISAYAS),San Carlos,1622,0,83737,85359,0
2023,Region VI (WESTERN VISAYAS),San Enrique,0,0,3057,3057,0
2023,Region VI (WESTERN VISAYAS),Silay,395,0,50021,50416,0
2023,Region VI (WESTERN VISAYAS),Sipalay,3306,0,214942,218248,0
2023,Region VI (WESTERN VISAYAS),Talisay,270,0,30394,30664,0
2023,Region VI (WESTERN VISAYAS),Victorias,0,0,24055,24055,0
2023,Region VI (WESTERN VISAYAS),Bacolod City,56070,624,724222,780916,0
2023,Region VI (WESTERN VISAYAS),Iloilo City,33952,377,851954,886283,0
2023,Region VII (CENTRAL VISAYAS),Region VII (CENTRAL VISAYAS),1870607,4232,3611104,5485943,1
2023,Region VII (CENTRAL VISAYAS),Bohol,325499,480,686875,1012854,0
2023,Region VII (CENTRAL VISAYAS),Alicia,0,0,0,0,0
2023,Region VII (CENTRAL VISAYAS),Anda,7906,0,24178,32084,0
2023,Region VII (CENTRAL VISAYAS),Alburquerque,137,0,1527,1664,0
2023,Region VII (CENTRAL VISAYAS),Antequera,0,0,0,0,0
2023,Region VII (CENTRAL VISAYAS),Baclayon,705,0,201,906,0
2023,Region VII (CENTRAL VISAYAS),Batuan,2341,0,265,2606,0
2023,Region VII (CENTRAL VISAYAS),Bien Unido,9,0,903,912,0
2023,Region VII (CENTRAL VISAYAS),Bilar,0,0,0,0,0
2023,Region VII (CENTRAL VISAYAS),Buenavista,0,0,0,0,0
2023,Region VII (CENTRAL VISAYAS),Calape,281,15,6269,6565,0
2023,Region VII (CENTRAL VISAYAS),Candijay,49,0,2153,2202,0
2023,Region VII (CENTRAL VISAYAS),Carmen,3115,0,4688,7803,0
2023,Region VII (CENTRAL VISAYAS),Catigbian,0,0,0,0,0
2023,Region VII (CENTRAL VISAYAS),Danao,150,0,1094,1244,0
2023,Region VII (CENTRAL VISAYAS),Dauis,9785,0,18547,28332,0
2023,Region VII (CENTRAL VISAYAS),Dimiao,185,0,335,520,0
2023,Region VII (CENTRAL VISAYAS),Garcia Hernandez,0,0,0,0,0
2023,Region VII (CENTRAL VISAYAS),Getafe,0,0,0,0,0
2023,Region VII (CENTRAL VISAYAS),Guindulman,53,0,606,659,0
2023,Region VII (CENTRAL VISAYAS),Inabanga,0,0,0,0,0
2023,Region VII (CENTRAL VISAYAS),Jagna,259,0,12145,12404,0
2023,Region VII (CENTRAL VISAYAS),Lila,0,0,0,0,0
2023,Region VII (CENTRAL VISAYAS),Loay,10,0,558,568,0
2023,Region VII (CENTRAL VISAYAS),Loon,574,0,2436,3010,0
2023,Region VII (CENTRAL VISAYAS),Loboc,2142,0,3575,5717,0
2023,Region VII (CENTRAL VISAYAS),Mabini,23,0,457,480,0
2023,Region VII (CENTRAL VISAYAS),Maribojoc,0,0,1872,1872,0
2023,Region VII (CENTRAL VISAYAS),Panglao,289817,424,413131,703372,0
2023,Region VII (CENTRAL VISAYAS),Sagbayan,0,0,0,0,0
2023,Region VII (CENTRAL VISAYAS),San Isidro,0,0,0,0,0
2023,Region VII (CENTRAL VISAYAS),Sikatuna,0,0,1131,1131,0
2023,Region VII (CENTRAL VISAYAS),Tagbilaran,6939,41,137826,144806,0
2023,Region VII (CENTRAL VISAYAS),Talibon,54,0,15203,15257,0
2023,Region VII (CENTRAL VISAYAS),Trinidad,101,0,2600,2701,0
2023,Region VII (CENTRAL VISAYAS),Tubigon,107,0,12764,12871,0
2023,Region VII (CENTRAL VISAYAS),Ubay,757,0,18818,19575,0
2023,Region VII (CENTRAL VISAYAS),Valencia,0,0,3593,3593,0
2023,Region VII (CENTRAL VISAYAS),Cebu,223805,2310,790557,1016672,0
2023,Region VII (CENTRAL VISAYAS),Alcoy,0,0,0,0,0
2023,Region VII (CENTRAL VISAYAS),Alcantara,27,0,34,61,0
2023,Region VII (CENTRAL VISAYAS),Alegria,191,0,1828,2019,0
2023,Region VII (CENTRAL VISAYAS),Aloguinsan,20,0,7701,7721,0
2023,Region VII (CENTRAL VISAYAS),Argao,190,0,5620,5810,0
2023,Region VII (CENTRAL VISAYAS),Asturias,19,0,10355,10374,0
2023,Region VII (CENTRAL VISAYAS),Badian,3695,0,25132,28827,0
2023,Region VII (CENTRAL VISAYAS),Balamban,489,0,13534,14023,0
2023,Region VII (CENTRAL VISAYAS),Bantayan,0,0,9637,9637,0
2023,Region VII (CENTRAL VISAYAS),Barili,1656,0,10873,12529,0
2023,Region VII (CENTRAL VISAYAS),Bogo City,1003,0,45525,46528,0
2023,Region VII (CENTRAL VISAYAS),Borbon,0,0,0,0,0
2023,Region VII (CENTRAL VISAYAS),Boljoon,357,0,4978,5335,0
2023,Region VII (CENTRAL VISAYAS),Carcar,0,0,0,0,0
2023,Region VII (CENTRAL VISAYAS),JANUARY,0,0,0,0,0
2023,Region VII (CENTRAL VISAYAS),DISTRIBUTION,0,0,0,0,0
2023,Region VII (CENTRAL VISAYAS),Carmen,240,0,959,1199,0
2023,Region VII (CENTRAL VISAYAS),Catmon,0,0,0,0,0
2023,Region VII (CENTRAL VISAYAS),City of Naga,283,0,10077,10360,0
2023,Region VII (CENTRAL VISAYAS),Cordova,46822,2212,21310,70344,0
2023,Region VII (CENTRAL VISAYAS),Daanbantayan,49134,0,56057,105191,0
2023,Region VII (CENTRAL VISAYAS),Dalaguete,677,0,20382,21059,0
2023,Region VII (CENTRAL VISAYAS),Danao City,2320,0,24149,26469,0
2023,Region VII (CENTRAL VISAYAS),Dumanjug,1896,14,8307,10217,0
2023,Region VII (CENTRAL VISAYAS),Ginatilan,339,0,1557,1896,0
2023,Region VII (CENTRAL VISAYAS),Madridejos,31,0,3647,3678,0
2023,Region VII (CENTRAL VISAYAS),Malabuyoc,375,17,894,1286,0
2023,Region VII (CENTRAL VISAYAS),Medellin,254,0,8386,8640,0
2023,Region VII (CENTRAL VISAYAS),Minglanilla,0,0,0,0,0
2023,Region VII (CENTRAL VISAYAS),Moalboal,80249,67,75764,156080,0
2023,Region VII (CENTRAL VISAYAS),Oslob,5700,0,103714,109414,0
2023,Region VII (CENTRAL VISAYAS),Pilar,0,0,0,0,0
2023,Region VII (CENTRAL VISAYAS),Pinamungahan,14,0,13274,13288,0
2023,Region VII (CENTRAL VISAYAS),Poro,216,0,2779,2995,0
2023,Region VII (CENTRAL VISAYAS),Ronda,6035,0,5334,11369,0
2023,Region VII (CENTRAL VISAYAS),Samboan,2918,0,12292,15210,0
2023,Region VII (CENTRAL VISAYAS),San Fernando,0,0,0,0,0
2023,Region VII (CENTRAL VISAYAS),San Francisco,120,0,335,455,0
2023,Region VII (CENTRAL VISAYAS),San Remegio,1339,0,30740,32079,0
2023,Region VII (CENTRAL VISAYAS),Santander,2776,0,2925,5701,0
2023,Region VII (CENTRAL VISAYAS),Santa Fe,10938,0,147753,158691,0
2023,Region VII (CENTRAL VISAYAS),Sibonga,0,0,0,0,0
2023,Region VII (CENTRAL VISAYAS),Sogod,116,0,4660,4776,0
2023,Region VII (CENTRAL VISAYAS),Tabogon,143,0,2384,2527,0
2023,Region VII (CENTRAL VISAYAS),Tabuelan,0,0,12902,12902,0
2023,Region VII (CENTRAL VISAYAS),Talisay,487,0,13838,14325,0
2023,Region VII (CENTRAL VISAYAS),Toledo City,1813,0,49895,51708,0
2023,Region VII (CENTRAL VISAYAS),Tuburan,428,0,18610,19038,0
2023,Region VII (CENTRAL VISAYAS),Tudela,495,0,2416,2911,0
2023,Region VII (CENTRAL VISAYAS),Negros Oriental,34250,379,234597,269226,0
2023,Region VII (CENTRAL VISAYAS),Amlan,767,0,3356,4123,0
2023,Region VII (CENTRAL VISAYAS),Ayungon,26,0,969,995,0
2023,Region VII (CENTRAL VISAYAS),Bacong,0,0,0,0,0
2023,Region VII (CENTRAL VISAYAS),Bais,78,0,2073,2151,0
2023,Region VII (CENTRAL VISAYAS),Basay,377,8,3463,3848,0
2023,Region VII (CENTRAL VISAYAS),Bayawan,342,0,13392,13734,0
2023,Region VII (CENTRAL VISAYAS),Bindoy,80,0,2291,2371,0
2023,Region VII (CENTRAL VISAYAS),Canlaon,238,1,16457,16696,0
2023,Region VII (CENTRAL VISAYAS),Dauin,13592,0,20367,33959,0
2023,Region VII (CENTRAL VISAYAS),Dumaguete,3392,368,78695,82455,0
2023,Region VII (CENTRAL VISAYAS),Guijulngan,0,0,7699,7699,0
2023,Region VII (CENTRAL VISAYAS),La Libertad,102,0,6416,6518,0
2023,Region VII (CENTRAL VISAYAS),Jimalaud,0,0,0,0,0
2023,Region VII (CENTRAL VISAYAS),Mabinay,128,0,17365,17493,0
2023,Region VII (CENTRAL VISAYAS),Manjuyod,141,0,8354,8495,0
2023,Region VII (CENTRAL VISAYAS),San Jose,427,0,656,1083,0
2023,Region VII (CENTRAL VISAYAS),Santa Catalina,20,2,608,630,0
2023,Region VII (CENTRAL VISAYAS),Siaton,667,0,2019,2686,0
2023,Region VII (CENTRAL VISAYAS),Sibulan,4808,0,7849,12657,0
2023,Region VII (CENTRAL VISAYAS),Tanjay,937,0,4978,5915,0
2023,Region VII (CENTRAL VISAYAS),Valencia,2020,0,21397,23417,0
2023,Region VII (CENTRAL VISAYAS),Zamboanguita,6108,0,16193,22301,0
2023,Region VII (CENTRAL VISAYAS),Siquijor,63831,45,105349,169225,0
2023,Region VII (CENTRAL VISAYAS),E. Villanueva,238,0,197,435,0
2023,Region VII (CENTRAL VISAYAS),Larena,1532,0,7430,8962,0
2023,Region VII (CENTRAL VISAYAS),Lazi,1975,0,4897,6872,0
2023,Region VII (CENTRAL VISAYAS),Maria,329,0,723,1052,0
2023,Region VII (CENTRAL VISAYAS),San Juan,53891,45,72837,126773,0
2023,Region VII (CENTRAL VISAYAS),Siquijor,5866,0,19265,25131,0
2023,Region VII (CENTRAL VISAYAS),Cebu City,401179,1018,1147081,1549278,0
2023,Region VII (CENTRAL VISAYAS),Lapu-lapu City,714708,0,359074,1073782,0
2023,Region VII (CENTRAL VISAYAS),Mandaue City,107335,0,287571,394906,0
2023,Region VIII (EASTERN VISAYAS),Region VIII (EASTERN VISAYAS),26219,826,1307203,1334248,1
2023,Region VIII (EASTERN VISAYAS),Biliran,1548,0,22206,23754,0
2023,Region VIII (EASTERN VISAYAS),Almeria,0,0,0,0,0
2023,Region VIII (EASTERN VISAYAS),Caibiran,52,0,1050,1102,0
2023,Region VIII (EASTERN VISAYAS),Cabucgayan,84,0,558,642,0
2023,Region VIII (EASTERN VISAYAS),Culaba,0,0,0,0,0
2023,Region VIII (EASTERN VISAYAS),Kawayan,0,0,0,0,0
2023,Region VIII (EASTERN VISAYAS),Maripipi,0,0,0,0,0
2023,Region VIII (EASTERN VISAYAS),Naval,1412,0,20598,22010,0
2023,Region VIII (EASTERN VISAYAS),Eastern Samar,153,0,31358,31511,0
2023,Region VIII (EASTERN VISAYAS),Borongan City,0,0,22152,22152,0
2023,Region VIII (EASTERN VISAYAS),Arteche,0,0,184,184,0
2023,Region VIII (EASTERN VISAYAS),Can-Avid,0,0,290,290,0
2023,Region VIII (EASTERN VISAYAS),Gen. McArthur,0,0,0,0,0
2023,Region VIII (EASTERN VISAYAS),Guiuan,128,0,5481,5609,0
2023,Region VIII (EASTERN VISAYAS),Llorente,0,0,0,0,0
2023,Region VIII (EASTERN VISAYAS),Quinapondan,0,0,0,0,0
2023,Region VIII (EASTERN VISAYAS),Taft,25,0,3251,3276,0
2023,Region VIII (EASTERN VISAYAS),Leyte,7994,0,166685,174679,0
2023,Region VIII (EASTERN VISAYAS),Abuyog,0,0,0,0,0
2023,Region VIII (EASTERN VISAYAS),Alburera,0,0,0,0,0
2023,Region VIII (EASTERN VISAYAS),Bago,0,0,0,0,0
2023,Region VIII (EASTERN VISAYAS),Barauen,0,0,216,216,0
2023,Region VIII (EASTERN VISAYAS),Bato,0,0,0,0,0
2023,Region VIII (EASTERN VISAYAS),Baybay City,1823,0,37176,38999,0
2023,Region VIII (EASTERN VISAYAS),Hilongos,0,0,0,0,0
2023,Region VIII (EASTERN VISAYAS),Inopacan,0,0,0,0,0
2023,Region VIII (EASTERN VISAYAS),Isabel,0,0,0,0,0
2023,Region VIII (EASTERN VISAYAS),Javier,0,0,0,0,0
2023,Region VIII (EASTERN VISAYAS),Kanangga,0,0,0,0,0
2023,Region VIII (EASTERN VISAYAS),Matag-ob,0,0,2681,2681,0
2023,Region VIII (EASTERN VISAYAS),Matalom,240,0,53849,54089,0
2023,Region VIII (EASTERN VISAYAS),McArthur,0,0,0,0,0
2023,Region VIII (EASTERN VISAYAS),Ormoc City,5633,0,68207,73840,0
2023,Region VIII (EASTERN VISAYAS),Palo,0,0,0,0,0
2023,Region VIII (EASTERN VISAYAS),Palompon,0,0,0,0,0
2023,Region VIII (EASTERN VISAYAS),San Isidro,0,0,0,0,0
2023,Region VIII (EASTERN VISAYAS),San Miguel,213,0,3652,3865,0
2023,Region VIII (EASTERN VISAYAS),Tolosa,0,0,0,0,0
2023,Region VIII (EASTERN VISAYAS),Villaba,85,0,904,989,0
2023,Region VIII (EASTERN VISAYAS),Northern Samar,436,0,192743,193179,0
2023,Region VIII (EASTERN VISAYAS),Allen,11,0,27493,27504,0
2023,Region VIII (EASTERN VISAYAS),Biri,0,0,1701,1701,0
2023,Region VIII (EASTERN VISAYAS),Bobon,0,0,0,0,0
2023,Region VIII (EASTERN VISAYAS),Capul,0,0,0,0,0
2023,Region VIII (EASTERN VISAYAS),Catarman,416,0,64231,64647,0
2023,Region VIII (EASTERN VISAYAS),Gamay,0,0,2632,2632,0
2023,Region VIII (EASTERN VISAYAS),Las Navas,0,0,0,0,0
2023,Region VIII (EASTERN VISAYAS),Laoang,0,0,786,786,0
2023,Region VIII (EASTERN VISAYAS),Lapinig,9,0,620,629,0
2023,Region VIII (EASTERN VISAYAS),Lavezares,0,0,32562,32562,0
2023,Region VIII (EASTERN VISAYAS),Mondragon,0,0,2784,2784,0
2023,Region VIII (EASTERN VISAYAS),JANUARY,0,0,0,0,0
2023,Region VIII (EASTERN VISAYAS),DISTRIBUTION,0,0,0,0,0
2023,Region VIII (EASTERN VISAYAS),Navar,0,0,0,0,0
2023,Region VIII (EASTERN VISAYAS),Palapag,0,0,13643,13643,0
2023,Region VIII (EASTERN VISAYAS),Pambujan,0,0,2604,2604,0
2023,Region VIII (EASTERN VISAYAS),San Antonio,0,0,12091,12091,0
2023,Region VIII (EASTERN VISAYAS),San Isidro,0,0,4735,4735,0
2023,Region VIII (EASTERN VISAYAS),San Roque,0,0,17380,17380,0
2023,Region VIII (EASTERN VISAYAS),Silvino,0,0,966,966,0
2023,Region VIII (EASTERN VISAYAS),Victoria,0,0,8515,8515,0
2023,Region VIII (EASTERN VISAYAS),Samar,3347,0,290281,293628,0
2023,Region VIII (EASTERN VISAYAS),Calbayog City,3076,0,166299,169375,0
2023,Region VIII (EASTERN VISAYAS),Catbalogan,271,0,100042,100313,0
2023,Region VIII (EASTERN VISAYAS),Calbiga,0,0,0,0,0
2023,Region VIII (EASTERN VISAYAS),Basey,0,0,0,0,0
2023,Region VIII (EASTERN VISAYAS),Marabut,0,0,23471,23471,0
2023,Region VIII (EASTERN VISAYAS),Paranas,0,0,0,0,0
2023,Region VIII (EASTERN VISAYAS),Sta. Margarita,0,0,469,469,0
2023,Region VIII (EASTERN VISAYAS),Zumarraga,0,0,0,0,0
2023,Region VIII (EASTERN VISAYAS),Southern Leyte,3537,0,214436,217973,0
2023,Region VIII (EASTERN VISAYAS),Bontoc,0,0,381,381,0
2023,Region VIII (EASTERN VISAYAS),Hinunangan,0,0,5335,5335,0
2023,Region VIII (EASTERN VISAYAS),Hinundayan,289,0,5499,5788,0
2023,Region VIII (EASTERN VISAYAS),Libagon,102,0,8008,8110,0
2023,Region VIII (EASTERN VISAYAS),Liloan,38,0,9653,9691,0
2023,Region VIII (EASTERN VISAYAS),Limasawa,0,0,266,266,0
2023,Region VIII (EASTERN VISAYAS),Maasin City,108,0,42062,42170,0
2023,Region VIII (EASTERN VISAYAS),Malitbog,2008,0,96730,98738,0
2023,Region VIII (EASTERN VISAYAS),Macrohon,57,0,7336,7393,0
2023,Region VIII (EASTERN VISAYAS),Padre Burgos,646,0,4637,5283,0
2023,Region VIII (EASTERN VISAYAS),Pintuyan,289,0,12873,13162,0
2023,Region VIII (EASTERN VISAYAS),San Juan,0,0,0,0,0
2023,Region VIII (EASTERN VISAYAS),Saint Bernard,0,0,0,0,0
2023,Region VIII (EASTERN VISAYAS),Silago,0,0,0,0,0
2023,Region VIII (EASTERN VISAYAS),Sogod,0,0,21390,21390,0
2023,Region VIII (EASTERN VISAYAS),Tomas Oppus,0,0,266,266,0
2023,Region VIII (EASTERN VISAYAS),Others (Southern Leyte),0,0,0,0,0
2023,Region VIII (EASTERN VISAYAS),Tacloban City,9204,826,389494,399524,0
2023,Region IX (ZAMBOANGA PENINSULA),Region IX (ZAMBOANGA PENINSULA),13412,84,1278817,1292313,1
2023,Region IX (ZAMBOANGA PENINSULA),Zamboanga del Norte,11119,17,402982,414118,0
2023,Region IX (ZAMBOANGA PENINSULA),Dapitan City,379,0,91214,91593,0
2023,Region IX (ZAMBOANGA PENINSULA),Dipolog City,10461,9,229531,240001,0
2023,Region IX (ZAMBOANGA PENINSULA),Others,279,8,82237,82524,0
2023,Region IX (ZAMBOANGA PENINSULA),Zamboanga del Sur,106,67,84645,84818,0
2023,Region IX (ZAMBOANGA PENINSULA),Pagadian City,102,0,52159,52261,0
2023,Region IX (ZAMBOANGA PENINSULA),Others,4,67,32486,32557,0
2023,Region IX (ZAMBOANGA PENINSULA),Zamboanga Sibugay,65,0,8612,8677,0
2023,Region IX (ZAMBOANGA PENINSULA),Isabela City de Basilan,8,0,101230,101238,0
2023,Region IX (ZAMBOANGA PENINSULA),Zamboanga City,2114,0,681348,683462,0
2023,Region X (NORTHERN MINDANAO),Region X (NORTHERN MINDANAO),38784,20,2557066,2595870,1
2023,Region X (NORTHERN MINDANAO),Bukidnon,1745,0,527927,529672,0
2023,Region X (NORTHERN MINDANAO),Malaybalay City,1084,0,142618,143702,0
2023,Region X (NORTHERN MINDANAO),Valencia City,236,0,159409,159645,0
2023,Region X (NORTHERN MINDANAO),Others,425,0,225900,226325,0
2023,Region X (NORTHERN MINDANAO),Camiguin,12828,0,246182,259010,0
2023,Region X (NORTHERN MINDANAO),Lanao del Norte,407,0,59536,59943,0
2023,Region X (NORTHERN MINDANAO),Misamis Occidental,787,0,206212,206999,0
2023,Region X (NORTHERN MINDANAO),Ozamis City,682,0,163387,164069,0
2023,Region X (NORTHERN MINDANAO),Tangub City,39,0,15079,15118,0
2023,Region X (NORTHERN MINDANAO),Oroquieta City,30,0,8330,8360,0
2023,Region X (NORTHERN MINDANAO),Others,36,0,19416,19452,0
2023,Region X (NORTHERN MINDANAO),JANUARY,0,0,0,0,0
2023,Region X (NORTHERN MINDANAO),DISTRIBUTION,0,0,0,0,0
2023,Region X (NORTHERN MINDANAO),Misamis Oriental,2354,0,349483,351837,0
2023,Region X (NORTHERN MINDANAO),Gingoog City,389,0,143779,144168,0
2023,Region X (NORTHERN MINDANAO),Others,1965,0,205704,207669,0
2023,Region X (NORTHERN MINDANAO),Cagayan de Oro City,19607,8,774622,794237,0
2023,Region X (NORTHERN MINDANAO),Iligan City,1056,12,393104,394172,0
2023,Region XI (DAVAO REGION),Region XI (DAVAO REGION),93015,10459,3124561,3228035,1
2023,Region XI (DAVAO REGION),Davao De Oro (ComVal),3146,0,521439,524585,0
2023,Region XI (DAVAO REGION),Davao Del Norte,2045,0,368642,370687,0
2023,Region XI (DAVAO REGION),Davao del Sur,14732,0,206887,221619,0
2023,Region XI (DAVAO REGION),Davao Occcidental,1,0,32374,32375,0
2023,Region XI (DAVAO REGION),Davao Oriental,1705,0,785079,786784,0
2023,Region XI (DAVAO REGION),Davao City,71386,10459,1210140,1291985,0
2023,Region XII (SOCCSSARGEN),Region XII (SOCCSSARGEN),5713,2,1632370,1638085,1
2023,Region XII (SOCCSSARGEN),North Cotabato (Cotabato Province),2,2,233120,233124,0
2023,Region XII (SOCCSSARGEN),Kidapawan City,0,0,117395,117395,0
2023,Region XII (SOCCSSARGEN),Others,2,2,115725,115729,0
2023,Region XII (SOCCSSARGEN),Sarangani,36,0,309111,309147,0
2023,Region XII (SOCCSSARGEN),South Cotabato,892,0,392862,393754,0
2023,Region XII (SOCCSSARGEN),Koronadal City,361,0,238628,238989,0
2023,Region XII (SOCCSSARGEN),Others,531,0,154234,154765,0
2023,Region XII (SOCCSSARGEN),Sultan Kudarat,0,0,100563,100563,0
2023,Region XII (SOCCSSARGEN),Tacurong City,0,0,66281,66281,0
2023,Region XII (SOCCSSARGEN),Others,0,0,34282,34282,0
2023,Region XII (SOCCSSARGEN),General Santos City,4783,0,596714,601497,0
2023,Region XIII (CARAGA),Region XIII (CARAGA),63255,0,1396944,1460199,1
2023,Region XIII (CARAGA),Agusan del Norte,236,0,150505,150741,0
2023,Region XIII (CARAGA),Cabadbaran City,236,0,39591,39827,0
2023,Region XIII (CARAGA),Others,0,0,110914,110914,0
2023,Region XIII (CARAGA),Agusan del Sur,349,0,102969,103318,0
2023,Region XIII (CARAGA),Bayugan,129,0,28922,29051,0
2023,Region XIII (CARAGA),Others,220,0,74047,74267,0
2023,Region XIII (CARAGA),Dinagat Islands,682,0,22150,22832,0
2023,Region XIII (CARAGA),Surigao del Norte,56416,0,648155,704571,0
2023,Region XIII (CARAGA),Siargao Islands,53748,0,476074,529822,0
2023,Region XIII (CARAGA),Surigao City,2668,0,167689,170357,0
2023,Region XIII (CARAGA),Others,0,0,4392,4392,0
2023,Region XIII (CARAGA),Surigao del Sur,1143,0,278007,279150,0
2023,Region XIII (CARAGA),Bislig City,402,0,48703,49105,0
2023,Region XIII (CARAGA),Tandag City,285,0,68551,68836,0
2023,Region XIII (CARAGA),Others,456,0,160753,161209,0
2023,Region XIII (CARAGA),Butuan City,4429,0,195158,199587,0
2023,GRAND TOTAL,GRAND TOTAL,6714293,93086,48522595,55329974,1
